-- MySQL dump 10.13  Distrib 5.7.26, for Linux (x86_64)
--
-- Host: localhost    Database: lead_lance
-- ------------------------------------------------------
-- Server version	5.7.26-0ubuntu0.16.04.1

/*!40101 SET @OLD_CHARACTER_SET_CLIENT=@@CHARACTER_SET_CLIENT */;
/*!40101 SET @OLD_CHARACTER_SET_RESULTS=@@CHARACTER_SET_RESULTS */;
/*!40101 SET @OLD_COLLATION_CONNECTION=@@COLLATION_CONNECTION */;
/*!40101 SET NAMES utf8 */;
/*!40103 SET @OLD_TIME_ZONE=@@TIME_ZONE */;
/*!40103 SET TIME_ZONE='+00:00' */;
/*!40014 SET @OLD_UNIQUE_CHECKS=@@UNIQUE_CHECKS, UNIQUE_CHECKS=0 */;
/*!40014 SET @OLD_FOREIGN_KEY_CHECKS=@@FOREIGN_KEY_CHECKS, FOREIGN_KEY_CHECKS=0 */;
/*!40101 SET @OLD_SQL_MODE=@@SQL_MODE, SQL_MODE='NO_AUTO_VALUE_ON_ZERO' */;
/*!40111 SET @OLD_SQL_NOTES=@@SQL_NOTES, SQL_NOTES=0 */;

--
-- Table structure for table `ll_auth_assignment`
--

DROP TABLE IF EXISTS `ll_auth_assignment`;
/*!40101 SET @saved_cs_client     = @@character_set_client */;
/*!40101 SET character_set_client = utf8 */;
CREATE TABLE `ll_auth_assignment` (
  `item_name` varchar(64) COLLATE utf8_unicode_ci NOT NULL,
  `user_id` varchar(64) COLLATE utf8_unicode_ci NOT NULL,
  `created_at` int(11) DEFAULT NULL,
  PRIMARY KEY (`item_name`,`user_id`),
  CONSTRAINT `ll_auth_assignment_ibfk_1` FOREIGN KEY (`item_name`) REFERENCES `ll_auth_item` (`name`)
) ENGINE=InnoDB DEFAULT CHARSET=utf8 COLLATE=utf8_unicode_ci;
/*!40101 SET character_set_client = @saved_cs_client */;

--
-- Dumping data for table `ll_auth_assignment`
--

LOCK TABLES `ll_auth_assignment` WRITE;
/*!40000 ALTER TABLE `ll_auth_assignment` DISABLE KEYS */;
INSERT INTO `ll_auth_assignment` VALUES ('customer','1',1484756678),('customer','19',1488231412),('customer','20',1488231910),('customer','22',1490170880),('customer','26',1490211563),('customer','27',1490211615),('customer','28',1490220589),('customer','29',1490222686),('customer','34',1490224443),('customer','35',1490224458),('customer','54',1499610780),('customer','58',1499611315),('customer','63',1505297246),('customer','65',1505304689),('customer','66',1505304955),('customer','67',1505305408),('customer','68',1505306347),('customer','69',1505306666),('customer','70',1505312789),('executor','18',1488229151),('executor','2',1491929678),('executor','21',1490106741),('executor','23',1490210743),('executor','24',1490210782),('executor','25',1490211337),('executor','3',1501073548),('executor','30',1490222770),('executor','31',1490222868),('executor','32',1490222973),('executor','33',1490223005),('executor','36',1491907001),('executor','37',1491907164),('executor','38',1491907325),('executor','39',1491907413),('executor','40',1491908439),('executor','41',1491908754),('executor','42',1491908801),('executor','43',1491908859),('executor','44',1491911012),('executor','45',1491911054),('executor','46',1491911210),('executor','47',1491911455),('executor','48',1491912384),('executor','53',1491914262),('executor','55',1499610842),('executor','56',1499610995),('executor','57',1499611079),('executor','59',1501069284),('executor','60',1501072721),('executor','61',1501073505),('executor','62',1501073548),('executor','64',1505304572),('moderator','71',1507457085);
/*!40000 ALTER TABLE `ll_auth_assignment` ENABLE KEYS */;
UNLOCK TABLES;

--
-- Table structure for table `ll_auth_item`
--

DROP TABLE IF EXISTS `ll_auth_item`;
/*!40101 SET @saved_cs_client     = @@character_set_client */;
/*!40101 SET character_set_client = utf8 */;
CREATE TABLE `ll_auth_item` (
  `name` varchar(64) COLLATE utf8_unicode_ci NOT NULL,
  `type` int(11) NOT NULL,
  `description` text COLLATE utf8_unicode_ci,
  `rule_name` varchar(64) COLLATE utf8_unicode_ci DEFAULT NULL,
  `data` text COLLATE utf8_unicode_ci,
  `created_at` int(11) DEFAULT NULL,
  `updated_at` int(11) DEFAULT NULL,
  PRIMARY KEY (`name`),
  KEY `rule_name` (`rule_name`),
  KEY `idx-auth_item-type` (`type`),
  CONSTRAINT `ll_auth_item_ibfk_1` FOREIGN KEY (`rule_name`) REFERENCES `ll_auth_rule` (`name`)
) ENGINE=InnoDB DEFAULT CHARSET=utf8 COLLATE=utf8_unicode_ci;
/*!40101 SET character_set_client = @saved_cs_client */;

--
-- Dumping data for table `ll_auth_item`
--

LOCK TABLES `ll_auth_item` WRITE;
/*!40000 ALTER TABLE `ll_auth_item` DISABLE KEYS */;
INSERT INTO `ll_auth_item` VALUES ('admin',1,'admin',NULL,NULL,1482328642,1501848195),('backend_project-type_index',2,'View list project types',NULL,NULL,1482329731,1482329731),('backend_traffic-type_index',2,'View traffic types list',NULL,NULL,1482329760,1482329760),('common',1,'Grant access common permissions for customers and executors',NULL,NULL,1491567595,1516692299),('customer',1,'customer role',NULL,NULL,1484753283,1506159112),('executor',1,'executor role',NULL,NULL,1488229107,1502288154),('frontend_case_index',2,'Allow view list cases',NULL,NULL,1497965569,1497965569),('frontend_message_create',2,'Allow start or continue conversation with other user','UserHaveProRule',NULL,1491569013,1492971162),('frontend_message_get-user-info',2,'Provide user info through ajax',NULL,NULL,1499270416,1499270416),('frontend_message_index',2,'Allow view all messages associated with this user',NULL,NULL,1491457331,1491457331),('frontend_news_index',2,'allow to view news',NULL,NULL,1516692283,1516692283),('frontend_order_collocutors-leave-response',2,'Allow collocutors (customer or executor) to leave a review after order has been closed',NULL,NULL,1502288457,1502288457),('frontend_order_create',2,'allows customers to create orders',NULL,NULL,1484753329,1484753329),('frontend_order_customer-accept-part-work',2,'Allow customer to accept part work',NULL,NULL,1502287793,1502287793),('frontend_order_customer-accept-work-and-leave-review',2,'Allow customer to accept work',NULL,NULL,1502287600,1502287600),('frontend_order_customer-decline-accept-work',2,'Allow customer to decline accept work',NULL,NULL,1502287935,1502287935),('frontend_order_customer-open-disput',2,'Allow customer to open disput',NULL,NULL,1502287705,1502287705),('frontend_order_customer-refuse-order',2,'Allow customer to refuse order after creating order',NULL,NULL,1506159051,1506159051),('frontend_order_executor-accept-order-to-execute',2,'allow executor to accep order',NULL,NULL,1502284512,1502284512),('frontend_order_executor-agreed-and-leave-review',2,'Allow executor to agree with customer',NULL,NULL,1502288049,1502288049),('frontend_order_executor-open-disput',2,'Allow executor to open disput',NULL,NULL,1502288130,1502288130),('frontend_order_executor-refuse-execute-order',2,'Allow executor to refuse order',NULL,NULL,1502284390,1502284390),('frontend_order_order-message-send',2,'Allow send message though AJAX',NULL,NULL,1502701554,1502701554),('frontend_order_update',2,'Allow update order',NULL,NULL,1503078194,1503078194),('frontend_order_validate-order-message-form',2,'Allow validate order message form through AJAX',NULL,NULL,1502699924,1502699924),('frontend_order_view',2,'allow view order',NULL,NULL,1502106141,1502106141),('frontend_order_winner-leave-response',2,'Allow winner (customer or executor) to leave a response after a disput has been closed',NULL,NULL,1502288300,1502288300),('frontend_order_work-is-done-by-executor',2,'Allow executor notify that work is done',NULL,NULL,1502287412,1502287412),('frontend_profile_case-view',2,'Allow view case',NULL,NULL,1497654171,1497654171),('frontend_profile_cases',2,'View profile cases',NULL,NULL,1486379005,1486379005),('frontend_profile_change-password',2,'Allow change password through ajax',NULL,NULL,1496302717,1496302717),('frontend_profile_check-email',2,'Allow to send confirmation email',NULL,NULL,1496060322,1496060322),('frontend_profile_confirm-email',2,'Allow email confirmation on profile page',NULL,NULL,1496077900,1496077900),('frontend_profile_create-case',2,'Allow create case',NULL,NULL,1486131950,1497413162),('frontend_profile_delete-case',2,'Allow delete case',NULL,NULL,1497415661,1497415661),('frontend_profile_delete-profile',2,'Allow delete profile through ajax',NULL,NULL,1496581363,1496581363),('frontend_profile_get-city-list',2,'Allow get city list through ajax',NULL,NULL,1496229576,1496229576),('frontend_profile_get-order-reviews',2,'Allow to get order reviews through AJAX',NULL,NULL,1506514396,1506514396),('frontend_profile_image-upload',2,'Allow upload image (for imperavi editor ext)',NULL,NULL,1497175303,1497175303),('frontend_profile_images-get',2,'Allow get image (for imperavi editor ext)',NULL,NULL,1497175212,1497175212),('frontend_profile_index',2,'allow view profile',NULL,NULL,1485607492,1485607492),('frontend_profile_phone-e164',2,'Return correct phone through ajax',NULL,NULL,1486814180,1486814180),('frontend_profile_preview-image-delete',2,'Allow delete profile case preview image',NULL,NULL,1497543918,1497543918),('frontend_profile_save-private',2,'Allow ajax based saving personal info',NULL,NULL,1487023664,1487023664),('frontend_profile_upload-case-preview-image',2,'Allow upload case preview image',NULL,NULL,1497515085,1497515085),('frontend_profile_validate-phone',2,'Allow phone validation through ajax',NULL,NULL,1486811637,1486811637),('frontend_project_index',2,'Allow view list of projects',NULL,NULL,1495286807,1495286807),('frontend_project_publish',2,'Allow publish project',NULL,NULL,1499885423,1499885423),('frontend_project_refuse',2,'Allow to refuse from project or deny to execute by executor or customer',NULL,NULL,1500653212,1500653212),('frontend_project_respond-project',2,'Allow respond to project',NULL,NULL,1501002871,1501002871),('frontend_project_set-project-messages-status-received',2,'Allow update status for project messages to received',NULL,NULL,1501002731,1501623116),('frontend_project_unpublish',2,'Allow unpublish project',NULL,NULL,1499873421,1499882084),('frontend_project_view-offers',2,'Allow view offers by project',NULL,NULL,1501002997,1501002997),('frontend_registration_validate-form',2,'Allow validate registration form through ajax',NULL,NULL,1488209482,1488209482),('frontend_user-list_index',2,'Allow view users list',NULL,NULL,1496690746,1496691782),('frontend_users_get-info',2,'Allow get info about user through AJAX',NULL,NULL,1504365590,1504367029),('HasPro',2,'User has pro account','UserHaveProRule',NULL,1494761566,1494761628),('IsOwnThisEntity',2,'Allow user to process (delete, update, e.t.c.) own early created model','AuthorRule',NULL,1497418273,1499880807),('moderator',1,'moderator',NULL,NULL,1482328681,1507457789),('OfferOrder',2,'Allow offer to do order','UserHaveProRule',NULL,1491928507,1491932388),('SeePersonalInfo',2,'Allow view personal info of other user','UserHaveProRule',NULL,1491930696,1491930696),('SendPrivateMessage',2,'Allow send private message to other user','UserHaveProRule',NULL,1491925247,1491925247);
/*!40000 ALTER TABLE `ll_auth_item` ENABLE KEYS */;
UNLOCK TABLES;

--
-- Table structure for table `ll_auth_item_child`
--

DROP TABLE IF EXISTS `ll_auth_item_child`;
/*!40101 SET @saved_cs_client     = @@character_set_client */;
/*!40101 SET character_set_client = utf8 */;
CREATE TABLE `ll_auth_item_child` (
  `parent` varchar(64) COLLATE utf8_unicode_ci NOT NULL,
  `child` varchar(64) COLLATE utf8_unicode_ci NOT NULL,
  PRIMARY KEY (`parent`,`child`),
  KEY `child` (`child`),
  CONSTRAINT `ll_auth_item_child_ibfk_1` FOREIGN KEY (`parent`) REFERENCES `ll_auth_item` (`name`),
  CONSTRAINT `ll_auth_item_child_ibfk_2` FOREIGN KEY (`child`) REFERENCES `ll_auth_item` (`name`)
) ENGINE=InnoDB DEFAULT CHARSET=utf8 COLLATE=utf8_unicode_ci;
/*!40101 SET character_set_client = @saved_cs_client */;

--
-- Dumping data for table `ll_auth_item_child`
--

LOCK TABLES `ll_auth_item_child` WRITE;
/*!40000 ALTER TABLE `ll_auth_item_child` DISABLE KEYS */;
INSERT INTO `ll_auth_item_child` VALUES ('moderator','backend_project-type_index'),('moderator','backend_traffic-type_index'),('admin','common'),('customer','common'),('executor','common'),('admin','customer'),('common','frontend_case_index'),('customer','frontend_case_index'),('common','frontend_message_create'),('common','frontend_message_get-user-info'),('common','frontend_message_index'),('moderator','frontend_message_index'),('common','frontend_news_index'),('common','frontend_order_collocutors-leave-response'),('customer','frontend_order_create'),('customer','frontend_order_customer-accept-part-work'),('customer','frontend_order_customer-accept-work-and-leave-review'),('customer','frontend_order_customer-decline-accept-work'),('customer','frontend_order_customer-open-disput'),('customer','frontend_order_customer-refuse-order'),('executor','frontend_order_executor-accept-order-to-execute'),('executor','frontend_order_executor-agreed-and-leave-review'),('executor','frontend_order_executor-open-disput'),('executor','frontend_order_executor-refuse-execute-order'),('common','frontend_order_order-message-send'),('customer','frontend_order_update'),('common','frontend_order_validate-order-message-form'),('common','frontend_order_view'),('common','frontend_order_winner-leave-response'),('executor','frontend_order_work-is-done-by-executor'),('common','frontend_profile_case-view'),('customer','frontend_profile_cases'),('executor','frontend_profile_cases'),('moderator','frontend_profile_cases'),('common','frontend_profile_change-password'),('common','frontend_profile_check-email'),('common','frontend_profile_confirm-email'),('customer','frontend_profile_create-case'),('executor','frontend_profile_create-case'),('executor','frontend_profile_delete-case'),('common','frontend_profile_delete-profile'),('common','frontend_profile_get-city-list'),('common','frontend_profile_get-order-reviews'),('executor','frontend_profile_image-upload'),('executor','frontend_profile_images-get'),('common','frontend_profile_index'),('customer','frontend_profile_index'),('executor','frontend_profile_index'),('moderator','frontend_profile_index'),('common','frontend_profile_phone-e164'),('customer','frontend_profile_phone-e164'),('executor','frontend_profile_preview-image-delete'),('customer','frontend_profile_save-private'),('executor','frontend_profile_save-private'),('executor','frontend_profile_upload-case-preview-image'),('customer','frontend_profile_validate-phone'),('common','frontend_project_index'),('moderator','frontend_project_index'),('customer','frontend_project_publish'),('common','frontend_project_refuse'),('executor','frontend_project_respond-project'),('common','frontend_project_set-project-messages-status-received'),('customer','frontend_project_unpublish'),('customer','frontend_project_view-offers'),('moderator','frontend_project_view-offers'),('customer','frontend_registration_validate-form'),('common','frontend_user-list_index'),('common','frontend_users_get-info'),('common','IsOwnThisEntity'),('admin','moderator'),('customer','OfferOrder'),('common','SeePersonalInfo'),('common','SendPrivateMessage');
/*!40000 ALTER TABLE `ll_auth_item_child` ENABLE KEYS */;
UNLOCK TABLES;

--
-- Table structure for table `ll_auth_rule`
--

DROP TABLE IF EXISTS `ll_auth_rule`;
/*!40101 SET @saved_cs_client     = @@character_set_client */;
/*!40101 SET character_set_client = utf8 */;
CREATE TABLE `ll_auth_rule` (
  `name` varchar(64) COLLATE utf8_unicode_ci NOT NULL,
  `data` text COLLATE utf8_unicode_ci,
  `created_at` int(11) DEFAULT NULL,
  `updated_at` int(11) DEFAULT NULL,
  PRIMARY KEY (`name`)
) ENGINE=InnoDB DEFAULT CHARSET=utf8 COLLATE=utf8_unicode_ci;
/*!40101 SET character_set_client = @saved_cs_client */;

--
-- Dumping data for table `ll_auth_rule`
--

LOCK TABLES `ll_auth_rule` WRITE;
/*!40000 ALTER TABLE `ll_auth_rule` DISABLE KEYS */;
INSERT INTO `ll_auth_rule` VALUES ('AuthorRule','O:24:\"frontend\\rbac\\AuthorRule\":3:{s:4:\"name\";s:10:\"AuthorRule\";s:9:\"createdAt\";i:1497417167;s:9:\"updatedAt\";i:1497417167;}',1497417167,1497417167),('UserHaveProRule','O:29:\"frontend\\rbac\\UserHaveProRule\":3:{s:4:\"name\";s:15:\"UserHaveProRule\";s:9:\"createdAt\";i:1491920621;s:9:\"updatedAt\";i:1491920621;}',1491920621,1491920621);
/*!40000 ALTER TABLE `ll_auth_rule` ENABLE KEYS */;
UNLOCK TABLES;

--
-- Table structure for table `ll_batch`
--

DROP TABLE IF EXISTS `ll_batch`;
/*!40101 SET @saved_cs_client     = @@character_set_client */;
/*!40101 SET character_set_client = utf8 */;
CREATE TABLE `ll_batch` (
  `id` int(11) NOT NULL AUTO_INCREMENT,
  `entity_id` int(11) DEFAULT NULL,
  `entity_type` smallint(6) NOT NULL DEFAULT '0',
  `owner_id` int(11) DEFAULT NULL,
  `created_at` datetime DEFAULT NULL,
  `updated_at` datetime DEFAULT NULL,
  PRIMARY KEY (`id`)
) ENGINE=InnoDB AUTO_INCREMENT=246 DEFAULT CHARSET=utf8 COLLATE=utf8_unicode_ci;
/*!40101 SET character_set_client = @saved_cs_client */;

--
-- Dumping data for table `ll_batch`
--

LOCK TABLES `ll_batch` WRITE;
/*!40000 ALTER TABLE `ll_batch` DISABLE KEYS */;
INSERT INTO `ll_batch` VALUES (1,NULL,1,NULL,NULL,NULL),(2,NULL,1,NULL,NULL,NULL),(3,NULL,1,1,NULL,NULL),(4,NULL,2,1,'2017-03-15 15:58:28','2017-03-15 15:58:28'),(5,NULL,2,1,'2017-03-15 15:59:27','2017-03-15 15:59:27'),(6,NULL,2,1,'2017-03-15 15:59:54','2017-03-15 15:59:54'),(7,NULL,2,1,'2017-03-15 16:01:12','2017-03-15 16:01:12'),(8,NULL,2,1,'2017-03-15 16:05:54','2017-03-15 16:05:54'),(9,3,2,1,'2017-03-15 16:06:51','2017-03-15 16:06:51'),(10,NULL,2,1,'2017-03-16 09:13:34','2017-03-16 09:13:34'),(11,7,2,1,'2017-03-16 09:23:43','2017-03-16 09:23:43'),(12,8,2,1,'2017-03-16 09:25:09','2017-03-16 09:25:09'),(13,NULL,3,1,'2017-04-09 12:52:44','2017-04-09 12:52:44'),(14,28,3,1,'2017-04-09 12:59:27','2017-04-09 12:59:27'),(15,29,3,1,'2017-04-09 13:00:27','2017-04-09 13:00:27'),(16,NULL,3,1,'2017-04-09 13:36:48','2017-04-09 13:36:48'),(17,NULL,3,1,'2017-04-09 13:53:30','2017-04-09 13:53:30'),(18,30,3,1,'2017-04-09 13:53:44','2017-04-09 13:53:44'),(19,NULL,1,NULL,'2017-05-11 12:08:15','2017-05-11 12:08:15'),(20,NULL,1,NULL,'2017-05-11 12:12:24','2017-05-11 12:12:24'),(21,NULL,1,NULL,'2017-05-11 12:15:04','2017-05-11 12:15:04'),(22,NULL,1,NULL,'2017-05-11 12:31:44','2017-05-11 12:31:44'),(23,NULL,1,NULL,'2017-05-11 12:35:39','2017-05-11 12:35:39'),(24,NULL,1,NULL,'2017-05-11 12:37:12','2017-05-11 12:37:12'),(25,NULL,1,NULL,'2017-05-11 12:53:57','2017-05-11 12:53:57'),(26,NULL,1,NULL,'2017-05-11 12:54:51','2017-05-11 12:54:51'),(27,NULL,1,NULL,'2017-05-11 12:55:59','2017-05-11 12:55:59'),(28,NULL,1,NULL,'2017-05-11 12:56:10','2017-05-11 12:56:10'),(29,NULL,1,NULL,'2017-05-11 13:15:22','2017-05-11 13:15:22'),(30,NULL,1,NULL,'2017-05-11 13:22:35','2017-05-11 13:22:35'),(31,NULL,1,NULL,'2017-05-11 13:29:18','2017-05-11 13:29:18'),(32,36,3,1,'2017-05-26 18:43:40','2017-05-26 18:43:40'),(33,NULL,1,1,'2017-06-05 06:55:49','2017-06-05 06:55:49'),(34,NULL,1,1,'2017-06-05 08:36:52','2017-06-05 08:36:52'),(35,105,3,1,'2017-07-05 17:53:48','2017-07-05 17:53:48'),(36,107,3,2,'2017-07-05 17:55:06','2017-07-05 17:55:06'),(37,108,3,2,'2017-07-05 17:55:57','2017-07-05 17:55:57'),(38,109,3,2,'2017-07-05 17:56:41','2017-07-05 17:56:41'),(39,110,3,2,'2017-07-05 17:56:52','2017-07-05 17:56:52'),(52,53,4,2,'2017-07-15 17:47:32','2017-07-15 17:47:32'),(53,NULL,4,1,'2017-07-16 11:34:55','2017-07-16 11:34:55'),(54,NULL,4,1,'2017-07-16 11:57:28','2017-07-16 11:57:28'),(55,NULL,4,1,'2017-07-16 12:07:49','2017-07-16 12:07:49'),(56,NULL,4,1,'2017-07-16 12:10:20','2017-07-16 12:10:20'),(57,NULL,4,1,'2017-07-16 12:10:50','2017-07-16 12:10:50'),(58,NULL,4,1,'2017-07-16 12:12:27','2017-07-16 12:12:27'),(59,60,4,1,'2017-07-16 12:16:11','2017-07-16 12:16:11'),(60,61,4,1,'2017-07-16 12:23:16','2017-07-16 12:23:16'),(61,NULL,4,1,'2017-07-16 12:24:48','2017-07-16 12:24:48'),(62,NULL,4,1,'2017-07-16 12:56:48','2017-07-16 12:56:48'),(63,NULL,4,1,'2017-07-16 12:57:26','2017-07-16 12:57:26'),(64,NULL,4,1,'2017-07-16 13:05:43','2017-07-16 13:05:43'),(65,NULL,4,1,'2017-07-16 13:06:16','2017-07-16 13:06:16'),(66,NULL,4,1,'2017-07-16 13:06:52','2017-07-16 13:06:52'),(67,NULL,4,1,'2017-07-16 13:07:34','2017-07-16 13:07:34'),(68,62,4,1,'2017-07-16 13:58:57','2017-07-16 13:58:57'),(69,NULL,4,1,'2017-07-16 14:04:45','2017-07-16 14:04:45'),(70,NULL,4,1,'2017-07-16 14:08:41','2017-07-16 14:08:41'),(71,NULL,4,1,'2017-07-16 14:09:03','2017-07-16 14:09:03'),(72,NULL,4,1,'2017-07-16 14:10:35','2017-07-16 14:10:35'),(73,NULL,4,1,'2017-07-16 14:16:43','2017-07-16 14:16:43'),(74,NULL,4,1,'2017-07-16 14:16:55','2017-07-16 14:16:55'),(75,NULL,4,1,'2017-07-16 14:17:34','2017-07-16 14:17:34'),(76,NULL,4,1,'2017-07-16 14:40:02','2017-07-16 14:40:02'),(77,NULL,4,1,'2017-07-16 14:41:54','2017-07-16 14:41:54'),(78,NULL,4,1,'2017-07-16 14:42:29','2017-07-16 14:42:29'),(79,NULL,4,1,'2017-07-16 15:16:51','2017-07-16 15:16:51'),(80,NULL,4,1,'2017-07-16 15:18:51','2017-07-16 15:18:51'),(81,NULL,4,1,'2017-07-16 15:37:21','2017-07-16 15:37:21'),(82,NULL,4,1,'2017-07-16 15:38:18','2017-07-16 15:38:18'),(83,NULL,4,1,'2017-07-16 15:47:59','2017-07-16 15:47:59'),(84,NULL,4,1,'2017-07-16 15:49:29','2017-07-16 15:49:29'),(85,NULL,4,1,'2017-07-16 15:49:47','2017-07-16 15:49:47'),(86,NULL,4,1,'2017-07-16 15:51:58','2017-07-16 15:51:58'),(87,NULL,4,1,'2017-07-16 15:53:41','2017-07-16 15:53:41'),(88,NULL,4,1,'2017-07-16 15:55:40','2017-07-16 15:55:40'),(89,NULL,4,1,'2017-07-16 15:56:00','2017-07-16 15:56:00'),(90,NULL,4,1,'2017-07-16 16:25:36','2017-07-16 16:25:36'),(91,NULL,4,1,'2017-07-16 16:26:59','2017-07-16 16:26:59'),(92,NULL,4,1,'2017-07-16 16:29:25','2017-07-16 16:29:25'),(93,NULL,4,1,'2017-07-16 16:30:04','2017-07-16 16:30:04'),(94,NULL,4,1,'2017-07-16 16:30:35','2017-07-16 16:30:35'),(95,NULL,4,1,'2017-07-16 16:31:44','2017-07-16 16:31:44'),(96,NULL,4,1,'2017-07-16 16:32:11','2017-07-16 16:32:11'),(97,NULL,4,1,'2017-07-16 16:34:09','2017-07-16 16:34:09'),(98,NULL,4,1,'2017-07-16 16:34:33','2017-07-16 16:34:33'),(99,NULL,4,1,'2017-07-16 16:34:56','2017-07-16 16:34:56'),(100,NULL,4,1,'2017-07-16 16:36:38','2017-07-16 16:36:38'),(101,63,4,1,'2017-07-16 16:37:21','2017-07-16 16:37:21'),(102,64,4,3,'2017-07-16 16:40:10','2017-07-16 16:40:10'),(103,65,4,1,'2017-07-16 16:40:38','2017-07-16 16:40:38'),(104,66,4,1,'2017-07-16 16:51:30','2017-07-16 16:51:30'),(105,67,4,1,'2017-07-16 16:51:49','2017-07-16 16:51:49'),(106,69,4,1,'2017-07-16 16:53:11','2017-07-16 16:53:11'),(107,70,4,1,'2017-07-16 16:59:51','2017-07-16 16:59:51'),(108,71,4,1,'2017-07-16 17:02:16','2017-07-16 17:02:16'),(109,NULL,4,1,'2017-07-16 17:03:41','2017-07-16 17:03:41'),(110,NULL,4,1,'2017-07-16 17:05:07','2017-07-16 17:05:07'),(111,NULL,4,1,'2017-07-16 17:05:09','2017-07-16 17:05:09'),(112,NULL,4,1,'2017-07-16 17:28:59','2017-07-16 17:28:59'),(113,NULL,4,1,'2017-07-16 17:29:07','2017-07-16 17:29:07'),(114,NULL,4,1,'2017-07-16 18:02:39','2017-07-16 18:02:39'),(115,NULL,4,1,'2017-07-16 18:08:26','2017-07-16 18:08:26'),(116,NULL,4,1,'2017-07-16 19:49:39','2017-07-16 19:49:39'),(117,NULL,4,1,'2017-07-16 19:50:57','2017-07-16 19:50:57'),(118,NULL,4,1,'2017-07-16 19:55:25','2017-07-16 19:55:25'),(119,NULL,4,1,'2017-07-16 20:00:13','2017-07-16 20:00:13'),(120,NULL,4,1,'2017-07-16 20:02:11','2017-07-16 20:02:11'),(121,NULL,4,1,'2017-07-16 20:03:59','2017-07-16 20:03:59'),(122,NULL,4,1,'2017-07-16 20:18:33','2017-07-16 20:18:33'),(123,NULL,4,1,'2017-07-16 20:23:40','2017-07-16 20:23:40'),(124,NULL,4,1,'2017-07-16 20:44:43','2017-07-16 20:44:43'),(125,NULL,4,1,'2017-07-16 20:56:07','2017-07-16 20:56:07'),(126,NULL,4,1,'2017-07-16 20:56:19','2017-07-16 20:56:19'),(127,NULL,4,1,'2017-07-16 20:56:44','2017-07-16 20:56:44'),(128,NULL,4,1,'2017-07-16 20:56:54','2017-07-16 20:56:54'),(129,NULL,4,1,'2017-07-16 21:04:51','2017-07-16 21:04:51'),(130,NULL,4,1,'2017-07-16 21:05:30','2017-07-16 21:05:30'),(131,NULL,4,1,'2017-07-16 21:07:16','2017-07-16 21:07:16'),(132,NULL,4,1,'2017-07-16 21:07:45','2017-07-16 21:07:45'),(133,NULL,4,1,'2017-07-16 21:09:51','2017-07-16 21:09:51'),(134,NULL,4,1,'2017-07-16 21:18:13','2017-07-16 21:18:13'),(135,NULL,4,1,'2017-07-16 21:22:31','2017-07-16 21:22:31'),(136,NULL,4,1,'2017-07-16 21:24:23','2017-07-16 21:24:23'),(137,NULL,4,1,'2017-07-16 21:25:56','2017-07-16 21:25:56'),(138,NULL,4,1,'2017-07-17 09:02:20','2017-07-17 09:02:20'),(139,75,4,1,'2017-07-17 09:11:19','2017-07-17 09:11:19'),(140,76,4,1,'2017-07-17 09:13:32','2017-07-17 09:13:32'),(141,77,4,1,'2017-07-17 09:13:51','2017-07-17 09:13:51'),(142,78,4,1,'2017-07-17 09:26:05','2017-07-17 09:26:05'),(143,80,4,3,'2017-07-17 09:28:40','2017-07-17 09:28:40'),(144,81,4,1,'2017-07-17 09:31:18','2017-07-17 09:31:18'),(145,82,4,1,'2017-07-17 09:31:51','2017-07-17 09:31:51'),(146,35,3,2,'2017-07-17 17:14:23','2017-07-17 17:14:23'),(147,39,3,2,'2017-07-17 17:15:38','2017-07-17 17:15:38'),(148,NULL,1,1,'2017-07-17 17:16:11','2017-07-17 17:16:11'),(149,1,1,1,'2017-07-17 17:16:35','2017-07-17 17:16:35'),(150,126,4,2,'2017-07-19 18:56:16','2017-07-19 18:56:16'),(151,NULL,4,2,'2017-07-20 11:59:21','2017-07-20 11:59:21'),(152,NULL,4,3,'2017-07-25 10:51:21','2017-07-25 10:51:21'),(153,NULL,4,3,'2017-07-25 10:53:29','2017-07-25 10:53:29'),(154,228,4,2,'2017-07-25 17:36:52','2017-07-25 17:36:52'),(155,229,4,1,'2017-07-25 17:37:20','2017-07-25 17:37:20'),(156,230,4,1,'2017-07-25 17:37:35','2017-07-25 17:37:35'),(157,231,4,1,'2017-07-25 17:37:57','2017-07-25 17:37:57'),(158,234,4,1,'2017-07-26 09:48:35','2017-07-26 09:48:35'),(159,235,4,2,'2017-07-26 09:58:09','2017-07-26 09:58:09'),(160,236,4,2,'2017-07-26 09:58:25','2017-07-26 09:58:25'),(161,NULL,4,1,'2017-07-26 10:44:23','2017-07-26 10:44:23'),(162,237,4,1,'2017-07-26 10:44:47','2017-07-26 10:44:47'),(163,238,4,1,'2017-07-26 10:45:09','2017-07-26 10:45:09'),(164,239,4,1,'2017-07-26 10:46:15','2017-07-26 10:46:15'),(165,NULL,4,1,'2017-07-27 15:01:33','2017-07-27 15:01:33'),(166,319,4,1,'2017-07-27 15:02:20','2017-07-27 15:02:20'),(167,NULL,4,1,'2017-07-27 15:02:33','2017-07-27 15:02:33'),(168,NULL,4,1,'2017-07-27 15:02:52','2017-07-27 15:02:52'),(169,NULL,4,1,'2017-07-27 15:03:22','2017-07-27 15:03:22'),(170,NULL,4,1,'2017-07-27 15:03:45','2017-07-27 15:03:45'),(171,NULL,1,1,'2017-08-02 13:08:13','2017-08-02 13:08:13'),(172,NULL,1,1,'2017-08-02 13:30:37','2017-08-02 13:30:37'),(173,NULL,1,1,'2017-08-02 13:30:52','2017-08-02 13:30:52'),(174,NULL,1,1,'2017-08-02 13:38:37','2017-08-02 13:38:37'),(175,NULL,1,1,'2017-08-02 13:41:36','2017-08-02 13:41:36'),(176,NULL,1,1,'2017-08-02 13:56:04','2017-08-02 13:56:04'),(177,NULL,1,1,'2017-08-02 13:58:23','2017-08-02 13:58:23'),(178,NULL,1,1,'2017-08-02 13:59:20','2017-08-02 13:59:20'),(179,NULL,1,1,'2017-08-02 14:06:07','2017-08-02 14:06:07'),(180,NULL,1,1,'2017-08-02 14:28:03','2017-08-02 14:28:03'),(181,NULL,1,1,'2017-08-02 14:32:07','2017-08-02 14:32:07'),(189,NULL,1,1,'2017-08-02 14:50:02','2017-08-02 14:50:02'),(191,NULL,1,1,'2017-08-02 14:56:33','2017-08-02 14:56:33'),(192,NULL,1,1,'2017-08-02 15:05:56','2017-08-02 15:05:56'),(193,2,1,1,'2017-08-02 15:06:16','2017-08-02 15:06:16'),(194,411,4,2,'2017-08-03 07:46:24','2017-08-03 07:46:24'),(195,16,1,1,'2017-08-03 08:07:48','2017-08-03 08:07:48'),(196,17,1,1,'2017-08-03 08:10:01','2017-08-03 08:10:01'),(197,412,4,2,'2017-08-03 09:21:24','2017-08-03 09:21:24'),(198,NULL,2,1,'2017-08-06 18:48:24','2017-08-06 18:48:24'),(199,48,4,1,'2017-08-15 10:29:58','2017-08-15 10:29:58'),(200,49,5,1,'2017-08-15 11:31:11','2017-08-15 11:31:11'),(201,50,5,1,'2017-08-15 12:15:20','2017-08-15 12:15:20'),(202,54,5,1,'2017-08-15 12:29:04','2017-08-15 12:29:04'),(203,57,5,1,'2017-08-15 12:30:26','2017-08-15 12:30:26'),(204,58,5,1,'2017-08-15 13:23:39','2017-08-15 13:23:39'),(205,60,5,1,'2017-08-15 13:24:20','2017-08-15 13:24:20'),(206,61,5,1,'2017-08-15 13:26:18','2017-08-15 13:26:18'),(207,62,5,1,'2017-08-15 13:36:04','2017-08-15 13:36:04'),(208,63,5,1,'2017-08-15 13:36:38','2017-08-15 13:36:38'),(209,64,5,1,'2017-08-15 13:37:02','2017-08-15 13:37:02'),(210,65,5,1,'2017-08-15 13:37:33','2017-08-15 13:37:33'),(211,66,5,1,'2017-08-15 13:38:38','2017-08-15 13:38:38'),(212,68,5,1,'2017-08-15 13:41:13','2017-08-15 13:41:13'),(213,69,5,1,'2017-08-15 14:25:03','2017-08-15 14:25:03'),(214,70,5,1,'2017-08-15 14:36:47','2017-08-15 14:36:47'),(215,71,5,1,'2017-08-15 14:37:49','2017-08-15 14:37:49'),(216,77,5,1,'2017-08-15 14:43:17','2017-08-15 14:43:17'),(217,79,5,1,'2017-08-15 14:43:37','2017-08-15 14:43:37'),(218,80,5,1,'2017-08-15 14:43:50','2017-08-15 14:43:50'),(219,81,5,1,'2017-08-15 14:44:36','2017-08-15 14:44:36'),(220,82,5,1,'2017-08-15 14:46:08','2017-08-15 14:46:08'),(221,83,5,1,'2017-08-15 14:46:24','2017-08-15 14:46:24'),(222,84,5,1,'2017-08-15 14:46:56','2017-08-15 14:46:56'),(223,86,5,1,'2017-08-15 14:50:29','2017-08-15 14:50:29'),(224,87,5,1,'2017-08-15 14:51:02','2017-08-15 14:51:02'),(225,88,5,1,'2017-08-15 14:53:49','2017-08-15 14:53:49'),(226,89,5,1,'2017-08-15 14:54:19','2017-08-15 14:54:19'),(227,90,5,1,'2017-08-15 14:54:29','2017-08-15 14:54:29'),(228,91,5,1,'2017-08-15 14:54:53','2017-08-15 14:54:53'),(229,92,5,1,'2017-08-15 15:13:18','2017-08-15 15:13:18'),(230,94,5,1,'2017-08-15 15:14:08','2017-08-15 15:14:08'),(231,96,5,1,'2017-08-15 15:19:19','2017-08-15 15:19:19'),(232,98,5,1,'2017-08-15 15:20:15','2017-08-15 15:20:15'),(233,NULL,5,1,'2017-08-15 15:27:45','2017-08-15 15:27:45'),(234,100,5,1,'2017-08-15 15:42:34','2017-08-15 15:42:34'),(235,102,5,1,'2017-08-15 15:44:45','2017-08-15 15:44:45'),(236,104,5,1,'2017-08-15 15:46:16','2017-08-15 15:46:16'),(237,105,5,1,'2017-08-15 15:46:24','2017-08-15 15:46:24'),(238,106,5,1,'2017-08-15 15:46:32','2017-08-15 15:46:32'),(239,107,5,1,'2017-08-15 15:57:27','2017-08-15 15:57:27'),(240,108,5,1,'2017-08-15 15:57:32','2017-08-15 15:57:32'),(241,111,5,1,'2017-08-16 17:11:28','2017-08-16 17:11:28'),(242,NULL,5,1,'2017-08-16 17:11:40','2017-08-16 17:11:40'),(243,120,5,1,'2017-08-17 14:49:03','2017-08-17 14:49:03'),(244,123,5,1,'2017-08-17 14:49:26','2017-08-17 14:49:26'),(245,126,5,1,'2017-08-17 20:56:52','2017-08-17 20:56:52');
/*!40000 ALTER TABLE `ll_batch` ENABLE KEYS */;
UNLOCK TABLES;

--
-- Table structure for table `ll_change_request`
--

DROP TABLE IF EXISTS `ll_change_request`;
/*!40101 SET @saved_cs_client     = @@character_set_client */;
/*!40101 SET character_set_client = utf8 */;
CREATE TABLE `ll_change_request` (
  `id` int(11) NOT NULL AUTO_INCREMENT,
  `code` varchar(255) COLLATE utf8_unicode_ci NOT NULL,
  `attribute` varchar(255) COLLATE utf8_unicode_ci DEFAULT NULL,
  `value` varchar(255) COLLATE utf8_unicode_ci DEFAULT NULL,
  `lifetime` int(11) NOT NULL,
  `created_at` datetime DEFAULT NULL,
  `updated_at` datetime DEFAULT NULL,
  `status` tinyint(1) NOT NULL DEFAULT '0',
  PRIMARY KEY (`id`)
) ENGINE=InnoDB DEFAULT CHARSET=utf8 COLLATE=utf8_unicode_ci;
/*!40101 SET character_set_client = @saved_cs_client */;

--
-- Dumping data for table `ll_change_request`
--

LOCK TABLES `ll_change_request` WRITE;
/*!40000 ALTER TABLE `ll_change_request` DISABLE KEYS */;
/*!40000 ALTER TABLE `ll_change_request` ENABLE KEYS */;
UNLOCK TABLES;

--
-- Table structure for table `ll_change_value`
--

DROP TABLE IF EXISTS `ll_change_value`;
/*!40101 SET @saved_cs_client     = @@character_set_client */;
/*!40101 SET character_set_client = utf8 */;
CREATE TABLE `ll_change_value` (
  `id` int(11) NOT NULL AUTO_INCREMENT,
  `guid` varchar(255) COLLATE utf8_unicode_ci DEFAULT NULL,
  `one_time` tinyint(1) DEFAULT NULL,
  `lifetime` int(11) DEFAULT NULL,
  `status` int(11) NOT NULL DEFAULT '1',
  `created_at` timestamp NOT NULL DEFAULT CURRENT_TIMESTAMP ON UPDATE CURRENT_TIMESTAMP,
  `new_value` varchar(255) COLLATE utf8_unicode_ci DEFAULT NULL,
  `user_id` int(11) DEFAULT NULL,
  PRIMARY KEY (`id`),
  KEY `K_chanhe_value_guid` (`guid`)
) ENGINE=InnoDB AUTO_INCREMENT=24 DEFAULT CHARSET=utf8 COLLATE=utf8_unicode_ci;
/*!40101 SET character_set_client = @saved_cs_client */;

--
-- Dumping data for table `ll_change_value`
--

LOCK TABLES `ll_change_value` WRITE;
/*!40000 ALTER TABLE `ll_change_value` DISABLE KEYS */;
INSERT INTO `ll_change_value` VALUES (6,'3fa99972a92d2ea06cf75a07ef1d7b11',0,86400,2,'2017-05-29 17:56:14','svd22286@amail.ru',1),(7,'515f47085d1de73e4df593479b12fd75',0,86400,2,'2017-05-29 17:56:49','svd22111286@amail.ru',1),(8,'d155b366a3288c2374c2a996615510d8',0,86400,2,'2017-05-29 18:01:16','svd22111286@amail.ru',1),(9,'199c13ebb38a086b50e189f7345331ae',0,86400,2,'2017-05-29 18:06:52','sv3d22111286@amail.ru',1),(10,'969429dd33d5ce26b27d5d365889c13d',0,86400,1,'2017-05-29 15:10:22','sv3d22111286@amail.ru',1),(11,'42c350abfd2445825c13d300e9223260',0,86400,1,'2017-05-29 15:10:33','sv3d22111286@amail.ru',1),(12,'e2e72c18222e508327de80a46e8ca9c1',0,86400,1,'2017-05-29 15:10:36','sv3d22111286@amail.ru',1),(13,'4a20144c96b30118d59902e375461cd7',0,86400,1,'2017-05-29 15:10:37','sv3d22111286@amail.ru',1),(14,'e6c6091ae6ce75fd7c23e18f5bd3ef87',0,86400,1,'2017-05-29 15:10:37','sv3d22111286@amail.ru',1),(15,'fd5ed7d9601b569326c7ba5898636e43',0,86400,1,'2017-05-29 15:10:37','sv3d22111286@amail.ru',1),(16,'6835d91cdf01423dda863cdd850406e1',0,86400,1,'2017-05-29 15:10:37','sv3d22111286@amail.ru',1),(17,'1a591f5239a0e2c9ecd641a70a3fe34c',0,86400,1,'2017-05-29 15:10:37','sv3d22111286@amail.ru',1),(18,'611f8705ab2b29b633ff31f9e49d3721',0,86400,1,'2017-05-29 15:10:38','sv3d22111286@amail.ru',1),(19,'4acef4c9976598619f0b83dea3e23b9c',0,86400,1,'2017-05-29 15:11:08','sv3d22111286@amail.ru',1),(20,'2702f26ac9147280a075f6f96eacdc2b',0,86400,1,'2017-05-29 15:13:08','sv3d22111286@amail.ru',1),(21,'fbc14fb25c0dd85f276af5bf4ffdf8a4',0,86400,1,'2017-05-29 15:13:42','sv3d22111286@amail.ru',1),(22,'3cc65996e1a5ba4eb02c654a6e3ace6d',0,86400,2,'2017-05-29 18:14:49','sv3d22111286@amail.ru',1),(23,'5626c659d336294ad0c8328f1126cf01',0,86400,1,'2017-05-31 20:14:51','sv3zd22111286@amail.ru',1);
/*!40000 ALTER TABLE `ll_change_value` ENABLE KEYS */;
UNLOCK TABLES;

--
-- Table structure for table `ll_city`
--

DROP TABLE IF EXISTS `ll_city`;
/*!40101 SET @saved_cs_client     = @@character_set_client */;
/*!40101 SET character_set_client = utf8 */;
CREATE TABLE `ll_city` (
  `id` int(11) NOT NULL AUTO_INCREMENT,
  `region_id` int(11) NOT NULL,
  `name` varchar(40) COLLATE utf8_unicode_ci NOT NULL,
  PRIMARY KEY (`id`),
  KEY `FK_city_regioin` (`region_id`),
  KEY `K_city_name` (`name`),
  CONSTRAINT `FK_city_regioin` FOREIGN KEY (`region_id`) REFERENCES `ll_region` (`id`)
) ENGINE=InnoDB AUTO_INCREMENT=5 DEFAULT CHARSET=utf8 COLLATE=utf8_unicode_ci;
/*!40101 SET character_set_client = @saved_cs_client */;

--
-- Dumping data for table `ll_city`
--

LOCK TABLES `ll_city` WRITE;
/*!40000 ALTER TABLE `ll_city` DISABLE KEYS */;
INSERT INTO `ll_city` VALUES (1,1,'Taganrog'),(2,1,'Rostov-on-Don'),(3,2,'Moscow'),(4,3,'Minsk');
/*!40000 ALTER TABLE `ll_city` ENABLE KEYS */;
UNLOCK TABLES;

--
-- Table structure for table `ll_country`
--

DROP TABLE IF EXISTS `ll_country`;
/*!40101 SET @saved_cs_client     = @@character_set_client */;
/*!40101 SET character_set_client = utf8 */;
CREATE TABLE `ll_country` (
  `id` int(11) NOT NULL AUTO_INCREMENT,
  `name` varchar(40) COLLATE utf8_unicode_ci NOT NULL,
  PRIMARY KEY (`id`),
  KEY `K_country_name` (`name`),
  KEY `K_region_name` (`name`)
) ENGINE=InnoDB AUTO_INCREMENT=5 DEFAULT CHARSET=utf8 COLLATE=utf8_unicode_ci;
/*!40101 SET character_set_client = @saved_cs_client */;

--
-- Dumping data for table `ll_country`
--

LOCK TABLES `ll_country` WRITE;
/*!40000 ALTER TABLE `ll_country` DISABLE KEYS */;
INSERT INTO `ll_country` VALUES (2,'Беларусь'),(4,'Казахстан'),(1,'Россия'),(3,'Украина');
/*!40000 ALTER TABLE `ll_country` ENABLE KEYS */;
UNLOCK TABLES;

--
-- Table structure for table `ll_disput`
--

DROP TABLE IF EXISTS `ll_disput`;
/*!40101 SET @saved_cs_client     = @@character_set_client */;
/*!40101 SET character_set_client = utf8 */;
CREATE TABLE `ll_disput` (
  `id` int(11) NOT NULL AUTO_INCREMENT,
  `user_id` int(11) NOT NULL,
  `reason` text COLLATE utf8_unicode_ci,
  `order_id` int(11) NOT NULL,
  `created_at` datetime DEFAULT NULL,
  PRIMARY KEY (`id`),
  KEY `FK_disput_order` (`order_id`),
  CONSTRAINT `FK_disput_order` FOREIGN KEY (`order_id`) REFERENCES `ll_order` (`id`)
) ENGINE=InnoDB DEFAULT CHARSET=utf8 COLLATE=utf8_unicode_ci;
/*!40101 SET character_set_client = @saved_cs_client */;

--
-- Dumping data for table `ll_disput`
--

LOCK TABLES `ll_disput` WRITE;
/*!40000 ALTER TABLE `ll_disput` DISABLE KEYS */;
/*!40000 ALTER TABLE `ll_disput` ENABLE KEYS */;
UNLOCK TABLES;

--
-- Table structure for table `ll_disput_decision`
--

DROP TABLE IF EXISTS `ll_disput_decision`;
/*!40101 SET @saved_cs_client     = @@character_set_client */;
/*!40101 SET character_set_client = utf8 */;
CREATE TABLE `ll_disput_decision` (
  `id` int(11) NOT NULL AUTO_INCREMENT,
  `can_leave_review` int(11) NOT NULL DEFAULT '1',
  `lead_to_pay_count` int(11) NOT NULL,
  `disput_id` int(11) NOT NULL,
  PRIMARY KEY (`id`),
  KEY `FK_disput_decision_disput` (`disput_id`),
  CONSTRAINT `FK_disput_decision_disput` FOREIGN KEY (`disput_id`) REFERENCES `ll_disput` (`id`)
) ENGINE=InnoDB DEFAULT CHARSET=utf8 COLLATE=utf8_unicode_ci;
/*!40101 SET character_set_client = @saved_cs_client */;

--
-- Dumping data for table `ll_disput_decision`
--

LOCK TABLES `ll_disput_decision` WRITE;
/*!40000 ALTER TABLE `ll_disput_decision` DISABLE KEYS */;
/*!40000 ALTER TABLE `ll_disput_decision` ENABLE KEYS */;
UNLOCK TABLES;

--
-- Table structure for table `ll_image`
--

DROP TABLE IF EXISTS `ll_image`;
/*!40101 SET @saved_cs_client     = @@character_set_client */;
/*!40101 SET character_set_client = utf8 */;
CREATE TABLE `ll_image` (
  `id` int(11) NOT NULL AUTO_INCREMENT,
  `batch_id` int(11) DEFAULT NULL,
  `image` varchar(255) COLLATE utf8_unicode_ci NOT NULL,
  `original_image` varchar(255) COLLATE utf8_unicode_ci DEFAULT NULL,
  `owner_id` int(11) DEFAULT NULL,
  `created_at` datetime DEFAULT NULL,
  `updated_at` datetime DEFAULT NULL,
  PRIMARY KEY (`id`),
  KEY `K_image_image` (`image`),
  KEY `K_image_original_image` (`original_image`)
) ENGINE=InnoDB AUTO_INCREMENT=400 DEFAULT CHARSET=utf8 COLLATE=utf8_unicode_ci;
/*!40101 SET character_set_client = @saved_cs_client */;

--
-- Dumping data for table `ll_image`
--

LOCK TABLES `ll_image` WRITE;
/*!40000 ALTER TABLE `ll_image` DISABLE KEYS */;
INSERT INTO `ll_image` VALUES (2,1,'148943067558c6e8930c8464.44632779','temp',NULL,NULL,NULL),(5,2,'148943217558c6ee6fc10130.16180470.desktop','smartgit.desktop',NULL,NULL,NULL),(6,2,'148943217858c6ee72c14296.89994968','qwe',NULL,NULL,NULL),(7,149,'148943234558c6ef1987cee5.96884060.token','github.token',1,NULL,NULL),(8,149,'148943234758c6ef1b77b841.55189995','firefox',1,NULL,NULL),(9,NULL,'148950485958c80a5b4270c1.76884007','svd222_password',1,NULL,NULL),(10,NULL,'148950488858c80a78247412.75060713','firefox',1,NULL,NULL),(11,NULL,'148950492558c80a9dcf0448.17423701.token','github.token',1,NULL,NULL),(14,NULL,'148950494858c80ab4c71990.36338108','Безымянный документ',1,NULL,NULL),(15,NULL,'148950495058c80ab6be16e0.61713192.js','doc.js',1,NULL,NULL),(16,NULL,'148950513158c80b6b9c0d05.68648967.desktop','SQLyog - 64 bit.desktop',1,NULL,NULL),(17,NULL,'148950515858c80b8693ff51.96181771','Безымянный документ 3',1,NULL,NULL),(18,NULL,'148950516358c80b8b8c7857.94709469.js','doc.js',1,NULL,NULL),(19,NULL,'148950517958c80b9bebea88.73115543','phpStorm_act_code',1,NULL,NULL),(20,NULL,'148950518358c80b9f86e4a4.02149522','Безымянный документ 3',1,NULL,NULL),(21,NULL,'148950523258c80bd006fcf0.64874971','liteide',1,NULL,NULL),(22,NULL,'148950526258c80bee0fbb60.89187903','Безымянный документ',1,NULL,NULL),(23,NULL,'148950530758c80c1bdfa8f8.21767927','qwe',1,NULL,NULL),(24,NULL,'148950540758c80c7f2763a1.31987026.token','github.token',1,NULL,NULL),(25,NULL,'148950542958c80c95da35f1.13883629','Безымянный документ 3',1,NULL,NULL),(26,NULL,'148958473058c9425a9ef993.11541965.token','github.token',1,NULL,NULL),(27,NULL,'148958542358c9450f5eb478.89323066.desktop','telegram.desktop',1,NULL,NULL),(28,NULL,'148958543058c94516d50f00.14831471','svd222_password',1,NULL,NULL),(29,NULL,'148958543558c9451b160fc8.70200848','Безымянный документ 3',1,NULL,NULL),(30,NULL,'148959213358c95f45d99728.19867461.js','doc.js',1,NULL,NULL),(31,NULL,'148959213558c95f47dd6911.54084083.desktop','smartgit.desktop',1,NULL,NULL),(32,NULL,'148959245758c96089f007f9.97248507','firefox',1,NULL,NULL),(33,NULL,'148959246458c960907c4203.39776685','phpStorm_act_code',1,NULL,NULL),(34,NULL,'148959250558c960b985d884.72646846.js','doc.js',1,NULL,NULL),(35,NULL,'148959251258c960c0e2e685.55053597','svd222_password',1,NULL,NULL),(36,NULL,'148959260658c9611e9e6857.57533995','firefox',1,NULL,NULL),(37,NULL,'148959261258c96124404f70.13375835','svd222_password',1,NULL,NULL),(38,5,'148959356758c964df698782.58339687','phpStorm_act_code',1,NULL,NULL),(39,6,'148959359458c964fa8613e5.29640343.token','github.token',1,NULL,NULL),(40,6,'148959361258c9650c015a41.32872234','phpStorm_act_code',1,NULL,NULL),(41,6,'148959363258c96520d17a86.49738049','С И',1,NULL,NULL),(42,7,'148959367258c965489fb680.80002633','liteide',1,NULL,NULL),(43,7,'148959367858c9654ea58510.45208241','Безымянный документ',1,NULL,NULL),(44,8,'148959395458c96662c3f823.88158959','phpStorm_act_code',1,NULL,NULL),(45,9,'148959401158c9669b6f7414.93975121.desktop','SQLyog - 64 bit.desktop',1,NULL,NULL),(46,10,'148965561458ca573ed5a148.42876744','liteide',1,NULL,NULL),(47,11,'148965622358ca599f2470a0.12368264','qwe',1,NULL,NULL),(48,12,'148965630958ca59f5dce136.39886697.txt','data.txt',1,NULL,NULL),(49,12,'148965631258ca59f80db597.98863178','current',1,NULL,NULL),(50,12,'148965631458ca59fa5d7467.74236656.js','doc.js',1,NULL,NULL),(52,13,'149174237158ea2ea3ccb3b4.70280534','temp',1,NULL,NULL),(53,14,'149174276758ea302fdd55b4.50047823.png','test.png',1,NULL,NULL),(54,15,'149174282758ea306b28d8f7.68171849','qwe',1,NULL,NULL),(55,16,'149174500858ea38f0cb6548.05085561.js','doc.js',1,NULL,NULL),(56,16,'149174501058ea38f27bb2a3.66073335.desktop','smartgit.desktop',1,NULL,NULL),(57,16,'149174501258ea38f44f4985.35183096','svd222_password',1,NULL,NULL),(58,17,'149174601058ea3cda76d780.80757052.txt','data.txt',1,NULL,NULL),(59,17,'149174601558ea3cdf7f6a26.73877392','qwe',1,NULL,NULL),(60,17,'149174601758ea3ce191efc6.29591969','t',1,NULL,NULL),(61,18,'149174602458ea3ce86f9482.16354344','svd222_password',1,NULL,NULL),(62,18,'149174602658ea3cea47fd44.89334951.ru','www.iecp.ru',1,NULL,NULL),(63,18,'149174602758ea3cebe9c1e7.94435899','Безымянный документ 2',1,NULL,NULL),(64,19,'14945044955914542f8bf924.49609623.txt','data.txt',NULL,NULL,NULL),(65,20,'149450474459145528cf2794.56597649.token','github.token',NULL,NULL,NULL),(66,21,'1494504904591455c89ba6e4.30543454.js','doc.js',NULL,NULL,NULL),(67,22,'1494505904591459b066e3c5.65013443.token','github.token',NULL,NULL,NULL),(68,23,'149450613959145a9b2f9d60.65861502.txt','data.txt',NULL,NULL,NULL),(72,25,'149450723759145ee58bade0.14111174.desktop','smartgit.desktop',NULL,NULL,NULL),(73,26,'149450729159145f1b722f91.18895681.token','github.token',NULL,NULL,NULL),(74,26,'149450729559145f1f822919.69096158.token','github.token',NULL,NULL,NULL),(75,26,'149450730059145f24d70639.86539779','svd222_password',NULL,NULL,NULL),(76,27,'149450735959145f5fbd7918.29190783','phpStorm_act_code',NULL,NULL,NULL),(77,27,'149450736259145f628736a1.53804122.desktop','telegram.desktop',NULL,NULL,NULL),(82,28,'1494507763591460f37b9622.72415071','С И',NULL,NULL,NULL),(83,28,'1494507783591461077aa2e6.84301036.ru','www.iecp.ru',NULL,NULL,NULL),(84,29,'1494508522591463ea2c7095.59011709','Безымянный документ',NULL,NULL,NULL),(85,29,'1494508526591463ee03a0b6.61241561','Безымянный документ 3',NULL,NULL,NULL),(86,30,'14945089555914659b36e237.63519974.js','doc.js',NULL,NULL,NULL),(87,30,'14945089575914659dd70283.49388841.png','test.png',NULL,NULL,NULL),(88,31,'14945093585914672ebf6197.78382049.js','doc.js',NULL,NULL,NULL),(89,31,'149450936159146731294ca2.57336238','Безымянный документ 2',NULL,NULL,NULL),(90,32,'14958242205928775cd6b926.92127754','qwe',1,NULL,NULL),(91,33,'149664574959350075a16278.67091795.js','doc.js',1,NULL,NULL),(92,35,'1499277228595d27ace61d52.76505308.docx','ТЗleadLance2.docx',1,NULL,NULL),(93,36,'1499277306595d27fa6988d4.01907653.ru','www.iecp.ru',2,NULL,NULL),(94,37,'1499277357595d282d55d925.64593672','купить',2,NULL,NULL),(95,38,'1499277401595d2859bd78c8.34560548.ru','www.iecp.ru',2,NULL,NULL),(96,39,'1499277412595d2864d548b8.50719660','Безымянный документ 4',2,NULL,NULL),(122,52,'1500140852596a55345fddf7.01876345','Безымянный документ',2,NULL,NULL),(123,52,'1500140855596a553714aea6.66406836.desktop','SQLyog - 64 bit.desktop',2,NULL,NULL),(124,53,'1500204895596b4f5f7eab42.09572371.jpg','01_night_city.jpg',1,NULL,NULL),(127,54,'1500206280596b54c8c74447.01354001.jpg','зима (43).jpg',1,NULL,NULL),(128,54,'1500206283596b54cbe35916.09016062.jpg','01_night_city.jpg',1,NULL,NULL),(129,55,'1500206869596b5715e82fa0.61174547.jpg','01_night_city.jpg',1,NULL,NULL),(130,56,'1500207020596b57ac54f493.57775253.jpg','01_night_city.jpg',1,NULL,NULL),(131,57,'1500207050596b57ca57c697.96432524.jpg','main-qimg-871d246490b0fdf5df52d381caa5d8b1-c.jpg',1,NULL,NULL),(132,58,'1500207147596b582b177169.03491705.jpg','01_night_city.jpg',1,NULL,NULL),(133,59,'1500207371596b590baa46b8.32973322.jpg','01_night_city.jpg',1,NULL,NULL),(134,60,'1500207796596b5ab44a3a15.54807251.jpg','01_night_city.jpg',1,NULL,NULL),(135,61,'1500207888596b5b103877d2.30126748.jpg','01_night_city.jpg',1,NULL,NULL),(136,62,'1500209808596b6290ead8a2.90222570.jpg','01_night_city.jpg',1,NULL,NULL),(137,62,'1500209818596b629a0d3136.27856400.jpg','01_night_city.jpg',1,NULL,NULL),(138,63,'1500209846596b62b6d60b48.64707612.jpg','01_night_city.jpg',1,NULL,NULL),(139,63,'1500209866596b62ca07a480.78619596.jpg','01_night_city.jpg',1,NULL,NULL),(140,64,'1500210343596b64a78b71d3.23380362.jpg','01_night_city.jpg',1,NULL,NULL),(141,65,'1500210376596b64c8140696.69251043.jpg','01_night_city.jpg',1,NULL,NULL),(142,65,'1500210387596b64d37e46f1.50429162.jpg','01_night_city.jpg',1,NULL,NULL),(143,66,'1500210412596b64ec91cd76.39738563.jpg','01_night_city.jpg',1,NULL,NULL),(144,67,'1500210454596b6516de4af2.48823051.jpg','01_night_city.jpg',1,NULL,NULL),(145,68,'1500213537596b712148f374.22854169.jpg','01_night_city.jpg',1,NULL,NULL),(146,69,'1500213885596b727dade3f2.90914750.png','сбр.png',1,NULL,NULL),(147,70,'1500214121596b73697d4ea3.03098066.jpg','01_night_city.jpg',1,NULL,NULL),(148,71,'1500214143596b737f2c3c17.72055797.jpg','01_night_city.jpg',1,NULL,NULL),(149,72,'1500214235596b73db3f3b47.13763352.jpg','01_night_city.jpg',1,NULL,NULL),(150,73,'1500214603596b754b9af176.13435072.jpg','01_night_city.jpg',1,NULL,NULL),(151,74,'1500214615596b75571d72c2.24023468.jpg','зима (43).jpg',1,NULL,NULL),(152,75,'1500214654596b757e181e77.07393687.jpg','01_night_city.jpg',1,NULL,NULL),(153,76,'1500216002596b7ac2ea8683.17918096.jpg','01_night_city.jpg',1,NULL,NULL),(154,77,'1500216114596b7b32821f02.25864281.jpg','01_night_city.jpg',1,NULL,NULL),(155,78,'1500216149596b7b55dff429.38982346.jpg','01_night_city.jpg',1,NULL,NULL),(156,79,'1500218211596b8363e02ec7.34060629.jpg','01_night_city.jpg',1,NULL,NULL),(157,80,'1500218331596b83dbbdaf52.80210139.jpg','01_night_city.jpg',1,NULL,NULL),(158,81,'1500219441596b88318e1d18.29239568.jpg','01_night_city.jpg',1,NULL,NULL),(159,82,'1500219498596b886ab97559.81567543.jpg','01_night_city.jpg',1,NULL,NULL),(160,83,'1500220079596b8aaf0f9de9.85312275.jpg','01_night_city.jpg',1,NULL,NULL),(161,84,'1500220169596b8b092d7470.20552511.jpg','01_night_city.jpg',1,NULL,NULL),(162,85,'1500220187596b8b1bb806a1.63661083.jpg','01_night_city.jpg',1,NULL,NULL),(163,86,'1500220318596b8b9ed93b56.64859042.jpg','01_night_city.jpg',1,NULL,NULL),(164,87,'1500220421596b8c05e10002.57458019.jpg','01_night_city.jpg',1,NULL,NULL),(165,88,'1500220540596b8c7c07eb95.93213393.jpg','01_night_city.jpg',1,NULL,NULL),(166,89,'1500220560596b8c903c5862.95327067.jpg','01_night_city.jpg',1,NULL,NULL),(167,90,'1500222336596b93803abe28.39502113.jpg','01_night_city.jpg',1,NULL,NULL),(168,91,'1500222419596b93d386cc05.28563022.jpg','01_night_city.jpg',1,NULL,NULL),(169,92,'1500222565596b94651b3550.29674360.jpg','01_night_city.jpg',1,NULL,NULL),(170,93,'1500222604596b948ce449f3.83634439.jpg','01_night_city.jpg',1,NULL,NULL),(171,94,'1500222635596b94ab2d1a40.64198625.jpg','01_night_city.jpg',1,NULL,NULL),(172,95,'1500222704596b94f013fc02.06791317.jpg','01_night_city.jpg',1,NULL,NULL),(173,96,'1500222731596b950ba967f3.42410638.jpg','01_night_city.jpg',1,NULL,NULL),(174,97,'1500222849596b9581c45a52.57787022.jpg','01_night_city.jpg',1,NULL,NULL),(175,98,'1500222873596b95990914f2.63070581.jpg','01_night_city.jpg',1,NULL,NULL),(176,99,'1500222896596b95b0e84173.37716156.jpg','01_night_city.jpg',1,NULL,NULL),(177,100,'1500222998596b96164cd8e1.63100726.jpg','01_night_city.jpg',1,NULL,NULL),(178,101,'1500223041596b9641892b95.02508936.jpg','01_night_city.jpg',1,NULL,NULL),(179,101,'1500223045596b96459af606.48505192.jpg','01_night_city.jpg',1,NULL,NULL),(180,101,'1500223047596b96477ca850.12330531.jpg','main-qimg-871d246490b0fdf5df52d381caa5d8b1-c.jpg',1,NULL,NULL),(181,101,'1500223054596b964ed41952.98099164.png','сбр.png',1,NULL,NULL),(182,102,'1500223210596b96ea992a07.67953027.txt','китаец.txt',3,NULL,NULL),(183,103,'1500223238596b97061c4164.69580555.jpg','01_night_city.jpg',1,NULL,NULL),(184,104,'1500223890596b9992c151a7.86056104.jpg','main-qimg-871d246490b0fdf5df52d381caa5d8b1-c.jpg',1,NULL,NULL),(185,105,'1500223909596b99a592dd95.82391148.jpg','зима (43).jpg',1,NULL,NULL),(186,106,'1500223991596b99f70148c8.62545984.jpg','01_night_city.jpg',1,NULL,NULL),(187,107,'1500224391596b9b87464e19.42806842.jpg','01_night_city.jpg',1,NULL,NULL),(188,108,'1500224536596b9c1870bf01.43414142.jpg','01_night_city.jpg',1,NULL,NULL),(189,109,'1500224621596b9c6db2d6f7.13925866.png','Снимок экрана от 2017-01-28 18-30-41.png',1,NULL,NULL),(190,109,'1500224627596b9c73d2a768.47617434.jpg','01_night_city.jpg',1,NULL,NULL),(191,109,'1500224630596b9c76b7d3a2.81386599.jpg','зима (43).jpg',1,NULL,NULL),(192,110,'1500224707596b9cc34373b4.65338380.png','Снимок экрана от 2017-01-28 18-30-41.png',1,NULL,NULL),(193,111,'1500224709596b9cc5e19094.66076754.jpg','зима (43).jpg',1,NULL,NULL),(194,112,'1500226139596ba25bd0b824.46679989.jpg','зима (43).jpg',1,NULL,NULL),(195,113,'1500226147596ba263d564d0.97924372.xcf','none.xcf',1,NULL,NULL),(196,114,'1500228159596baa3f76a9b5.30525424.jpg','01_night_city.jpg',1,NULL,NULL),(197,115,'1500228506596bab9a60a5b7.41299780.jpg','01_night_city.jpg',1,NULL,NULL),(198,116,'1500234579596bc3536528f9.48818047.jpg','01_night_city.jpg',1,NULL,NULL),(199,117,'1500234657596bc3a17e0bb8.34689101.png','сбр.png',1,NULL,NULL),(200,117,'1500234660596bc3a4735293.31515872.jpg','01_night_city.jpg',1,NULL,NULL),(201,118,'1500234925596bc4ad29b675.66959444.jpg','01_night_city.jpg',1,NULL,NULL),(204,119,'1500235231596bc5df6b8777.16386855.jpg','зима (43).jpg',1,NULL,NULL),(205,119,'1500235234596bc5e2067725.14131903.jpg','01_night_city.jpg',1,NULL,NULL),(206,120,'1500235331596bc6437096d5.40617773.jpg','зима (43).jpg',1,NULL,NULL),(207,121,'1500235439596bc6af11d616.05433854.jpg','01_night_city.jpg',1,NULL,NULL),(208,122,'1500236313596bca19b1f3c6.49433510.jpg','01_night_city.jpg',1,NULL,NULL),(209,122,'1500236316596bca1c6c8571.97818484.jpg','зима (43).jpg',1,NULL,NULL),(210,123,'1500236620596bcb4c064697.77519427.jpg','01_night_city.jpg',1,NULL,NULL),(211,124,'1500237883596bd03b149d43.39799936.jpg','01_night_city.jpg',1,NULL,NULL),(212,125,'1500238567596bd2e74b8291.91394211.jpg','01_night_city.jpg',1,NULL,NULL),(213,126,'1500238579596bd2f3e9abb8.58551248.jpg','01_night_city.jpg',1,NULL,NULL),(214,126,'1500238584596bd2f830a188.40886144.jpg','зима (43).jpg',1,NULL,NULL),(215,127,'1500238604596bd30cd13368.39593991.jpg','01_night_city.jpg',1,NULL,NULL),(216,127,'1500238607596bd30f7a5dc6.78385420.xcf','none.xcf',1,NULL,NULL),(217,127,'1500238609596bd311bfb0f5.05128319.jpg','зима (43).jpg',1,NULL,NULL),(218,128,'1500238614596bd3162bb161.13862909.jpg','01_night_city.jpg',1,NULL,NULL),(219,128,'1500238616596bd318806511.79918454.jpg','зима (43).jpg',1,NULL,NULL),(220,129,'1500239091596bd4f32b7d23.49476290.jpg','01_night_city.jpg',1,NULL,NULL),(221,129,'1500239096596bd4f82f5878.84355381.jpg','main-qimg-871d246490b0fdf5df52d381caa5d8b1-c.jpg',1,NULL,NULL),(222,130,'1500239130596bd51a54e987.62828754.jpg','01_night_city.jpg',1,NULL,NULL),(223,130,'1500239133596bd51dc034c2.53187809.jpg','зима (43).jpg',1,NULL,NULL),(224,131,'1500239236596bd584dac619.74216513.jpg','01_night_city.jpg',1,NULL,NULL),(225,132,'1500239265596bd5a14ce515.41000696.jpg','01_night_city.jpg',1,NULL,NULL),(226,133,'1500239391596bd61f0f0cc5.76138282.jpg','01_night_city.jpg',1,NULL,NULL),(227,134,'1500239893596bd815640bf9.25180262.jpg','01_night_city.jpg',1,NULL,NULL),(228,135,'1500240151596bd9173ef798.00649211.jpg','01_night_city.jpg',1,NULL,NULL),(229,135,'1500240153596bd919cb6249.35513542.xcf','none.xcf',1,NULL,NULL),(230,136,'1500240263596bd987188572.24068218.jpg','01_night_city.jpg',1,NULL,NULL),(231,136,'1500240265596bd9896572a6.55344987.xcf','none.xcf',1,NULL,NULL),(232,137,'1500240356596bd9e49e7544.09831490.jpg','01_night_city.jpg',1,NULL,NULL),(233,138,'1500282140596c7d1cda8404.74164599.jpg','01_night_city.jpg',1,NULL,NULL),(234,138,'1500282147596c7d238d38b4.30819374.png','сбр.png',1,NULL,NULL),(235,139,'1500282679596c7f37609629.81521536.jpg','01_night_city.jpg',1,NULL,NULL),(236,140,'1500282812596c7fbcb0d9b9.75776153.jpg','зима (43).jpg',1,NULL,NULL),(237,141,'1500282831596c7fcf9bbcf5.82933175.jpg','01_night_city.jpg',1,NULL,NULL),(238,142,'1500283565596c82ad8811e5.98821413.jpg','зима (43).jpg',1,NULL,NULL),(239,143,'1500283720596c8348d066e1.66362064.txt','китаец.txt',3,NULL,NULL),(240,144,'1500283878596c83e64d0d08.02908865.jpg','01_night_city.jpg',1,NULL,NULL),(241,145,'1500283911596c84071c6c73.89594295.jpg','зима (43).jpg',1,NULL,NULL),(242,146,'1500311663596cf06f4beb66.37382829','Безымянный документ 4',2,NULL,NULL),(243,147,'1500311738596cf0bace5bd9.22174430','программист yii2',2,NULL,NULL),(244,148,'1500311771596cf0db8b6908.54383566','Безымянный документ 4',2,NULL,NULL),(248,150,'1500490576596fab5076fd69.92604708','Безымянный документ 4',2,NULL,NULL),(249,150,'1500490578596fab528e1965.89445521','temp',2,NULL,NULL),(250,151,'150055196159709b19c04513.81610385.ru','www.iecp (копия).ru',2,NULL,NULL),(251,152,'1500979881597722a937d629.61996364','Безымянный документ 4',3,NULL,NULL),(252,153,'150098000959772329932151.83482361.txt','китаец.txt',3,NULL,NULL),(253,153,'15009800115977232b6293f0.31348736','Безымянный документ 2',3,NULL,NULL),(254,154,'1501004212597781b44d6252.52370313','Наумов',2,NULL,NULL),(255,154,'1501004213597781b5ea73e2.77346786.ru','www.iecp.ru',2,NULL,NULL),(256,155,'1501004240597781d039d474.17134330.png','Снимок экрана от 2017-01-28 18-30-41.png',1,NULL,NULL),(257,155,'1501004242597781d26749c7.55508274.jpg','зима (43).jpg',1,NULL,NULL),(258,156,'1501004255597781df945124.38003519.png','сбр.png',1,NULL,NULL),(259,156,'1501004257597781e1a83552.39490988.png','Снимок экрана от 2017-01-28 18-30-41.png',1,NULL,NULL),(260,157,'1501004277597781f53a4408.25935610.jpg','зима (43).jpg',1,NULL,NULL),(261,157,'1501004279597781f715f787.27043783.png','сбр.png',1,NULL,NULL),(262,158,'150106251559786573970828.98848795.jpg','01_night_city.jpg',1,NULL,NULL),(263,159,'1501063089597867b1bd80e1.26498847.ru','www.iecp (копия).ru',2,NULL,NULL),(264,160,'1501063105597867c1108f68.62330321','дедов',2,NULL,NULL),(265,161,'1501065863597872877c6495.37468263.jpg','main-qimg-871d246490b0fdf5df52d381caa5d8b1-c.jpg',1,NULL,NULL),(266,161,'15010658665978728ae90770.98471530.jpg','01_night_city.jpg',1,NULL,NULL),(267,162,'15010658875978729f5f63e6.57626220.jpg','01_night_city.jpg',1,NULL,NULL),(268,163,'1501065909597872b574b8c0.58271908.png','сбр.png',1,NULL,NULL),(269,164,'1501065975597872f78c0638.57137537.png','сбр.png',1,NULL,NULL),(271,165,'1501167709597a005d9c2f41.26483757.png','сбр.png',1,NULL,NULL),(272,166,'1501167740597a007cc16800.67474614.jpg','01_night_city.jpg',1,NULL,NULL),(273,166,'1501167743597a007fb044e9.41416964.png','сбр.png',1,NULL,NULL),(274,167,'1501167753597a0089064939.68501338.png','сбр.png',1,NULL,NULL),(275,167,'1501167755597a008bbcd507.16312247.jpg','01_night_city.jpg',1,NULL,NULL),(277,169,'1501167802597a00ba589c95.90262845.xcf','none.xcf',1,NULL,NULL),(278,171,'15016792935981cebd957727.09193449.jpg','зима (43).jpg',1,NULL,NULL),(279,172,'15016806375981d3fd350042.17031292.jpg','01_night_city.jpg',1,NULL,NULL),(280,173,'15016806525981d40c9f2509.00455053.jpg','01_night_city.jpg',1,NULL,NULL),(281,174,'15016811175981d5dd692ad7.39014765.jpg','01_night_city.jpg',1,NULL,NULL),(282,175,'15016812965981d690c823f3.01702763.jpg','01_night_city.jpg',1,NULL,NULL),(283,176,'15016821645981d9f420aad7.83105485.jpg','01_night_city.jpg',1,NULL,NULL),(284,177,'15016823035981da7f4f71f2.31719005.jpg','01_night_city.jpg',1,NULL,NULL),(285,177,'15016823055981da81c1ea55.89812056.jpg','01_night_city.jpg',1,NULL,NULL),(286,177,'15016823095981da85285330.44425424.jpg','зима (43).jpg',1,NULL,NULL),(287,178,'15016823605981dab8e5b521.60068330.jpg','зима (43).jpg',1,NULL,NULL),(288,179,'15016827675981dc4f59d6d8.74272930.jpg','main-qimg-871d246490b0fdf5df52d381caa5d8b1-c.jpg',1,NULL,NULL),(289,179,'15016827705981dc52613979.05165897.jpg','01_night_city.jpg',1,NULL,NULL),(290,180,'15016840835981e173c5b625.65459438.jpg','01_night_city.jpg',1,NULL,NULL),(291,181,'15016843275981e267373cd8.44410071.jpg','01_night_city.jpg',1,NULL,NULL),(292,182,'15016843975981e2ad4e22b4.04559210.jpg','01_night_city.jpg',1,NULL,NULL),(293,183,'15016844775981e2fd8f5b88.23359196.jpg','01_night_city.jpg',1,NULL,NULL),(294,184,'15016848035981e4434dbe20.25491423.jpg','01_night_city.jpg',1,NULL,NULL),(295,185,'15016848245981e4585e61a4.98646954.jpg','01_night_city.jpg',1,NULL,NULL),(300,186,'15016851735981e5b5ed6085.07659175.png','Снимок экрана от 2017-01-28 18-30-41.png',1,NULL,NULL),(301,186,'15016852015981e5d1ccd2a6.30667952.jpg','зима (43).jpg',1,NULL,NULL),(302,186,'15016852035981e5d35ba0e0.06324471.jpg','01_night_city.jpg',1,NULL,NULL),(303,187,'15016852905981e62a3e0258.30599506.jpg','01_night_city.jpg',1,NULL,NULL),(304,188,'15016853075981e63b984d39.02082048.jpg','01_night_city.jpg',1,NULL,NULL),(305,188,'15016853095981e63d766596.08967253.png','Снимок экрана от 2017-01-28 18-30-41.png',1,NULL,NULL),(306,189,'15016854025981e69a937091.05871349.jpg','01_night_city.jpg',1,NULL,NULL),(307,190,'15016857445981e7f03ef177.13505422.jpg','01_night_city.jpg',1,NULL,NULL),(308,191,'15016857935981e82197cba9.00879511.jpg','01_night_city.jpg',1,NULL,NULL),(309,191,'15016857975981e825f14135.49636804.jpg','зима (43).jpg',1,NULL,NULL),(310,191,'15016858155981e837d58d66.34983790.jpg','01_night_city.jpg',1,NULL,NULL),(311,191,'15016858185981e83a7307c5.63254341.jpg','зима (43).jpg',1,NULL,NULL),(312,149,'15016858725981e87005d3f5.19982848.jpg','зима (43).jpg',1,NULL,NULL),(313,149,'15016863055981ea21cf85a7.82705260.xcf','none.xcf',1,NULL,NULL),(314,192,'15016863565981ea5409c6b3.58671747.jpg','01_night_city.jpg',1,NULL,NULL),(324,193,'15016880925981f11c4bea70.29741298.jpg','01_night_city.jpg',1,NULL,NULL),(325,193,'15016880975981f121882f61.35667082.png','сбр.png',1,NULL,NULL),(326,194,'15017463845982d4d0df7c18.02415733','С И',2,NULL,NULL),(327,194,'15017463945982d4da62f9e7.41099860','купить',2,NULL,NULL),(328,195,'15017476685982d9d4df3b45.62810880.jpg','01_night_city.jpg',1,NULL,NULL),(329,195,'15017476705982d9d6c20e09.54613208.png','Снимок экрана от 2017-01-28 18-30-41.png',1,NULL,NULL),(330,195,'15017476735982d9d93bee01.03450560.jpg','зима (43).jpg',1,NULL,NULL),(331,196,'15017478015982da59b56ed4.58858111.jpg','01_night_city.jpg',1,NULL,NULL),(332,196,'15017478035982da5b7bd213.90781415.png','сбр.png',1,NULL,NULL),(333,196,'15017478135982da65577f34.94574095.png','сбр.png',1,NULL,NULL),(334,196,'15017478165982da680d0cc1.64870570.png','Снимок экрана от 2017-01-28 18-30-41.png',1,NULL,NULL),(335,197,'15017520845982eb1469d355.93047860','дедов',2,NULL,NULL),(336,197,'15017520865982eb1615d3f9.14934975','С И',2,NULL,NULL),(337,197,'15017520875982eb17db43e0.51009279','Наумов',2,NULL,NULL),(339,199,'15027930375992cd4d9c15f8.99202442.jpg','зима (43).jpg',1,NULL,NULL),(340,199,'15027930415992cd5137cdc1.23310140.jpg','01_night_city.jpg',1,NULL,NULL),(341,200,'15027966715992db7f3b5e86.28298825.jpg','01_night_city.jpg',1,NULL,NULL),(342,200,'15027966735992db81e7c2d1.64745069.png','сбр.png',1,NULL,NULL),(343,201,'15027993205992e5d813be44.64733442.jpg','01_night_city.jpg',1,NULL,NULL),(344,202,'15028001445992e9105b4b42.15333276.jpg','зима (43).jpg',1,NULL,NULL),(345,202,'15028001735992e92d9063e3.65169344.jpg','зима (43).jpg',1,NULL,NULL),(346,203,'15028002265992e96218b021.66803092.jpg','зима (43).jpg',1,NULL,NULL),(347,204,'15028034195992f5dbede315.60879723.jpg','зима (43).jpg',1,NULL,NULL),(348,204,'15028034505992f5fa39e070.54847581.png','сбр.png',1,NULL,NULL),(349,205,'15028034605992f6044100f4.68701853.jpg','01_night_city.jpg',1,NULL,NULL),(350,206,'15028035785992f67a1e4a05.61977718.png','сбр.png',1,NULL,NULL),(351,207,'15028041645992f8c4e4dd34.50800859.jpg','01_night_city.jpg',1,NULL,NULL),(352,208,'15028041985992f8e64c5ca8.25755255.jpg','01_night_city.jpg',1,NULL,NULL),(353,209,'15028042225992f8fea55b82.10611143.jpg','зима (43).jpg',1,NULL,NULL),(354,210,'15028042535992f91de9d844.00783401.jpg','зима (43).jpg',1,NULL,NULL),(355,211,'15028043185992f95edfcf82.02610826.jpg','зима (43).jpg',1,NULL,NULL),(356,212,'15028044735992f9f90a7ff5.52286667.jpg','зима (43).jpg',1,NULL,NULL),(357,213,'15028071035993043f728374.76567289.xcf','none.xcf',1,NULL,NULL),(358,214,'1502807807599306ff92b229.44624195.jpg','зима (43).jpg',1,NULL,NULL),(359,215,'15028078695993073d804416.97690673.jpg','зима (43).jpg',1,NULL,NULL),(360,216,'15028081975993088523d777.70066376.jpg','зима (43).jpg',1,NULL,NULL),(361,216,'15028082075993088f39f207.87449395.png','сбр.png',1,NULL,NULL),(362,217,'1502808217599308995c4b07.80124995.png','сбр.png',1,NULL,NULL),(363,218,'1502808230599308a6579492.82894902.jpg','01_night_city.jpg',1,NULL,NULL),(364,219,'1502808276599308d4d990d8.46769145.xcf','none.xcf',1,NULL,NULL),(365,220,'150280836859930930b69163.83775794.jpg','зима (43).jpg',1,NULL,NULL),(366,221,'1502808384599309407b8be8.77423351.xcf','none.xcf',1,NULL,NULL),(367,222,'15028084165993096005b6f4.99789345.png','сбр.png',1,NULL,NULL),(368,223,'150280862959930a35433753.87426192.jpg','зима (43).jpg',1,NULL,NULL),(369,224,'150280866259930a56991d42.25494290.jpg','зима (43).jpg',1,NULL,NULL),(370,225,'150280882959930afd8662c0.07442314.xcf','none.xcf',1,NULL,NULL),(371,226,'150280885959930b1b85ba15.37274695.xcf','none.xcf',1,NULL,NULL),(372,227,'150280886959930b257fbcb0.73109266.jpg','01_night_city.jpg',1,NULL,NULL),(373,228,'150280889359930b3d9cd547.29284426.png','сбр.png',1,NULL,NULL),(374,229,'150280999859930f8ed2a8a1.36613785.jpg','зима (43).jpg',1,NULL,NULL),(375,230,'150281004859930fc0cecea0.99137453.png','сбр.png',1,NULL,NULL),(376,230,'150281006059930fccc22e74.47636334.png','Снимок экрана от 2017-01-28 18-30-41.png',1,NULL,NULL),(377,231,'1502810359599310f74d09d4.07187278.jpg','01_night_city.jpg',1,NULL,NULL),(378,231,'1502810366599310fea13417.90935634.xcf','none.xcf',1,NULL,NULL),(379,232,'15028104155993112fdc76a9.87582569.xcf','none.xcf',1,NULL,NULL),(380,232,'1502810432599311406f0796.79814153.jpg','зима (43).jpg',1,NULL,NULL),(381,232,'150281043459931142c149a7.06293613.png','сбр.png',1,NULL,NULL),(382,233,'1502810865599312f15ed534.61727227.jpg','01_night_city.jpg',1,NULL,NULL),(383,234,'15028117545993166ad57942.55495047.xcf','none.xcf',1,NULL,NULL),(384,234,'15028117735993167da66148.06516826.jpg','зима (43).jpg',1,NULL,NULL),(385,234,'1502811856599316d04b0a80.58331308.jpg','01_night_city.jpg',1,NULL,NULL),(386,235,'1502811885599316ed94a8e2.04149132.png','сбр.png',1,NULL,NULL),(387,235,'1502811887599316ef982fd2.47463563.jpg','01_night_city.jpg',1,NULL,NULL),(388,235,'1502811893599316f56c7a72.25854265.png','Снимок экрана от 2017-01-28 18-30-41.png',1,NULL,NULL),(389,235,'1502811895599316f77f04d8.87090178.png','сбр.png',1,NULL,NULL),(390,236,'150281197659931748f17a06.35607219.jpg','зима (43).jpg',1,NULL,NULL),(391,237,'150281198459931750871ef6.23789586.png','Снимок экрана от 2017-01-28 18-30-41.png',1,NULL,NULL),(392,238,'150281199259931758807b30.52830463.png','сбр.png',1,NULL,NULL),(393,239,'1502812647599319e74b0e59.47163614.jpg','01_night_city.jpg',1,NULL,NULL),(394,240,'1502812652599319ec9d9763.18581204.png','сбр.png',1,NULL,NULL),(395,241,'150290348859947cc0794d23.45972614.jpg','01_night_city.jpg',1,NULL,NULL),(396,242,'150290350059947ccc113679.68836340.xcf','none.xcf',1,NULL,NULL),(397,243,'15029813435995acdfab5e47.71536420.jpg','01_night_city.jpg',1,NULL,NULL),(398,244,'15029813665995acf6ec7bd6.03756279.jpg','01_night_city.jpg',1,NULL,NULL),(399,245,'150300341259960314876a56.78990934.jpg','01_night_city.jpg',1,NULL,NULL);
/*!40000 ALTER TABLE `ll_image` ENABLE KEYS */;
UNLOCK TABLES;

--
-- Table structure for table `ll_message`
--

DROP TABLE IF EXISTS `ll_message`;
/*!40101 SET @saved_cs_client     = @@character_set_client */;
/*!40101 SET character_set_client = utf8 */;
CREATE TABLE `ll_message` (
  `id` int(11) NOT NULL AUTO_INCREMENT,
  `message` text COLLATE utf8_unicode_ci NOT NULL,
  `from_user_id` int(11) NOT NULL,
  `to_user_id` int(11) NOT NULL,
  `is_system` int(11) DEFAULT NULL,
  `is_from_admin` int(11) DEFAULT NULL,
  `status` int(11) NOT NULL DEFAULT '1',
  `created_at` datetime DEFAULT NULL,
  PRIMARY KEY (`id`),
  KEY `fk_message_user_from` (`from_user_id`),
  KEY `fk_message_user_to` (`to_user_id`),
  CONSTRAINT `fk_message_user_from` FOREIGN KEY (`from_user_id`) REFERENCES `ll_user` (`id`),
  CONSTRAINT `fk_message_user_to` FOREIGN KEY (`to_user_id`) REFERENCES `ll_user` (`id`)
) ENGINE=InnoDB AUTO_INCREMENT=90 DEFAULT CHARSET=utf8 COLLATE=utf8_unicode_ci;
/*!40101 SET character_set_client = @saved_cs_client */;

--
-- Dumping data for table `ll_message`
--

LOCK TABLES `ll_message` WRITE;
/*!40000 ALTER TABLE `ll_message` DISABLE KEYS */;
INSERT INTO `ll_message` VALUES (1,'1 message from u1 to u2',1,2,NULL,NULL,1,'2017-04-06 20:09:52'),(2,'answer to 1 first message from u2 to u1',2,1,NULL,NULL,1,'2017-04-06 20:10:51'),(3,'left message',3,2,NULL,NULL,1,'2017-04-06 20:12:47'),(4,'Re: answer',1,2,NULL,NULL,1,'2017-04-06 20:12:50'),(6,'more answer to 1 first message',2,1,NULL,NULL,1,'2017-04-06 20:18:41'),(7,'qwewqewqe',1,2,NULL,NULL,1,'2017-04-08 08:33:58'),(8,'vcxvvxcv',1,2,NULL,NULL,1,'2017-04-08 08:37:50'),(9,'scvsdfds',1,2,NULL,NULL,1,'2017-04-08 08:40:10'),(14,'asdsad',1,2,NULL,NULL,1,'2017-04-08 11:19:56'),(15,'qweasdfas',1,2,NULL,NULL,1,'2017-04-08 11:21:36'),(16,'asdsad',1,2,NULL,NULL,1,'2017-04-08 11:22:45'),(17,'sdegege',1,2,NULL,NULL,1,'2017-04-08 11:25:01'),(18,'qwewqewqe',1,2,NULL,NULL,1,'2017-04-08 11:26:29'),(19,'sdfgdsf',1,2,NULL,NULL,1,'2017-04-08 12:13:42'),(20,'test after refactoring',2,1,NULL,NULL,1,'2017-07-17 14:15:57'),(21,'test is succes',1,2,NULL,NULL,1,'2017-07-17 14:16:10'),(22,'qwe',1,2,NULL,NULL,1,'2017-07-17 14:29:57'),(23,'one more test',2,1,NULL,NULL,1,'2017-07-17 14:30:20'),(24,'qwewqe',1,2,NULL,NULL,1,'2017-07-17 15:18:06'),(25,'qwewqe',1,2,NULL,NULL,1,'2017-07-17 15:18:28'),(26,'one more message',1,2,NULL,NULL,1,'2017-07-17 15:20:15'),(27,'где результаты бережной?',1,2,NULL,NULL,1,'2017-07-17 17:06:39'),(28,'будур\\т в следующем году',2,1,NULL,NULL,1,'2017-07-17 17:08:32'),(29,'сам',2,1,NULL,NULL,1,'2017-07-17 17:12:47'),(30,'загрузился',2,1,NULL,NULL,1,'2017-07-17 17:13:02'),(31,'много файлов загрузилось',2,1,NULL,NULL,1,'2017-07-17 17:13:37'),(32,'обманываешь',2,1,NULL,NULL,1,'2017-07-17 17:13:49'),(33,'странно',2,1,NULL,NULL,1,'2017-07-17 17:13:57'),(34,'проверка',2,1,NULL,NULL,1,'2017-07-17 17:14:18'),(35,'',2,1,NULL,NULL,1,'2017-07-17 17:14:24'),(36,'проверка',2,1,NULL,NULL,1,'2017-07-17 17:14:31'),(37,'проверка',2,1,NULL,NULL,1,'2017-07-17 17:15:28'),(38,'еще раз',2,1,NULL,NULL,1,'2017-07-17 17:15:34'),(39,'',2,1,NULL,NULL,1,'2017-07-17 17:15:40'),(40,'проверка 3',2,1,NULL,NULL,1,'2017-07-17 17:15:46'),(41,'как так то',2,1,NULL,NULL,1,'2017-07-17 17:15:53'),(42,'',2,1,NULL,NULL,1,'2017-07-17 17:16:12'),(43,'пеолв',2,1,NULL,NULL,1,'2017-07-17 17:16:20'),(44,'',2,1,NULL,NULL,1,'2017-07-17 17:16:22'),(45,'вцыв',2,1,NULL,NULL,1,'2017-07-17 17:16:24'),(46,'',2,1,NULL,NULL,1,'2017-07-17 17:16:25'),(47,'уцц',2,1,NULL,NULL,1,'2017-07-17 17:16:28'),(48,'вваап',2,1,NULL,NULL,1,'2017-07-17 17:16:32'),(49,'еще оад',2,1,NULL,NULL,1,'2017-07-17 17:16:45'),(50,'ерр',2,1,NULL,NULL,1,'2017-07-17 17:16:50'),(51,'',2,1,NULL,NULL,1,'2017-07-17 17:16:52'),(52,'аааа',2,1,NULL,NULL,1,'2017-07-17 17:16:55'),(53,'тест',2,1,NULL,NULL,1,'2017-07-17 17:17:02'),(54,'еее',1,2,NULL,NULL,1,'2017-07-17 17:17:19'),(55,'екек',2,1,NULL,NULL,1,'2017-07-17 17:17:25'),(56,'укукк',2,1,NULL,NULL,1,'2017-07-17 17:17:28'),(57,'как так',2,1,NULL,NULL,1,'2017-07-17 17:17:55'),(58,'еще раз',1,2,NULL,NULL,1,'2017-07-17 17:18:16'),(59,'some\r\n',2,1,NULL,NULL,1,'2017-07-17 17:21:54'),(60,'more',2,1,NULL,NULL,1,'2017-07-17 17:22:00'),(61,'55',2,1,NULL,NULL,1,'2017-07-17 17:26:57'),(62,'qwe',2,1,NULL,NULL,1,'2017-07-17 17:33:13'),(63,'qwe',2,1,NULL,NULL,1,'2017-07-17 17:33:56'),(64,'qwe',2,1,NULL,NULL,1,'2017-07-17 17:33:58'),(65,'dfg',2,1,NULL,NULL,1,'2017-07-17 17:34:24'),(66,'dfg',2,1,NULL,NULL,1,'2017-07-17 17:35:39'),(67,'qwe',2,1,NULL,NULL,1,'2017-07-17 17:36:31'),(68,'wewqewq',2,1,NULL,NULL,1,'2017-07-17 17:46:06'),(69,'wqe',2,1,NULL,NULL,1,'2017-07-17 18:17:24'),(70,'asdsad',2,1,NULL,NULL,1,'2017-07-17 18:17:32'),(71,'one moer',2,1,NULL,NULL,1,'2017-07-17 18:17:54'),(72,'one more more',2,1,NULL,NULL,1,'2017-07-17 18:18:13'),(73,'ghjdthrf',1,2,NULL,NULL,1,'2017-07-18 17:55:00'),(74,'mlmk',1,2,NULL,NULL,1,'2017-07-27 15:00:09'),(75,'qwewqe',2,1,NULL,NULL,1,'2017-07-31 11:44:07'),(76,'sda',2,1,NULL,NULL,1,'2017-07-31 11:44:21'),(77,'asd',1,2,NULL,NULL,1,'2017-08-10 18:55:25'),(78,'cxzc',1,2,NULL,NULL,1,'2017-08-10 18:55:31'),(79,'cxzc',1,2,NULL,NULL,1,'2017-08-10 18:56:30'),(80,'cxzcz',1,2,NULL,NULL,1,'2017-09-02 14:37:48'),(81,'cc',1,2,NULL,NULL,1,'2017-09-02 14:38:12'),(82,'cxczaa',1,2,NULL,NULL,1,'2017-09-02 15:46:18'),(83,'qwewqe',1,2,NULL,NULL,1,'2017-11-10 16:37:23'),(84,'cxzcz',1,2,NULL,NULL,1,'2017-11-10 16:37:37'),(85,'xczc',1,2,NULL,NULL,1,'2017-11-10 16:37:44'),(86,'какое то тестовое сообщение',1,2,NULL,NULL,1,'2017-11-10 16:59:25'),(87,'фывыфв',1,2,NULL,NULL,1,'2017-11-10 17:00:01'),(88,'чячЯ',1,2,NULL,NULL,1,'2017-11-10 17:00:10'),(89,'пишет ответ',2,1,NULL,NULL,1,'2017-11-10 17:00:47');
/*!40000 ALTER TABLE `ll_message` ENABLE KEYS */;
UNLOCK TABLES;

--
-- Table structure for table `ll_migration`
--

DROP TABLE IF EXISTS `ll_migration`;
/*!40101 SET @saved_cs_client     = @@character_set_client */;
/*!40101 SET character_set_client = utf8 */;
CREATE TABLE `ll_migration` (
  `version` varchar(180) COLLATE utf8_unicode_ci NOT NULL,
  `apply_time` int(11) DEFAULT NULL,
  PRIMARY KEY (`version`)
) ENGINE=InnoDB DEFAULT CHARSET=utf8 COLLATE=utf8_unicode_ci;
/*!40101 SET character_set_client = @saved_cs_client */;

--
-- Dumping data for table `ll_migration`
--

LOCK TABLES `ll_migration` WRITE;
/*!40000 ALTER TABLE `ll_migration` DISABLE KEYS */;
INSERT INTO `ll_migration` VALUES ('m000000_000000_base',1481609687),('m130524_201442_init',1481609693),('m140209_132017_init',1481609693),('m140403_174025_create_account_table',1481609693),('m140504_113157_update_tables',1481609693),('m140504_130429_create_token_table',1481609694),('m140506_102106_rbac_init',1481609694),('m140830_171933_fix_ip_field',1481609694),('m140830_172703_change_account_table_name',1481609694),('m141222_110026_update_ip_field',1481609694),('m141222_135246_alter_username_length',1481609694),('m150614_103145_update_social_account_table',1481609694),('m150623_212711_fix_username_notnull',1481609694),('m151218_234654_add_timezone_to_profile',1481609694),('m160929_103127_add_last_login_at_to_user_table',1485440537),('m161213_060909_create_projects',1482413852),('m170117_131116_create_order',1484672856),('m170128_132736_create_profile_case',1486075091),('m170208_112601_create_profile_private',1486662268),('m170209_065613_create_change_request',1486663139),('m170310_092329_alter_project_add_image_field',1489138094),('m170312_102820_create_image',1489430507),('m170313_063732_create_batch',1489430507),('m170405_141357_create_message',1491402862),('m170410_185516_create_pro_account',1491889907),('m170411_121133_alter_profile_private_drop_pk',1491913264),('m170423_201613_create_project_message',1494433485),('m170510_163740_alter_project_message_add_lead_cost',1494434436),('m170511_161600_alter_project_message_add_project_id',1494520157),('m170527_104303_alter_profile_private_add_vk_twitter_fields',1495882509),('m170528_112809_alter_tables_project_order_add_column_status',1495971052),('m170529_152953_create_change_value',1496075251),('m170529_175041_alter_change_value_table_add_user_id_field',1496080499),('m170605_035605_create_user_avatar',1496636622),('m170612_153126_alter_user_add_upload_dir',1497299251),('m170614_085411_alter_profile_case_add_preview_image',1497430575),('m170614_112518_alter_profile_case_set_nullable_fields_add_created_at_field',1498159926),('m170622_182957_create_profile_case_comment',1498201145),('m170703_134819_create_ws_session',1499103519),('m170703_161748_alter_ws_session_add_status',1499103519),('m170706_143121_create_notification',1499362178),('m170711_185825_create_project_message_profile_case',1499800098),('m170718_190518_alter_project_and_order_tables_add_activited_at_field',1500404929),('m170721_122618_alter_project_table_add_executor_field',1500640140),('m170721_151549_create_project_user_refuse',1500650847),('m170807_131737_alter_order_table_change_acceptance_time_field',1502112093),('m170808_180240_create_order_review',1502221384),('m170808_185944_create_part_accepted',1502221384),('m170808_190147_create_disput',1502221384),('m170808_190202_create_disput_decision',1502451128),('m170811_111050_create_order_trace',1502451242),('m170814_070820_create_order_message',1502695007),('m170921_120216_drop_order_project_type',1505995469),('m170927_103448_alter_part_accepted_add_user_id_field',1506508653),('m170927_144806_alter_order_review_part_accepted_disput_tables_add_timestamp_fields',1506524015),('m171004_081740_create_reason_refuse_project_publish',1507105267),('m171004_171236_alter_reason_refuse_project_publish',1507137315),('m180118_180140_create_news',1516692049);
/*!40000 ALTER TABLE `ll_migration` ENABLE KEYS */;
UNLOCK TABLES;

--
-- Table structure for table `ll_news`
--

DROP TABLE IF EXISTS `ll_news`;
/*!40101 SET @saved_cs_client     = @@character_set_client */;
/*!40101 SET character_set_client = utf8 */;
CREATE TABLE `ll_news` (
  `id` int(11) NOT NULL AUTO_INCREMENT,
  `title` varchar(255) COLLATE utf8_unicode_ci NOT NULL,
  `text` text COLLATE utf8_unicode_ci NOT NULL,
  `user_id` int(11) NOT NULL,
  `status` int(11) NOT NULL DEFAULT '1',
  `image` varchar(255) COLLATE utf8_unicode_ci DEFAULT NULL,
  `created_at` datetime DEFAULT NULL,
  `updated_at` datetime DEFAULT NULL,
  PRIMARY KEY (`id`),
  KEY `FK_news_user` (`user_id`),
  KEY `K_title` (`title`),
  CONSTRAINT `FK_news_user` FOREIGN KEY (`user_id`) REFERENCES `ll_user` (`id`)
) ENGINE=InnoDB AUTO_INCREMENT=2 DEFAULT CHARSET=utf8 COLLATE=utf8_unicode_ci;
/*!40101 SET character_set_client = @saved_cs_client */;

--
-- Dumping data for table `ll_news`
--

LOCK TABLES `ll_news` WRITE;
/*!40000 ALTER TABLE `ll_news` DISABLE KEYS */;
INSERT INTO `ll_news` VALUES (1,'test','test',1,1,'','2018-01-23 07:27:50','2018-01-23 07:27:50');
/*!40000 ALTER TABLE `ll_news` ENABLE KEYS */;
UNLOCK TABLES;

--
-- Table structure for table `ll_notification`
--

DROP TABLE IF EXISTS `ll_notification`;
/*!40101 SET @saved_cs_client     = @@character_set_client */;
/*!40101 SET character_set_client = utf8 */;
CREATE TABLE `ll_notification` (
  `id` int(11) NOT NULL AUTO_INCREMENT,
  `initiator_id` int(11) DEFAULT NULL,
  `recipient_id` int(11) NOT NULL,
  `type` int(11) DEFAULT NULL,
  `status` int(11) NOT NULL,
  `entity_type` smallint(6) NOT NULL DEFAULT '0',
  `entity_id` int(11) DEFAULT NULL,
  `created_at` datetime DEFAULT NULL,
  `updated_at` datetime DEFAULT NULL,
  PRIMARY KEY (`id`)
) ENGINE=InnoDB AUTO_INCREMENT=704 DEFAULT CHARSET=utf8 COLLATE=utf8_unicode_ci;
/*!40101 SET character_set_client = @saved_cs_client */;

--
-- Dumping data for table `ll_notification`
--

LOCK TABLES `ll_notification` WRITE;
/*!40000 ALTER TABLE `ll_notification` DISABLE KEYS */;
INSERT INTO `ll_notification` VALUES (1,2,1,NULL,2,1,20,'2017-07-17 14:15:57','2017-07-17 14:15:57'),(2,1,2,NULL,2,1,21,'2017-07-17 14:16:10','2017-07-17 14:16:10'),(3,1,2,NULL,2,1,22,'2017-07-17 14:29:57','2017-07-17 14:29:57'),(4,2,1,NULL,2,1,23,'2017-07-17 14:30:20','2017-07-17 14:30:20'),(5,1,2,NULL,2,1,24,'2017-07-17 15:18:06','2017-07-17 15:18:06'),(6,1,2,NULL,2,1,25,'2017-07-17 15:18:28','2017-07-17 15:18:28'),(7,1,2,NULL,2,1,26,'2017-07-17 15:20:15','2017-07-17 15:20:15'),(8,1,2,NULL,2,1,27,'2017-07-17 17:06:39','2017-07-17 17:06:39'),(9,2,1,NULL,2,1,28,'2017-07-17 17:08:32','2017-07-17 17:08:32'),(10,2,1,NULL,2,1,29,'2017-07-17 17:12:47','2017-07-17 17:12:47'),(11,2,1,NULL,2,1,30,'2017-07-17 17:13:02','2017-07-17 17:13:02'),(12,2,1,NULL,2,1,31,'2017-07-17 17:13:37','2017-07-17 17:13:37'),(13,2,1,NULL,2,1,32,'2017-07-17 17:13:49','2017-07-17 17:13:49'),(14,2,1,NULL,2,1,33,'2017-07-17 17:13:57','2017-07-17 17:13:57'),(15,2,1,NULL,2,1,34,'2017-07-17 17:14:18','2017-07-17 17:14:18'),(16,2,1,NULL,2,1,35,'2017-07-17 17:14:24','2017-07-17 17:14:24'),(17,2,1,NULL,2,1,36,'2017-07-17 17:14:31','2017-07-17 17:14:31'),(18,2,1,NULL,2,1,37,'2017-07-17 17:15:28','2017-07-17 17:15:28'),(19,2,1,NULL,2,1,38,'2017-07-17 17:15:34','2017-07-17 17:15:34'),(20,2,1,NULL,2,1,39,'2017-07-17 17:15:40','2017-07-17 17:15:40'),(21,2,1,NULL,2,1,40,'2017-07-17 17:15:46','2017-07-17 17:15:46'),(22,2,1,NULL,2,1,41,'2017-07-17 17:15:53','2017-07-17 17:15:53'),(23,2,1,NULL,2,1,42,'2017-07-17 17:16:12','2017-07-17 17:16:12'),(24,2,1,NULL,2,1,43,'2017-07-17 17:16:20','2017-07-17 17:16:20'),(25,2,1,NULL,2,1,44,'2017-07-17 17:16:22','2017-07-17 17:16:22'),(26,2,1,NULL,2,1,45,'2017-07-17 17:16:24','2017-07-17 17:16:24'),(27,2,1,NULL,2,1,46,'2017-07-17 17:16:25','2017-07-17 17:16:25'),(28,2,1,NULL,2,1,47,'2017-07-17 17:16:28','2017-07-17 17:16:28'),(29,2,1,NULL,2,1,48,'2017-07-17 17:16:32','2017-07-17 17:16:32'),(30,2,1,NULL,2,1,49,'2017-07-17 17:16:45','2017-07-17 17:16:45'),(31,2,1,NULL,2,1,50,'2017-07-17 17:16:50','2017-07-17 17:16:50'),(32,2,1,NULL,2,1,51,'2017-07-17 17:16:52','2017-07-17 17:16:52'),(33,2,1,NULL,2,1,52,'2017-07-17 17:16:55','2017-07-17 17:16:55'),(34,2,1,NULL,2,1,53,'2017-07-17 17:17:02','2017-07-17 17:17:02'),(35,1,2,NULL,2,1,54,'2017-07-17 17:17:19','2017-07-17 17:17:19'),(36,2,1,NULL,2,1,55,'2017-07-17 17:17:25','2017-07-17 17:17:25'),(37,2,1,NULL,2,1,56,'2017-07-17 17:17:28','2017-07-17 17:17:28'),(38,2,1,NULL,2,1,57,'2017-07-17 17:17:55','2017-07-17 17:17:55'),(39,1,2,NULL,2,1,58,'2017-07-17 17:18:16','2017-07-17 17:18:16'),(40,2,1,NULL,2,1,59,'2017-07-17 17:21:54','2017-07-17 17:21:54'),(41,2,1,NULL,2,1,60,'2017-07-17 17:22:00','2017-07-17 17:22:00'),(42,2,1,NULL,2,1,61,'2017-07-17 17:26:57','2017-07-17 17:26:57'),(43,2,1,NULL,2,1,62,'2017-07-17 17:33:13','2017-07-17 17:33:13'),(44,2,1,NULL,2,1,63,'2017-07-17 17:33:56','2017-07-17 17:33:56'),(45,2,1,NULL,2,1,64,'2017-07-17 17:33:58','2017-07-17 17:33:58'),(46,2,1,NULL,2,1,65,'2017-07-17 17:34:24','2017-07-17 17:34:24'),(47,2,1,NULL,2,1,66,'2017-07-17 17:35:39','2017-07-17 17:35:39'),(48,2,1,NULL,2,1,67,'2017-07-17 17:36:31','2017-07-17 17:36:31'),(49,2,1,NULL,2,1,68,'2017-07-17 17:46:06','2017-07-17 17:46:06'),(50,2,1,NULL,2,1,69,'2017-07-17 18:17:24','2017-07-17 18:17:24'),(51,2,1,NULL,2,1,70,'2017-07-17 18:17:32','2017-07-17 18:17:32'),(52,2,1,NULL,2,1,71,'2017-07-17 18:17:54','2017-07-17 18:17:54'),(53,2,1,NULL,2,1,72,'2017-07-17 18:18:13','2017-07-17 18:18:13'),(54,2,1,NULL,2,2,83,'2017-07-17 19:26:45','2017-07-17 19:26:45'),(55,2,1,NULL,2,2,84,'2017-07-17 19:28:34','2017-07-17 19:28:34'),(56,2,1,NULL,2,2,85,'2017-07-17 19:29:51','2017-07-17 19:29:51'),(57,2,1,NULL,2,2,86,'2017-07-17 19:34:08','2017-07-17 19:34:08'),(58,2,1,NULL,2,2,87,'2017-07-17 19:34:19','2017-07-17 19:34:19'),(59,2,1,NULL,2,2,88,'2017-07-17 19:34:48','2017-07-17 19:34:48'),(60,2,1,NULL,2,2,89,'2017-07-17 19:34:59','2017-07-17 19:34:59'),(61,2,1,NULL,2,2,90,'2017-07-17 19:36:03','2017-07-17 19:36:03'),(62,2,1,NULL,2,2,91,'2017-07-17 19:49:00','2017-07-17 19:49:00'),(63,2,1,NULL,2,2,92,'2017-07-17 19:49:33','2017-07-17 19:49:33'),(64,2,1,NULL,2,2,93,'2017-07-17 19:49:49','2017-07-17 19:49:49'),(65,1,2,NULL,2,1,73,'2017-07-18 17:55:00','2017-07-18 17:55:00'),(66,2,1,NULL,2,2,94,'2017-07-18 19:36:41','2017-07-18 19:36:41'),(67,2,1,NULL,2,2,95,'2017-07-18 19:37:23','2017-07-18 19:37:23'),(68,2,1,NULL,2,2,96,'2017-07-18 19:38:12','2017-07-18 19:38:12'),(69,2,1,NULL,2,2,97,'2017-07-18 19:58:50','2017-07-18 19:58:50'),(70,2,1,NULL,2,2,98,'2017-07-18 19:59:01','2017-07-18 19:59:01'),(71,2,1,NULL,2,2,99,'2017-07-18 19:59:36','2017-07-18 19:59:36'),(72,2,1,NULL,2,2,100,'2017-07-18 20:00:20','2017-07-18 20:00:20'),(73,2,1,NULL,2,2,101,'2017-07-18 20:03:09','2017-07-18 20:03:09'),(74,2,1,NULL,2,2,102,'2017-07-18 20:13:53','2017-07-18 20:13:53'),(75,2,1,NULL,2,2,103,'2017-07-18 20:14:47','2017-07-18 20:14:47'),(76,2,1,NULL,2,2,104,'2017-07-18 20:40:27','2017-07-18 20:40:27'),(77,2,1,NULL,2,2,105,'2017-07-18 20:41:17','2017-07-18 20:41:17'),(78,2,1,NULL,2,2,106,'2017-07-18 20:41:28','2017-07-18 20:41:28'),(79,2,1,NULL,2,2,107,'2017-07-18 20:43:09','2017-07-18 20:43:09'),(80,2,1,NULL,2,2,108,'2017-07-18 20:44:44','2017-07-18 20:44:44'),(81,2,1,NULL,2,2,109,'2017-07-18 20:45:18','2017-07-18 20:45:18'),(82,2,1,NULL,2,2,110,'2017-07-18 20:46:52','2017-07-18 20:46:52'),(83,2,1,NULL,2,2,111,'2017-07-18 20:47:06','2017-07-18 20:47:06'),(84,2,1,NULL,2,2,112,'2017-07-18 20:47:20','2017-07-18 20:47:20'),(85,2,1,NULL,2,2,113,'2017-07-18 20:52:27','2017-07-18 20:52:27'),(86,2,1,NULL,2,2,114,'2017-07-18 20:53:20','2017-07-18 20:53:20'),(87,2,1,NULL,2,2,115,'2017-07-18 20:53:29','2017-07-18 20:53:29'),(88,2,1,NULL,2,2,116,'2017-07-18 20:53:29','2017-07-18 20:53:29'),(89,2,1,NULL,2,2,117,'2017-07-18 20:54:27','2017-07-18 20:54:27'),(90,2,1,NULL,2,2,118,'2017-07-19 15:12:06','2017-07-19 15:12:06'),(91,2,1,NULL,2,2,119,'2017-07-19 15:14:41','2017-07-19 15:14:41'),(92,2,1,NULL,2,2,120,'2017-07-19 15:43:18','2017-07-19 15:43:18'),(93,2,1,NULL,2,2,121,'2017-07-19 18:19:51','2017-07-19 18:19:51'),(94,2,1,NULL,2,2,122,'2017-07-19 18:22:09','2017-07-19 18:22:09'),(95,2,1,NULL,2,2,123,'2017-07-19 18:24:59','2017-07-19 18:24:59'),(96,2,1,NULL,2,2,124,'2017-07-19 18:31:04','2017-07-19 18:31:04'),(97,2,1,NULL,2,2,125,'2017-07-19 18:35:21','2017-07-19 18:35:21'),(98,2,1,NULL,2,2,126,'2017-07-19 18:56:21','2017-07-19 18:56:21'),(99,2,1,NULL,2,2,127,'2017-07-19 19:55:05','2017-07-19 19:55:05'),(100,2,1,NULL,2,2,128,'2017-07-19 19:55:59','2017-07-19 19:55:59'),(101,2,1,NULL,2,2,129,'2017-07-19 19:56:18','2017-07-19 19:56:18'),(102,2,1,NULL,2,2,130,'2017-07-19 19:57:13','2017-07-19 19:57:13'),(103,2,1,NULL,2,2,131,'2017-07-19 19:58:35','2017-07-19 19:58:35'),(104,2,1,NULL,2,2,132,'2017-07-19 19:59:20','2017-07-19 19:59:20'),(105,2,1,NULL,2,2,133,'2017-07-19 20:00:28','2017-07-19 20:00:28'),(106,2,1,NULL,2,2,134,'2017-07-19 20:03:11','2017-07-19 20:03:11'),(107,2,1,NULL,2,2,135,'2017-07-19 20:05:29','2017-07-19 20:05:29'),(108,2,1,NULL,2,2,136,'2017-07-19 20:05:43','2017-07-19 20:05:43'),(109,2,1,NULL,2,2,137,'2017-07-19 20:07:46','2017-07-19 20:07:46'),(110,2,1,NULL,2,2,138,'2017-07-19 20:08:48','2017-07-19 20:08:48'),(111,2,1,NULL,2,2,139,'2017-07-19 20:09:38','2017-07-19 20:09:38'),(112,2,1,NULL,2,2,140,'2017-07-19 20:09:50','2017-07-19 20:09:50'),(113,2,1,NULL,2,2,141,'2017-07-19 20:10:22','2017-07-19 20:10:22'),(114,2,1,NULL,2,2,142,'2017-07-19 20:10:33','2017-07-19 20:10:33'),(115,2,1,NULL,2,2,143,'2017-07-19 20:10:46','2017-07-19 20:10:46'),(116,2,1,NULL,2,2,144,'2017-07-19 20:13:55','2017-07-19 20:13:55'),(117,2,1,NULL,2,2,145,'2017-07-19 20:19:24','2017-07-19 20:19:24'),(118,2,1,NULL,2,2,146,'2017-07-19 20:19:55','2017-07-19 20:19:55'),(119,1,2,NULL,2,2,147,'2017-07-20 08:43:49','2017-07-20 08:43:49'),(120,1,2,NULL,2,2,148,'2017-07-20 08:44:47','2017-07-20 08:44:47'),(121,1,2,NULL,2,2,149,'2017-07-20 08:46:11','2017-07-20 08:46:11'),(122,1,2,NULL,2,2,150,'2017-07-20 08:47:04','2017-07-20 08:47:04'),(123,1,2,NULL,2,2,151,'2017-07-20 09:35:44','2017-07-20 09:35:44'),(124,1,2,NULL,2,2,152,'2017-07-20 09:37:15','2017-07-20 09:37:15'),(125,1,2,NULL,2,2,153,'2017-07-20 09:37:54','2017-07-20 09:37:54'),(126,1,2,NULL,2,2,154,'2017-07-20 09:38:39','2017-07-20 09:38:39'),(127,1,2,NULL,2,2,155,'2017-07-20 09:38:57','2017-07-20 09:38:57'),(128,1,2,NULL,2,2,156,'2017-07-20 09:39:16','2017-07-20 09:39:16'),(129,2,1,NULL,2,2,157,'2017-07-20 09:40:02','2017-07-20 09:40:02'),(130,1,2,NULL,2,2,158,'2017-07-20 09:40:22','2017-07-20 09:40:22'),(131,2,1,NULL,2,2,159,'2017-07-20 09:40:41','2017-07-20 09:40:41'),(132,1,2,NULL,2,2,160,'2017-07-20 09:40:55','2017-07-20 09:40:55'),(133,1,2,NULL,2,2,161,'2017-07-20 09:41:31','2017-07-20 09:41:31'),(134,2,1,NULL,2,2,162,'2017-07-20 09:41:43','2017-07-20 09:41:43'),(135,1,2,NULL,2,2,163,'2017-07-20 11:05:01','2017-07-20 11:05:01'),(136,2,1,NULL,2,2,164,'2017-07-20 11:06:14','2017-07-20 11:06:14'),(137,2,1,NULL,2,2,165,'2017-07-20 12:28:07','2017-07-20 12:28:07'),(138,2,1,NULL,2,2,166,'2017-07-20 19:14:18','2017-07-20 19:14:18'),(139,2,1,NULL,2,2,167,'2017-07-20 19:14:30','2017-07-20 19:14:30'),(140,1,2,NULL,2,2,168,'2017-07-23 11:48:38','2017-07-23 11:48:38'),(141,1,2,NULL,2,2,169,'2017-07-23 12:12:52','2017-07-23 12:12:52'),(142,1,2,NULL,2,2,170,'2017-07-24 08:17:00','2017-07-24 08:17:00'),(143,2,1,NULL,2,2,171,'2017-07-24 08:36:36','2017-07-24 08:36:36'),(144,2,1,NULL,2,2,172,'2017-07-24 08:50:53','2017-07-24 08:50:53'),(145,2,1,NULL,2,2,173,'2017-07-24 09:30:21','2017-07-24 09:30:21'),(146,2,1,NULL,2,2,174,'2017-07-24 09:30:40','2017-07-24 09:30:40'),(147,2,1,NULL,2,2,175,'2017-07-24 09:31:00','2017-07-24 09:31:00'),(148,2,1,NULL,2,2,176,'2017-07-24 09:31:29','2017-07-24 09:31:29'),(149,2,1,NULL,2,2,177,'2017-07-24 09:38:00','2017-07-24 09:38:00'),(150,2,1,NULL,2,2,178,'2017-07-24 09:42:49','2017-07-24 09:42:49'),(151,2,1,NULL,2,2,179,'2017-07-24 09:48:17','2017-07-24 09:48:17'),(152,2,1,NULL,2,2,180,'2017-07-24 10:03:14','2017-07-24 10:03:14'),(153,2,1,NULL,2,2,181,'2017-07-24 10:08:00','2017-07-24 10:08:00'),(154,2,1,NULL,2,2,182,'2017-07-24 10:11:46','2017-07-24 10:11:46'),(155,2,1,NULL,2,2,183,'2017-07-24 10:28:06','2017-07-24 10:28:06'),(156,2,1,NULL,2,2,184,'2017-07-24 10:28:19','2017-07-24 10:28:19'),(157,2,1,NULL,2,2,185,'2017-07-24 10:28:34','2017-07-24 10:28:34'),(158,2,1,NULL,2,2,186,'2017-07-24 12:08:59','2017-07-24 12:08:59'),(159,2,1,NULL,2,2,187,'2017-07-24 12:17:44','2017-07-24 12:17:44'),(160,2,1,NULL,2,2,188,'2017-07-24 12:52:00','2017-07-24 12:52:00'),(161,2,1,NULL,2,2,189,'2017-07-24 13:03:05','2017-07-24 13:03:05'),(162,2,1,NULL,2,2,190,'2017-07-24 13:03:55','2017-07-24 13:03:55'),(163,2,1,NULL,2,2,191,'2017-07-24 13:04:09','2017-07-24 13:04:09'),(164,2,1,NULL,2,2,192,'2017-07-24 13:05:12','2017-07-24 13:05:12'),(165,2,1,NULL,2,2,193,'2017-07-24 13:24:06','2017-07-24 13:24:06'),(166,2,1,NULL,2,2,194,'2017-07-24 13:35:55','2017-07-24 13:35:55'),(167,2,1,NULL,2,2,195,'2017-07-24 13:36:07','2017-07-24 13:36:07'),(168,2,1,NULL,2,2,196,'2017-07-24 19:17:51','2017-07-24 19:17:51'),(169,2,1,NULL,2,2,197,'2017-07-24 19:19:38','2017-07-24 19:19:38'),(170,1,2,NULL,2,2,198,'2017-07-24 20:10:57','2017-07-24 20:10:57'),(171,1,2,NULL,2,2,199,'2017-07-24 20:11:09','2017-07-24 20:11:09'),(172,2,1,NULL,2,2,200,'2017-07-25 08:48:48','2017-07-25 08:48:48'),(173,2,1,NULL,2,2,201,'2017-07-25 08:49:03','2017-07-25 08:49:03'),(174,2,1,NULL,2,2,202,'2017-07-25 08:49:49','2017-07-25 08:49:49'),(175,2,1,NULL,2,2,203,'2017-07-25 09:06:19','2017-07-25 09:06:19'),(176,2,1,NULL,2,2,204,'2017-07-25 09:08:33','2017-07-25 09:08:33'),(177,2,1,NULL,2,2,205,'2017-07-25 09:08:41','2017-07-25 09:08:41'),(178,3,1,NULL,2,2,206,'2017-07-25 09:24:35','2017-07-25 09:24:35'),(179,3,1,NULL,2,2,207,'2017-07-25 09:24:48','2017-07-25 09:24:48'),(180,3,1,NULL,2,2,208,'2017-07-25 09:24:56','2017-07-25 09:24:56'),(181,3,1,NULL,2,2,209,'2017-07-25 10:47:49','2017-07-25 10:47:49'),(182,3,1,NULL,2,2,210,'2017-07-25 10:48:13','2017-07-25 10:48:13'),(183,3,1,NULL,2,2,211,'2017-07-25 15:35:57','2017-07-25 15:35:57'),(184,3,1,NULL,2,2,212,'2017-07-25 15:36:42','2017-07-25 15:36:42'),(185,3,1,NULL,2,2,213,'2017-07-25 15:37:13','2017-07-25 15:37:13'),(186,3,1,NULL,2,2,214,'2017-07-25 15:37:22','2017-07-25 15:37:22'),(187,3,1,NULL,2,2,215,'2017-07-25 15:38:03','2017-07-25 15:38:03'),(188,3,1,NULL,2,2,216,'2017-07-25 15:42:36','2017-07-25 15:42:36'),(189,3,1,NULL,2,2,217,'2017-07-25 15:42:39','2017-07-25 15:42:39'),(190,3,1,NULL,2,2,218,'2017-07-25 15:42:43','2017-07-25 15:42:43'),(191,3,1,NULL,2,2,219,'2017-07-25 15:49:03','2017-07-25 15:49:03'),(192,3,1,NULL,2,2,220,'2017-07-25 15:56:33','2017-07-25 15:56:33'),(193,3,1,NULL,2,2,221,'2017-07-25 15:57:27','2017-07-25 15:57:27'),(194,3,1,NULL,2,2,222,'2017-07-25 15:58:02','2017-07-25 15:58:02'),(195,3,1,NULL,2,2,223,'2017-07-25 16:14:24','2017-07-25 16:14:24'),(196,1,2,NULL,2,2,224,'2017-07-25 17:01:25','2017-07-25 17:01:25'),(197,2,1,NULL,2,2,225,'2017-07-25 17:07:41','2017-07-25 17:07:41'),(198,1,2,NULL,2,2,226,'2017-07-25 17:08:07','2017-07-25 17:08:07'),(199,1,2,NULL,2,2,227,'2017-07-25 17:09:34','2017-07-25 17:09:34'),(200,2,1,NULL,2,2,228,'2017-07-25 17:36:58','2017-07-25 17:36:58'),(201,1,2,NULL,2,2,229,'2017-07-25 17:37:26','2017-07-25 17:37:26'),(202,1,2,NULL,2,2,230,'2017-07-25 17:37:41','2017-07-25 17:37:41'),(203,1,2,NULL,2,2,231,'2017-07-25 17:38:02','2017-07-25 17:38:02'),(204,1,2,NULL,2,2,232,'2017-07-25 17:38:25','2017-07-25 17:38:25'),(205,1,3,NULL,2,2,233,'2017-07-25 17:38:52','2017-07-25 17:38:52'),(206,1,2,NULL,2,2,234,'2017-07-26 09:52:38','2017-07-26 09:52:38'),(207,2,1,NULL,2,2,235,'2017-07-26 09:58:15','2017-07-26 09:58:15'),(208,2,1,NULL,2,2,236,'2017-07-26 09:58:27','2017-07-26 09:58:27'),(209,1,2,NULL,2,2,237,'2017-07-26 10:44:49','2017-07-26 10:44:49'),(210,1,2,NULL,2,2,238,'2017-07-26 10:45:12','2017-07-26 10:45:12'),(211,1,3,NULL,2,2,239,'2017-07-26 10:46:17','2017-07-26 10:46:17'),(212,60,1,NULL,2,2,240,'2017-07-26 12:46:08','2017-07-26 12:46:08'),(213,2,1,NULL,2,2,241,'2017-07-26 15:33:44','2017-07-26 15:33:44'),(214,2,1,NULL,2,2,242,'2017-07-26 15:34:07','2017-07-26 15:34:07'),(215,2,1,NULL,2,2,243,'2017-07-26 15:34:56','2017-07-26 15:34:56'),(216,2,1,NULL,2,2,244,'2017-07-26 15:35:06','2017-07-26 15:35:06'),(217,2,1,NULL,2,2,245,'2017-07-26 15:35:55','2017-07-26 15:35:55'),(218,2,1,NULL,2,2,246,'2017-07-26 15:36:02','2017-07-26 15:36:02'),(219,2,1,NULL,2,2,247,'2017-07-26 15:36:31','2017-07-26 15:36:31'),(220,2,1,NULL,2,2,248,'2017-07-26 15:37:16','2017-07-26 15:37:16'),(221,2,1,NULL,2,2,249,'2017-07-26 15:38:08','2017-07-26 15:38:08'),(222,2,1,NULL,2,2,250,'2017-07-26 15:38:16','2017-07-26 15:38:16'),(223,2,1,NULL,2,2,251,'2017-07-26 15:40:20','2017-07-26 15:40:20'),(224,2,1,NULL,2,2,252,'2017-07-26 15:40:36','2017-07-26 15:40:36'),(225,2,1,NULL,2,2,253,'2017-07-26 15:41:38','2017-07-26 15:41:38'),(226,2,1,NULL,2,2,254,'2017-07-26 15:43:44','2017-07-26 15:43:44'),(227,2,1,NULL,2,2,255,'2017-07-26 15:43:56','2017-07-26 15:43:56'),(228,2,1,NULL,2,2,256,'2017-07-26 15:47:19','2017-07-26 15:47:19'),(229,2,1,NULL,2,2,257,'2017-07-26 15:48:41','2017-07-26 15:48:41'),(230,2,1,NULL,2,2,258,'2017-07-26 15:49:13','2017-07-26 15:49:13'),(231,2,1,NULL,2,2,259,'2017-07-26 15:49:26','2017-07-26 15:49:26'),(232,60,1,NULL,2,2,260,'2017-07-26 18:07:42','2017-07-26 18:07:42'),(233,60,1,NULL,2,2,261,'2017-07-26 18:13:07','2017-07-26 18:13:07'),(234,1,2,NULL,2,2,262,'2017-07-26 19:53:19','2017-07-26 19:53:19'),(235,2,1,NULL,2,2,263,'2017-07-26 19:53:42','2017-07-26 19:53:42'),(236,2,1,NULL,2,2,264,'2017-07-26 19:53:47','2017-07-26 19:53:47'),(237,2,1,NULL,2,2,265,'2017-07-26 19:53:51','2017-07-26 19:53:51'),(238,2,1,NULL,2,2,266,'2017-07-26 19:53:55','2017-07-26 19:53:55'),(239,2,1,NULL,2,2,267,'2017-07-26 19:56:15','2017-07-26 19:56:15'),(240,2,1,NULL,2,2,268,'2017-07-26 19:57:34','2017-07-26 19:57:34'),(241,2,1,NULL,2,2,269,'2017-07-26 19:58:43','2017-07-26 19:58:43'),(242,2,1,NULL,2,2,270,'2017-07-26 19:58:47','2017-07-26 19:58:47'),(243,2,1,NULL,2,2,271,'2017-07-26 19:58:51','2017-07-26 19:58:51'),(244,2,1,NULL,2,2,272,'2017-07-26 20:00:33','2017-07-26 20:00:33'),(245,2,1,NULL,2,2,273,'2017-07-26 20:00:37','2017-07-26 20:00:37'),(246,2,1,NULL,2,2,274,'2017-07-26 20:00:41','2017-07-26 20:00:41'),(247,2,1,NULL,2,2,275,'2017-07-26 20:00:45','2017-07-26 20:00:45'),(248,2,1,NULL,2,2,276,'2017-07-26 20:11:30','2017-07-26 20:11:30'),(249,2,1,NULL,2,2,277,'2017-07-26 20:11:39','2017-07-26 20:11:39'),(250,2,1,NULL,2,2,278,'2017-07-26 20:11:42','2017-07-26 20:11:42'),(251,2,1,NULL,2,2,279,'2017-07-26 20:11:46','2017-07-26 20:11:46'),(252,2,1,NULL,2,2,280,'2017-07-26 20:11:57','2017-07-26 20:11:57'),(253,2,1,NULL,2,2,281,'2017-07-26 20:13:36','2017-07-26 20:13:36'),(254,2,1,NULL,2,2,282,'2017-07-26 20:13:39','2017-07-26 20:13:39'),(255,2,1,NULL,2,2,283,'2017-07-26 20:13:42','2017-07-26 20:13:42'),(256,2,1,NULL,2,2,284,'2017-07-26 20:16:03','2017-07-26 20:16:03'),(257,2,1,NULL,2,2,285,'2017-07-26 20:16:13','2017-07-26 20:16:13'),(258,1,3,NULL,2,2,286,'2017-07-26 20:23:57','2017-07-26 20:23:57'),(259,2,1,NULL,2,2,287,'2017-07-27 11:41:37','2017-07-27 11:41:37'),(260,2,1,NULL,2,2,288,'2017-07-27 11:41:41','2017-07-27 11:41:41'),(261,2,1,NULL,2,2,289,'2017-07-27 11:42:55','2017-07-27 11:42:55'),(262,2,1,NULL,2,2,290,'2017-07-27 11:56:36','2017-07-27 11:56:36'),(263,2,1,NULL,2,2,291,'2017-07-27 11:56:42','2017-07-27 11:56:42'),(264,2,1,NULL,2,2,292,'2017-07-27 12:04:19','2017-07-27 12:04:19'),(265,2,1,NULL,2,2,293,'2017-07-27 12:04:24','2017-07-27 12:04:24'),(266,2,1,NULL,2,2,294,'2017-07-27 12:14:04','2017-07-27 12:14:04'),(267,2,1,NULL,2,2,295,'2017-07-27 12:14:08','2017-07-27 12:14:08'),(268,2,1,NULL,2,2,296,'2017-07-27 12:16:11','2017-07-27 12:16:11'),(269,2,1,NULL,2,2,297,'2017-07-27 12:16:15','2017-07-27 12:16:15'),(270,2,1,NULL,2,2,298,'2017-07-27 12:17:04','2017-07-27 12:17:04'),(271,2,1,NULL,2,2,299,'2017-07-27 12:20:31','2017-07-27 12:20:31'),(272,2,1,NULL,2,2,300,'2017-07-27 12:20:35','2017-07-27 12:20:35'),(273,2,1,NULL,2,2,301,'2017-07-27 12:22:17','2017-07-27 12:22:17'),(274,2,1,NULL,2,2,302,'2017-07-27 12:22:25','2017-07-27 12:22:25'),(275,2,1,NULL,2,2,303,'2017-07-27 12:22:30','2017-07-27 12:22:30'),(276,2,1,NULL,2,2,304,'2017-07-27 12:24:18','2017-07-27 12:24:18'),(277,2,1,NULL,2,2,305,'2017-07-27 12:24:22','2017-07-27 12:24:22'),(278,1,2,NULL,2,2,306,'2017-07-27 14:04:47','2017-07-27 14:04:47'),(279,1,2,NULL,2,2,307,'2017-07-27 14:05:54','2017-07-27 14:05:54'),(280,1,2,NULL,2,2,308,'2017-07-27 14:15:58','2017-07-27 14:15:58'),(281,1,2,NULL,2,2,309,'2017-07-27 14:18:43','2017-07-27 14:18:43'),(282,1,2,NULL,2,2,310,'2017-07-27 14:19:52','2017-07-27 14:19:52'),(283,1,2,NULL,2,2,311,'2017-07-27 14:36:19','2017-07-27 14:36:19'),(284,1,3,NULL,2,2,312,'2017-07-27 14:36:40','2017-07-27 14:36:40'),(285,1,3,NULL,2,2,313,'2017-07-27 14:55:33','2017-07-27 14:55:33'),(286,1,3,NULL,2,2,314,'2017-07-27 14:59:01','2017-07-27 14:59:01'),(287,1,3,NULL,2,2,315,'2017-07-27 14:59:25','2017-07-27 14:59:25'),(288,1,3,NULL,2,2,316,'2017-07-27 14:59:32','2017-07-27 14:59:32'),(289,1,3,NULL,2,2,317,'2017-07-27 14:59:44','2017-07-27 14:59:44'),(290,1,2,NULL,2,1,74,'2017-07-27 15:00:09','2017-07-27 15:00:09'),(291,1,3,NULL,2,2,318,'2017-07-27 15:00:30','2017-07-27 15:00:30'),(292,1,3,NULL,2,2,319,'2017-07-27 15:02:27','2017-07-27 15:02:27'),(293,1,3,NULL,2,2,320,'2017-07-27 15:24:16','2017-07-27 15:24:16'),(294,1,3,NULL,2,2,321,'2017-07-27 15:25:00','2017-07-27 15:25:00'),(295,1,3,NULL,2,2,322,'2017-07-27 15:25:08','2017-07-27 15:25:08'),(296,1,3,NULL,2,2,323,'2017-07-27 15:25:36','2017-07-27 15:25:36'),(297,1,3,NULL,2,2,324,'2017-07-27 15:26:59','2017-07-27 15:26:59'),(298,1,3,NULL,2,2,325,'2017-07-27 15:30:52','2017-07-27 15:30:52'),(299,1,3,NULL,2,2,326,'2017-07-27 15:31:56','2017-07-27 15:31:56'),(300,1,3,NULL,2,2,327,'2017-07-27 15:32:07','2017-07-27 15:32:07'),(301,1,3,NULL,2,2,328,'2017-07-27 15:32:51','2017-07-27 15:32:51'),(302,1,3,NULL,2,2,329,'2017-07-27 15:32:57','2017-07-27 15:32:57'),(303,1,3,NULL,2,2,330,'2017-07-27 15:33:04','2017-07-27 15:33:04'),(304,2,1,NULL,2,2,331,'2017-07-27 17:03:44','2017-07-27 17:03:44'),(305,2,1,NULL,2,2,332,'2017-07-27 17:03:57','2017-07-27 17:03:57'),(306,1,2,NULL,2,2,333,'2017-07-27 17:06:47','2017-07-27 17:06:47'),(307,1,2,NULL,2,2,334,'2017-07-27 17:17:05','2017-07-27 17:17:05'),(308,2,1,NULL,2,2,335,'2017-07-27 17:18:00','2017-07-27 17:18:00'),(309,2,1,NULL,2,2,336,'2017-07-27 17:18:09','2017-07-27 17:18:09'),(310,2,1,NULL,2,2,337,'2017-07-27 17:19:02','2017-07-27 17:19:02'),(311,2,1,NULL,2,2,338,'2017-07-27 17:28:01','2017-07-27 17:28:01'),(312,2,1,NULL,2,2,339,'2017-07-27 17:28:07','2017-07-27 17:28:07'),(313,2,1,NULL,2,2,340,'2017-07-27 17:28:26','2017-07-27 17:28:26'),(314,2,1,NULL,2,2,341,'2017-07-27 17:28:47','2017-07-27 17:28:47'),(315,2,1,NULL,2,2,342,'2017-07-27 17:29:02','2017-07-27 17:29:02'),(316,2,1,NULL,2,2,343,'2017-07-27 17:29:13','2017-07-27 17:29:13'),(317,2,1,NULL,2,2,344,'2017-07-27 17:39:24','2017-07-27 17:39:24'),(318,2,1,NULL,2,2,345,'2017-07-27 17:39:35','2017-07-27 17:39:35'),(319,2,1,NULL,2,2,346,'2017-07-27 17:41:20','2017-07-27 17:41:20'),(320,2,1,NULL,2,2,347,'2017-07-27 17:46:35','2017-07-27 17:46:35'),(321,2,1,NULL,2,2,348,'2017-07-27 17:47:19','2017-07-27 17:47:19'),(322,2,1,NULL,2,2,349,'2017-07-27 17:47:43','2017-07-27 17:47:43'),(323,2,1,NULL,2,2,350,'2017-07-27 17:47:51','2017-07-27 17:47:51'),(324,2,1,NULL,2,2,351,'2017-07-27 17:47:57','2017-07-27 17:47:57'),(325,1,2,NULL,2,2,352,'2017-07-27 17:48:31','2017-07-27 17:48:31'),(326,1,2,NULL,2,2,353,'2017-07-27 17:48:45','2017-07-27 17:48:45'),(327,1,2,NULL,2,2,354,'2017-07-27 17:49:13','2017-07-27 17:49:13'),(328,2,1,NULL,2,2,355,'2017-07-27 17:49:23','2017-07-27 17:49:23'),(329,2,1,NULL,2,2,356,'2017-07-29 16:16:37','2017-07-29 16:16:37'),(330,2,1,NULL,2,2,357,'2017-07-29 16:16:40','2017-07-29 16:16:40'),(331,2,1,NULL,2,2,358,'2017-07-29 16:16:43','2017-07-29 16:16:43'),(332,2,1,NULL,2,2,359,'2017-07-29 16:16:48','2017-07-29 16:16:48'),(333,2,1,NULL,2,2,360,'2017-07-30 13:38:37','2017-07-30 13:38:37'),(334,2,1,NULL,2,2,361,'2017-07-30 13:38:41','2017-07-30 13:38:41'),(335,2,1,NULL,2,2,362,'2017-07-30 13:38:44','2017-07-30 13:38:44'),(336,2,1,NULL,2,2,363,'2017-07-30 13:44:52','2017-07-30 13:44:52'),(337,2,1,NULL,2,2,364,'2017-07-30 13:44:55','2017-07-30 13:44:55'),(351,2,1,NULL,2,4,16,'2017-07-31 11:43:39','2017-07-31 11:43:39'),(352,2,1,NULL,2,1,75,'2017-07-31 11:44:07','2017-07-31 11:44:07'),(353,2,1,NULL,2,1,76,'2017-07-31 11:44:22','2017-07-31 11:44:22'),(354,2,1,NULL,2,4,17,'2017-07-31 12:00:42','2017-07-31 12:00:42'),(355,2,1,NULL,2,4,18,'2017-07-31 12:02:26','2017-07-31 12:02:26'),(356,2,1,NULL,2,4,19,'2017-07-31 12:03:02','2017-07-31 12:03:02'),(357,2,1,NULL,2,4,20,'2017-07-31 12:08:54','2017-07-31 12:08:54'),(358,2,1,NULL,2,4,21,'2017-07-31 12:31:17','2017-07-31 12:31:17'),(359,2,1,NULL,2,4,22,'2017-07-31 12:44:51','2017-07-31 12:44:51'),(360,2,1,NULL,2,4,23,'2017-07-31 12:45:25','2017-07-31 12:45:25'),(361,2,1,NULL,2,4,24,'2017-07-31 12:46:29','2017-07-31 12:46:29'),(362,2,1,NULL,2,4,25,'2017-07-31 12:50:40','2017-07-31 12:50:40'),(363,2,1,NULL,2,2,365,'2017-07-31 12:52:50','2017-07-31 12:52:50'),(364,2,1,NULL,2,2,366,'2017-07-31 12:53:05','2017-07-31 12:53:05'),(365,2,1,NULL,2,4,26,'2017-07-31 12:54:38','2017-07-31 12:54:38'),(366,2,1,NULL,2,4,27,'2017-07-31 12:58:22','2017-07-31 12:58:22'),(367,2,1,NULL,2,4,28,'2017-07-31 13:01:38','2017-07-31 13:01:38'),(368,2,1,NULL,2,2,367,'2017-07-31 13:51:14','2017-07-31 13:51:14'),(369,2,1,NULL,2,2,368,'2017-07-31 13:51:21','2017-07-31 13:51:21'),(370,3,1,NULL,2,2,369,'2017-07-31 14:00:38','2017-07-31 14:00:38'),(371,3,1,NULL,2,2,370,'2017-07-31 14:00:40','2017-07-31 14:00:40'),(372,3,1,NULL,2,2,371,'2017-07-31 14:01:03','2017-07-31 14:01:03'),(373,3,1,NULL,2,2,372,'2017-07-31 14:14:26','2017-07-31 14:14:26'),(374,3,1,NULL,2,2,373,'2017-07-31 14:14:33','2017-07-31 14:14:33'),(375,3,1,NULL,2,2,374,'2017-07-31 14:14:40','2017-07-31 14:14:40'),(376,3,1,NULL,2,2,375,'2017-07-31 14:15:09','2017-07-31 14:15:09'),(377,2,1,NULL,2,2,376,'2017-07-31 14:16:51','2017-07-31 14:16:51'),(378,2,1,NULL,2,2,377,'2017-07-31 14:17:06','2017-07-31 14:17:06'),(379,2,1,NULL,2,2,378,'2017-07-31 14:17:24','2017-07-31 14:17:24'),(380,2,1,NULL,2,2,379,'2017-07-31 14:17:30','2017-07-31 14:17:30'),(381,2,1,NULL,2,2,380,'2017-07-31 14:17:41','2017-07-31 14:17:41'),(382,2,1,NULL,2,2,381,'2017-07-31 14:17:47','2017-07-31 14:17:47'),(383,2,1,NULL,2,2,382,'2017-07-31 20:03:16','2017-07-31 20:03:16'),(384,2,1,NULL,2,2,383,'2017-07-31 20:03:26','2017-07-31 20:03:26'),(385,2,1,NULL,2,2,384,'2017-07-31 20:03:31','2017-07-31 20:03:31'),(386,2,1,NULL,2,2,385,'2017-07-31 20:09:22','2017-07-31 20:09:22'),(387,2,1,NULL,2,2,386,'2017-07-31 20:09:24','2017-07-31 20:09:24'),(388,2,1,NULL,2,2,387,'2017-07-31 20:09:27','2017-07-31 20:09:27'),(389,2,1,NULL,2,2,388,'2017-07-31 20:09:30','2017-07-31 20:09:30'),(390,2,1,NULL,2,2,389,'2017-07-31 20:09:33','2017-07-31 20:09:33'),(395,2,1,NULL,2,4,5,'2017-07-31 21:41:38','2017-07-31 21:41:38'),(396,3,1,NULL,2,4,6,'2017-07-31 21:43:39','2017-07-31 21:43:39'),(397,2,1,NULL,2,4,7,'2017-08-01 17:32:57','2017-08-01 17:32:57'),(398,2,1,NULL,2,4,8,'2017-08-01 17:33:47','2017-08-01 17:33:47'),(399,2,1,NULL,2,4,9,'2017-08-01 17:34:59','2017-08-01 17:34:59'),(400,2,1,NULL,2,4,10,'2017-08-01 17:36:10','2017-08-01 17:36:10'),(401,2,1,NULL,2,4,11,'2017-08-01 17:38:02','2017-08-01 17:38:02'),(402,2,1,NULL,2,4,12,'2017-08-01 17:39:57','2017-08-01 17:39:57'),(403,2,1,NULL,2,4,13,'2017-08-01 17:40:33','2017-08-01 17:40:33'),(404,2,1,NULL,2,4,14,'2017-08-01 17:54:57','2017-08-01 17:54:57'),(405,2,1,NULL,2,4,15,'2017-08-01 17:55:45','2017-08-01 17:55:45'),(406,2,1,NULL,2,4,16,'2017-08-01 17:58:32','2017-08-01 17:58:32'),(407,2,1,NULL,2,4,17,'2017-08-01 17:59:09','2017-08-01 17:59:09'),(408,2,1,NULL,2,4,18,'2017-08-01 18:07:19','2017-08-01 18:07:19'),(409,2,1,NULL,2,4,19,'2017-08-01 18:09:47','2017-08-01 18:09:47'),(410,2,1,NULL,2,4,20,'2017-08-01 18:13:21','2017-08-01 18:13:21'),(411,2,1,NULL,2,4,21,'2017-08-01 18:16:42','2017-08-01 18:16:42'),(412,2,1,NULL,2,4,22,'2017-08-01 18:18:37','2017-08-01 18:18:37'),(413,2,1,NULL,2,4,23,'2017-08-01 18:21:37','2017-08-01 18:21:37'),(414,1,3,NULL,2,2,390,'2017-08-01 19:06:53','2017-08-01 19:06:53'),(415,1,3,NULL,2,2,391,'2017-08-01 19:40:33','2017-08-01 19:40:33'),(416,1,3,NULL,2,2,392,'2017-08-01 19:40:52','2017-08-01 19:40:52'),(417,1,3,NULL,2,2,393,'2017-08-01 20:36:19','2017-08-01 20:36:19'),(418,1,3,NULL,2,2,394,'2017-08-01 20:36:23','2017-08-01 20:36:23'),(419,1,3,NULL,2,2,395,'2017-08-01 20:42:39','2017-08-01 20:42:39'),(420,1,3,NULL,2,2,396,'2017-08-01 20:42:44','2017-08-01 20:42:44'),(421,2,1,NULL,2,2,397,'2017-08-01 20:55:35','2017-08-01 20:55:35'),(422,2,1,NULL,2,2,398,'2017-08-01 20:55:39','2017-08-01 20:55:39'),(423,2,1,NULL,2,2,399,'2017-08-01 20:56:39','2017-08-01 20:56:39'),(424,2,1,NULL,2,2,400,'2017-08-01 20:57:05','2017-08-01 20:57:05'),(425,2,1,NULL,2,2,401,'2017-08-01 20:57:25','2017-08-01 20:57:25'),(426,2,1,NULL,2,2,402,'2017-08-01 20:57:28','2017-08-01 20:57:28'),(427,2,1,NULL,2,2,403,'2017-08-01 20:57:41','2017-08-01 20:57:41'),(428,2,1,NULL,2,2,404,'2017-08-01 21:00:36','2017-08-01 21:00:36'),(429,2,1,NULL,2,2,405,'2017-08-01 21:35:32','2017-08-01 21:35:32'),(430,1,2,NULL,2,1,77,'2017-08-10 18:55:25','2017-08-10 18:55:25'),(431,1,2,NULL,2,1,78,'2017-08-10 18:55:31','2017-08-10 18:55:31'),(432,1,2,NULL,2,1,79,'2017-08-10 18:56:30','2017-08-10 18:56:30'),(433,2,1,NULL,2,5,13,'2017-08-13 11:07:56','2017-08-13 11:07:56'),(434,1,2,NULL,2,5,13,'2017-08-13 11:09:30','2017-08-13 11:09:30'),(435,1,2,NULL,2,5,13,'2017-08-13 11:11:31','2017-08-13 11:11:31'),(436,1,2,NULL,2,5,13,'2017-08-13 11:13:41','2017-08-13 11:13:41'),(437,1,2,NULL,2,5,13,'2017-08-13 11:19:25','2017-08-13 11:19:25'),(438,1,2,NULL,2,5,13,'2017-08-13 11:21:09','2017-08-13 11:21:09'),(439,1,2,NULL,2,5,13,'2017-08-13 11:22:39','2017-08-13 11:22:39'),(440,1,2,NULL,2,5,13,'2017-08-13 11:23:33','2017-08-13 11:23:33'),(441,1,2,NULL,2,5,13,'2017-08-13 11:24:28','2017-08-13 11:24:28'),(442,1,2,NULL,2,5,13,'2017-08-13 11:27:36','2017-08-13 11:27:36'),(443,1,2,NULL,2,5,13,'2017-08-13 11:56:54','2017-08-13 11:56:54'),(444,1,2,NULL,2,5,13,'2017-08-13 12:09:44','2017-08-13 12:09:44'),(445,1,2,NULL,2,5,13,'2017-08-13 12:11:36','2017-08-13 12:11:36'),(446,1,2,NULL,2,5,13,'2017-08-13 12:15:43','2017-08-13 12:15:43'),(447,1,2,NULL,2,5,13,'2017-08-13 12:18:26','2017-08-13 12:18:26'),(448,1,2,NULL,2,5,13,'2017-08-13 12:18:42','2017-08-13 12:18:42'),(449,1,2,NULL,2,5,13,'2017-08-13 12:20:22','2017-08-13 12:20:22'),(450,1,2,NULL,2,5,13,'2017-08-13 12:41:08','2017-08-13 12:41:08'),(451,1,2,NULL,2,5,13,'2017-08-13 12:43:39','2017-08-13 12:43:39'),(452,2,1,NULL,2,5,13,'2017-08-13 12:47:24','2017-08-13 12:47:24'),(453,1,2,NULL,2,5,13,'2017-08-13 12:55:48','2017-08-13 12:55:48'),(454,1,2,NULL,2,5,13,'2017-08-13 12:58:47','2017-08-13 12:58:47'),(455,1,2,NULL,2,5,13,'2017-08-13 12:58:52','2017-08-13 12:58:52'),(456,1,2,NULL,2,5,13,'2017-08-13 13:01:57','2017-08-13 13:01:57'),(457,1,2,NULL,2,5,13,'2017-08-13 13:05:49','2017-08-13 13:05:49'),(458,1,2,NULL,2,5,13,'2017-08-13 13:09:38','2017-08-13 13:09:38'),(459,1,2,NULL,2,5,13,'2017-08-13 13:41:35','2017-08-13 13:41:35'),(460,1,2,NULL,2,5,13,'2017-08-13 13:45:01','2017-08-13 13:45:01'),(461,1,2,NULL,2,5,13,'2017-08-13 13:50:15','2017-08-13 13:50:15'),(462,1,2,NULL,2,5,13,'2017-08-13 13:58:29','2017-08-13 13:58:29'),(463,1,2,NULL,2,5,13,'2017-08-13 14:02:09','2017-08-13 14:02:09'),(464,1,2,NULL,2,5,13,'2017-08-13 14:13:39','2017-08-13 14:13:39'),(465,1,2,NULL,2,5,13,'2017-08-13 14:14:40','2017-08-13 14:14:40'),(466,1,2,NULL,2,5,13,'2017-08-13 14:20:53','2017-08-13 14:20:53'),(467,1,2,NULL,2,5,13,'2017-08-13 14:26:02','2017-08-13 14:26:02'),(468,1,2,NULL,2,5,13,'2017-08-13 14:27:57','2017-08-13 14:27:57'),(469,1,2,NULL,2,5,13,'2017-08-13 14:32:53','2017-08-13 14:32:53'),(470,1,2,NULL,2,5,13,'2017-08-13 14:40:25','2017-08-13 14:40:25'),(471,1,2,NULL,2,5,13,'2017-08-13 14:43:04','2017-08-13 14:43:04'),(472,1,2,NULL,2,5,13,'2017-08-13 14:46:26','2017-08-13 14:46:26'),(473,1,2,NULL,2,5,13,'2017-08-13 14:47:57','2017-08-13 14:47:57'),(474,1,2,NULL,2,5,13,'2017-08-13 14:49:51','2017-08-13 14:49:51'),(475,1,2,NULL,2,5,13,'2017-08-13 14:52:34','2017-08-13 14:52:34'),(476,1,2,NULL,2,5,13,'2017-08-13 14:53:10','2017-08-13 14:53:10'),(477,1,2,NULL,2,5,13,'2017-08-13 14:54:58','2017-08-13 14:54:58'),(478,1,2,NULL,2,5,13,'2017-08-13 14:57:58','2017-08-13 14:57:58'),(479,1,2,NULL,2,5,13,'2017-08-13 15:30:21','2017-08-13 15:30:21'),(480,1,2,NULL,2,5,13,'2017-08-13 15:31:51','2017-08-13 15:31:51'),(481,1,2,NULL,2,5,13,'2017-08-13 16:06:04','2017-08-13 16:06:04'),(482,1,2,NULL,2,5,13,'2017-08-13 16:08:55','2017-08-13 16:08:55'),(483,1,2,NULL,2,5,13,'2017-08-13 16:12:13','2017-08-13 16:12:13'),(484,1,2,NULL,2,5,13,'2017-08-13 16:52:12','2017-08-13 16:52:12'),(485,1,2,NULL,2,5,13,'2017-08-13 16:58:31','2017-08-13 16:58:31'),(486,1,2,NULL,2,5,13,'2017-08-13 17:03:44','2017-08-13 17:03:44'),(487,1,2,NULL,2,5,13,'2017-08-13 17:04:52','2017-08-13 17:04:52'),(488,1,2,NULL,2,5,13,'2017-08-13 17:05:13','2017-08-13 17:05:13'),(489,1,2,NULL,2,6,38,'2017-08-14 17:17:30','2017-08-14 17:17:30'),(490,1,2,NULL,2,6,39,'2017-08-14 17:24:16','2017-08-14 17:24:16'),(491,1,2,NULL,2,6,40,'2017-08-14 17:24:50','2017-08-14 17:24:50'),(492,1,2,NULL,2,6,41,'2017-08-14 17:29:19','2017-08-14 17:29:19'),(493,1,2,NULL,2,6,42,'2017-08-14 17:29:37','2017-08-14 17:29:37'),(494,1,2,NULL,2,6,43,'2017-08-14 17:56:03','2017-08-14 17:56:03'),(495,1,2,NULL,2,6,44,'2017-08-14 17:56:57','2017-08-14 17:56:57'),(496,1,2,NULL,2,6,45,'2017-08-14 17:58:09','2017-08-14 17:58:09'),(497,1,2,NULL,2,6,46,'2017-08-14 17:59:48','2017-08-14 17:59:48'),(498,1,2,NULL,2,6,47,'2017-08-14 18:00:04','2017-08-14 18:00:04'),(499,1,2,NULL,2,6,48,'2017-08-15 10:30:49','2017-08-15 10:30:49'),(500,1,2,NULL,2,6,49,'2017-08-15 11:31:24','2017-08-15 11:31:24'),(501,1,2,NULL,2,6,50,'2017-08-15 12:15:26','2017-08-15 12:15:26'),(502,1,2,NULL,2,6,51,'2017-08-15 12:22:06','2017-08-15 12:22:06'),(503,1,2,NULL,2,6,52,'2017-08-15 12:22:35','2017-08-15 12:22:35'),(504,1,2,NULL,2,6,53,'2017-08-15 12:28:51','2017-08-15 12:28:51'),(505,1,2,NULL,2,6,54,'2017-08-15 12:29:06','2017-08-15 12:29:06'),(506,1,2,NULL,2,6,55,'2017-08-15 12:29:35','2017-08-15 12:29:35'),(507,1,2,NULL,2,6,56,'2017-08-15 12:30:22','2017-08-15 12:30:22'),(508,1,2,NULL,2,6,57,'2017-08-15 12:30:32','2017-08-15 12:30:32'),(509,1,2,NULL,2,6,58,'2017-08-15 13:23:41','2017-08-15 13:23:41'),(510,1,2,NULL,2,6,59,'2017-08-15 13:24:12','2017-08-15 13:24:12'),(511,1,2,NULL,2,6,60,'2017-08-15 13:24:26','2017-08-15 13:24:26'),(512,1,2,NULL,2,6,61,'2017-08-15 13:26:19','2017-08-15 13:26:19'),(513,1,2,NULL,2,6,62,'2017-08-15 13:36:12','2017-08-15 13:36:12'),(514,1,2,NULL,2,6,63,'2017-08-15 13:36:50','2017-08-15 13:36:50'),(515,1,2,NULL,2,6,64,'2017-08-15 13:37:04','2017-08-15 13:37:04'),(516,1,2,NULL,2,6,65,'2017-08-15 13:37:35','2017-08-15 13:37:35'),(517,1,2,NULL,2,6,66,'2017-08-15 13:38:40','2017-08-15 13:38:40'),(518,1,2,NULL,2,6,67,'2017-08-15 13:41:04','2017-08-15 13:41:04'),(519,1,2,NULL,2,6,68,'2017-08-15 13:41:18','2017-08-15 13:41:18'),(520,1,2,NULL,2,6,69,'2017-08-15 14:25:05','2017-08-15 14:25:05'),(521,1,2,NULL,2,6,70,'2017-08-15 14:36:50','2017-08-15 14:36:50'),(522,1,2,NULL,2,6,71,'2017-08-15 14:37:51','2017-08-15 14:37:51'),(523,1,2,NULL,2,6,72,'2017-08-15 14:37:55','2017-08-15 14:37:55'),(524,1,2,NULL,2,6,73,'2017-08-15 14:37:59','2017-08-15 14:37:59'),(525,1,2,NULL,2,6,74,'2017-08-15 14:38:00','2017-08-15 14:38:00'),(526,1,2,NULL,2,6,75,'2017-08-15 14:38:01','2017-08-15 14:38:01'),(527,1,2,NULL,2,6,76,'2017-08-15 14:38:01','2017-08-15 14:38:01'),(528,1,2,NULL,2,6,77,'2017-08-15 14:43:18','2017-08-15 14:43:18'),(529,1,2,NULL,2,6,78,'2017-08-15 14:43:28','2017-08-15 14:43:28'),(530,1,2,NULL,2,6,79,'2017-08-15 14:43:42','2017-08-15 14:43:42'),(531,1,2,NULL,2,6,80,'2017-08-15 14:43:53','2017-08-15 14:43:53'),(532,1,2,NULL,2,6,81,'2017-08-15 14:44:38','2017-08-15 14:44:38'),(533,1,2,NULL,2,6,82,'2017-08-15 14:46:10','2017-08-15 14:46:10'),(534,1,2,NULL,2,6,83,'2017-08-15 14:46:26','2017-08-15 14:46:26'),(535,1,2,NULL,2,6,84,'2017-08-15 14:46:57','2017-08-15 14:46:57'),(536,1,2,NULL,2,6,85,'2017-08-15 14:49:39','2017-08-15 14:49:39'),(537,1,2,NULL,2,6,86,'2017-08-15 14:50:30','2017-08-15 14:50:30'),(538,1,2,NULL,2,6,87,'2017-08-15 14:51:04','2017-08-15 14:51:04'),(539,1,2,NULL,2,6,88,'2017-08-15 14:53:51','2017-08-15 14:53:51'),(540,1,2,NULL,2,6,89,'2017-08-15 14:54:21','2017-08-15 14:54:21'),(541,1,2,NULL,2,6,90,'2017-08-15 14:54:32','2017-08-15 14:54:32'),(542,1,2,NULL,2,6,91,'2017-08-15 14:54:55','2017-08-15 14:54:55'),(543,1,2,NULL,2,6,92,'2017-08-15 15:13:26','2017-08-15 15:13:26'),(544,1,2,NULL,2,6,93,'2017-08-15 15:13:58','2017-08-15 15:13:58'),(545,1,2,NULL,2,6,94,'2017-08-15 15:14:10','2017-08-15 15:14:10'),(546,1,2,NULL,2,6,95,'2017-08-15 15:14:25','2017-08-15 15:14:25'),(547,1,2,NULL,2,6,96,'2017-08-15 15:19:21','2017-08-15 15:19:21'),(548,1,2,NULL,2,6,97,'2017-08-15 15:19:34','2017-08-15 15:19:34'),(549,1,2,NULL,2,6,98,'2017-08-15 15:20:26','2017-08-15 15:20:26'),(550,1,2,NULL,2,6,99,'2017-08-15 15:20:37','2017-08-15 15:20:37'),(551,1,2,NULL,2,6,100,'2017-08-15 15:42:36','2017-08-15 15:42:36'),(552,1,2,NULL,2,6,101,'2017-08-15 15:44:26','2017-08-15 15:44:26'),(553,1,2,NULL,2,6,102,'2017-08-15 15:44:49','2017-08-15 15:44:49'),(554,1,2,NULL,2,6,103,'2017-08-15 15:44:59','2017-08-15 15:44:59'),(555,1,2,NULL,2,6,104,'2017-08-15 15:46:19','2017-08-15 15:46:19'),(556,1,2,NULL,2,6,105,'2017-08-15 15:46:27','2017-08-15 15:46:27'),(557,1,2,NULL,2,6,106,'2017-08-15 15:46:34','2017-08-15 15:46:34'),(558,1,2,NULL,2,6,107,'2017-08-15 15:57:28','2017-08-15 15:57:28'),(559,1,2,NULL,2,6,108,'2017-08-15 15:57:34','2017-08-15 15:57:34'),(560,1,2,NULL,1,2,413,'2017-08-16 14:55:01','2017-08-16 14:55:01'),(561,1,2,NULL,1,2,414,'2017-08-16 14:55:56','2017-08-16 14:55:56'),(562,1,2,NULL,1,2,415,'2017-08-16 14:55:58','2017-08-16 14:55:58'),(563,1,2,NULL,1,2,416,'2017-08-16 14:56:06','2017-08-16 14:56:06'),(564,1,2,NULL,2,4,1,'2017-08-16 14:56:29','2017-08-16 14:56:29'),(565,1,2,NULL,2,5,13,'2017-08-16 15:00:24','2017-08-16 15:00:24'),(566,1,2,NULL,2,5,13,'2017-08-16 15:02:11','2017-08-16 15:02:11'),(567,1,2,NULL,2,6,109,'2017-08-16 15:15:02','2017-08-16 15:15:02'),(568,1,2,NULL,2,6,110,'2017-08-16 15:15:33','2017-08-16 15:15:33'),(569,1,2,NULL,2,5,13,'2017-08-16 15:16:28','2017-08-16 15:16:28'),(570,1,2,NULL,2,5,13,'2017-08-16 15:52:13','2017-08-16 15:52:13'),(571,1,2,NULL,2,6,111,'2017-08-16 17:11:31','2017-08-16 17:11:31'),(572,1,2,NULL,2,6,112,'2017-08-17 11:41:44','2017-08-17 11:41:44'),(573,1,2,NULL,2,6,113,'2017-08-17 11:41:51','2017-08-17 11:41:51'),(574,1,2,NULL,2,6,114,'2017-08-17 11:43:12','2017-08-17 11:43:12'),(575,1,2,NULL,2,6,115,'2017-08-17 11:43:20','2017-08-17 11:43:20'),(576,1,2,NULL,2,6,116,'2017-08-17 14:35:51','2017-08-17 14:35:51'),(577,1,2,NULL,2,5,13,'2017-08-17 14:36:37','2017-08-17 14:36:37'),(578,1,2,NULL,2,5,13,'2017-08-17 14:37:25','2017-08-17 14:37:25'),(579,1,2,NULL,2,5,13,'2017-08-17 14:38:01','2017-08-17 14:38:01'),(580,1,2,NULL,2,6,117,'2017-08-17 14:38:11','2017-08-17 14:38:11'),(581,1,2,NULL,2,6,118,'2017-08-17 14:49:01','2017-08-17 14:49:01'),(582,1,2,NULL,2,6,119,'2017-08-17 14:49:02','2017-08-17 14:49:02'),(583,1,2,NULL,2,6,120,'2017-08-17 14:49:05','2017-08-17 14:49:05'),(584,1,2,NULL,2,6,121,'2017-08-17 14:49:10','2017-08-17 14:49:10'),(585,1,2,NULL,2,6,122,'2017-08-17 14:49:24','2017-08-17 14:49:24'),(586,1,2,NULL,2,6,123,'2017-08-17 14:49:28','2017-08-17 14:49:28'),(587,1,2,NULL,2,7,13,'2017-08-17 15:41:28','2017-08-17 15:41:28'),(588,1,2,NULL,2,5,13,'2017-08-17 15:41:29','2017-08-17 15:41:29'),(589,1,2,NULL,2,7,13,'2017-08-17 15:44:05','2017-08-17 15:44:05'),(590,1,2,NULL,2,5,13,'2017-08-17 15:44:05','2017-08-17 15:44:05'),(591,1,2,NULL,2,7,13,'2017-08-17 15:45:54','2017-08-17 15:45:54'),(592,1,2,NULL,2,5,13,'2017-08-17 15:45:54','2017-08-17 15:45:54'),(593,1,2,NULL,2,7,13,'2017-08-17 15:47:35','2017-08-17 15:47:35'),(594,1,2,NULL,2,5,13,'2017-08-17 15:47:35','2017-08-17 15:47:35'),(595,1,2,NULL,2,7,13,'2017-08-17 15:52:33','2017-08-17 15:52:33'),(596,1,2,NULL,2,5,13,'2017-08-17 15:52:33','2017-08-17 15:52:33'),(597,1,2,NULL,2,7,13,'2017-08-17 15:53:02','2017-08-17 15:53:02'),(598,1,2,NULL,2,5,13,'2017-08-17 15:53:02','2017-08-17 15:53:02'),(599,1,2,NULL,2,7,13,'2017-08-17 15:56:20','2017-08-17 15:56:20'),(600,1,2,NULL,2,5,13,'2017-08-17 15:56:20','2017-08-17 15:56:20'),(601,1,2,NULL,2,7,13,'2017-08-17 15:57:10','2017-08-17 15:57:10'),(602,1,2,NULL,2,5,13,'2017-08-17 15:57:10','2017-08-17 15:57:10'),(603,1,2,NULL,2,7,13,'2017-08-17 15:57:38','2017-08-17 15:57:38'),(604,1,2,NULL,2,5,13,'2017-08-17 15:57:38','2017-08-17 15:57:38'),(605,1,2,NULL,2,7,13,'2017-08-17 16:01:31','2017-08-17 16:01:31'),(606,1,2,NULL,2,5,13,'2017-08-17 16:01:31','2017-08-17 16:01:31'),(607,1,2,NULL,2,7,13,'2017-08-17 16:01:57','2017-08-17 16:01:57'),(608,1,2,NULL,2,5,13,'2017-08-17 16:01:57','2017-08-17 16:01:57'),(609,1,2,NULL,2,7,13,'2017-08-17 16:06:04','2017-08-17 16:06:04'),(610,1,2,NULL,2,5,13,'2017-08-17 16:06:04','2017-08-17 16:06:04'),(611,1,2,NULL,2,7,13,'2017-08-17 16:07:26','2017-08-17 16:07:26'),(612,1,2,NULL,2,5,13,'2017-08-17 16:07:26','2017-08-17 16:07:26'),(613,1,2,NULL,2,7,13,'2017-08-17 16:07:51','2017-08-17 16:07:51'),(614,1,2,NULL,2,5,13,'2017-08-17 16:07:51','2017-08-17 16:07:51'),(615,1,2,NULL,2,7,13,'2017-08-17 16:12:11','2017-08-17 16:12:11'),(616,1,2,NULL,2,5,13,'2017-08-17 16:12:11','2017-08-17 16:12:11'),(617,1,2,NULL,2,7,13,'2017-08-17 17:04:36','2017-08-17 17:04:36'),(618,1,2,NULL,2,5,13,'2017-08-17 17:04:36','2017-08-17 17:04:36'),(619,1,2,NULL,2,7,13,'2017-08-17 17:06:19','2017-08-17 17:06:19'),(620,1,2,NULL,2,5,13,'2017-08-17 17:06:19','2017-08-17 17:06:19'),(621,1,2,NULL,2,7,13,'2017-08-17 17:07:32','2017-08-17 17:07:32'),(622,1,2,NULL,2,5,13,'2017-08-17 17:07:32','2017-08-17 17:07:32'),(623,1,2,NULL,2,7,13,'2017-08-17 17:10:01','2017-08-17 17:10:01'),(624,1,2,NULL,2,5,13,'2017-08-17 17:10:01','2017-08-17 17:10:01'),(625,1,2,NULL,1,7,13,'2017-08-17 17:10:44','2017-08-17 17:10:44'),(626,1,2,NULL,2,5,13,'2017-08-17 17:10:44','2017-08-17 17:10:44'),(627,1,2,NULL,1,7,13,'2017-08-17 17:11:54','2017-08-17 17:11:54'),(628,1,2,NULL,2,5,13,'2017-08-17 17:11:54','2017-08-17 17:11:54'),(629,1,2,NULL,2,5,13,'2017-08-17 17:19:45','2017-08-17 17:19:45'),(630,1,2,NULL,2,5,13,'2017-08-17 20:00:49','2017-08-17 20:00:49'),(631,1,2,NULL,2,5,13,'2017-08-17 20:03:54','2017-08-17 20:03:54'),(632,1,2,NULL,2,5,13,'2017-08-17 20:04:48','2017-08-17 20:04:48'),(633,1,2,NULL,2,5,13,'2017-08-17 20:18:28','2017-08-17 20:18:28'),(634,1,2,NULL,2,5,13,'2017-08-17 20:55:17','2017-08-17 20:55:17'),(635,1,2,NULL,2,6,124,'2017-08-17 20:56:07','2017-08-17 20:56:07'),(636,1,2,NULL,2,5,13,'2017-08-17 20:56:32','2017-08-17 20:56:32'),(637,1,2,NULL,2,6,125,'2017-08-17 20:56:43','2017-08-17 20:56:43'),(638,1,2,NULL,2,6,126,'2017-08-17 20:56:57','2017-08-17 20:56:57'),(639,1,2,NULL,2,5,13,'2017-08-17 20:57:44','2017-08-17 20:57:44'),(640,1,2,NULL,2,5,13,'2017-08-17 20:58:54','2017-08-17 20:58:54'),(641,1,2,NULL,2,6,127,'2017-08-17 20:59:03','2017-08-17 20:59:03'),(642,1,2,NULL,2,6,128,'2017-08-17 21:19:47','2017-08-17 21:19:47'),(643,1,2,NULL,2,6,129,'2017-08-17 21:19:54','2017-08-17 21:19:54'),(644,1,2,NULL,2,5,13,'2017-08-18 11:50:04','2017-08-18 11:50:04'),(645,1,2,NULL,2,6,130,'2017-08-18 13:50:53','2017-08-18 13:50:53'),(646,1,2,NULL,2,5,13,'2017-08-18 13:52:49','2017-08-18 13:52:49'),(647,1,2,NULL,2,5,13,'2017-08-18 13:59:14','2017-08-18 13:59:14'),(648,1,2,NULL,2,5,13,'2017-08-18 14:00:59','2017-08-18 14:00:59'),(649,1,2,NULL,2,5,13,'2017-08-18 14:02:04','2017-08-18 14:02:04'),(650,1,2,NULL,2,5,13,'2017-08-18 14:03:20','2017-08-18 14:03:20'),(651,1,2,NULL,2,5,13,'2017-08-18 14:04:50','2017-08-18 14:04:50'),(652,1,2,NULL,2,5,13,'2017-08-18 14:08:48','2017-08-18 14:08:48'),(653,1,2,NULL,2,5,13,'2017-08-18 14:10:54','2017-08-18 14:10:54'),(654,1,2,NULL,2,5,13,'2017-08-18 14:13:54','2017-08-18 14:13:54'),(655,1,2,NULL,2,5,13,'2017-08-18 14:14:36','2017-08-18 14:14:36'),(656,1,2,NULL,2,6,131,'2017-08-18 14:49:21','2017-08-18 14:49:21'),(657,1,2,NULL,2,6,132,'2017-08-18 14:49:35','2017-08-18 14:49:35'),(658,1,2,NULL,2,6,133,'2017-08-18 14:49:44','2017-08-18 14:49:44'),(659,1,2,NULL,2,6,134,'2017-08-18 14:50:54','2017-08-18 14:50:54'),(660,1,2,NULL,2,6,135,'2017-08-18 14:51:00','2017-08-18 14:51:00'),(661,1,2,NULL,2,6,136,'2017-08-18 14:53:15','2017-08-18 14:53:15'),(662,1,2,NULL,2,6,137,'2017-08-18 14:54:11','2017-08-18 14:54:11'),(663,1,2,NULL,2,6,138,'2017-08-18 14:54:45','2017-08-18 14:54:45'),(664,1,2,NULL,2,6,139,'2017-08-18 15:12:26','2017-08-18 15:12:26'),(665,1,2,NULL,2,6,140,'2017-08-18 15:13:08','2017-08-18 15:13:08'),(666,1,2,NULL,2,6,141,'2017-08-18 15:13:49','2017-08-18 15:13:49'),(667,1,2,NULL,2,6,142,'2017-08-18 15:14:50','2017-08-18 15:14:50'),(668,1,2,NULL,2,6,143,'2017-08-18 15:14:57','2017-08-18 15:14:57'),(669,1,2,NULL,2,6,144,'2017-08-18 15:15:18','2017-08-18 15:15:18'),(670,1,2,NULL,2,5,13,'2017-08-18 15:15:43','2017-08-18 15:15:43'),(671,1,2,NULL,2,6,145,'2017-08-18 15:15:57','2017-08-18 15:15:57'),(672,1,2,NULL,2,5,13,'2017-08-18 15:16:25','2017-08-18 15:16:25'),(673,1,2,NULL,2,5,13,'2017-08-18 15:17:07','2017-08-18 15:17:07'),(674,1,2,NULL,2,6,146,'2017-08-18 15:17:14','2017-08-18 15:17:14'),(675,1,2,NULL,2,1,80,'2017-09-02 14:37:48','2017-09-02 14:37:48'),(676,1,2,NULL,2,1,81,'2017-09-02 14:38:12','2017-09-02 14:38:12'),(677,1,2,NULL,2,1,82,'2017-09-02 15:46:18','2017-09-02 15:46:18'),(678,2,70,NULL,2,2,417,'2017-09-13 14:49:38','2017-09-13 14:49:38'),(679,2,1,NULL,2,2,418,'2017-09-21 11:30:53','2017-09-21 11:30:53'),(680,1,2,NULL,2,5,17,'2017-09-23 09:32:15','2017-09-23 09:32:15'),(681,2,1,NULL,2,2,419,'2017-09-27 07:53:31','2017-09-27 07:53:31'),(682,2,1,NULL,2,5,18,'2017-09-27 07:54:13','2017-09-27 07:54:13'),(683,2,1,NULL,2,5,18,'2017-09-27 07:54:34','2017-09-27 07:54:34'),(684,1,2,NULL,2,5,18,'2017-09-27 07:57:21','2017-09-27 07:57:21'),(685,1,2,NULL,2,5,18,'2017-09-27 07:58:43','2017-09-27 07:58:43'),(686,1,2,NULL,2,5,18,'2017-09-27 08:13:37','2017-09-27 08:13:37'),(687,1,2,NULL,2,5,18,'2017-09-27 08:14:29','2017-09-27 08:14:29'),(688,1,2,NULL,2,5,18,'2017-09-27 08:25:18','2017-09-27 08:25:18'),(689,1,2,NULL,2,5,18,'2017-09-27 08:49:09','2017-09-27 08:49:09'),(690,1,2,NULL,2,5,18,'2017-09-27 10:25:19','2017-09-27 10:25:19'),(691,1,2,NULL,1,7,18,'2017-09-27 10:42:09','2017-09-27 10:42:09'),(692,1,2,NULL,2,5,18,'2017-09-27 10:42:09','2017-09-27 10:42:09'),(693,1,2,NULL,1,7,18,'2017-09-27 10:43:06','2017-09-27 10:43:06'),(694,1,2,NULL,2,5,18,'2017-09-27 10:43:06','2017-09-27 10:43:06'),(695,1,2,NULL,2,1,83,'2017-11-10 16:37:23','2017-11-10 16:37:23'),(696,1,2,NULL,2,1,84,'2017-11-10 16:37:37','2017-11-10 16:37:37'),(697,1,2,NULL,2,1,85,'2017-11-10 16:37:44','2017-11-10 16:37:44'),(698,1,2,NULL,2,1,86,'2017-11-10 16:59:25','2017-11-10 16:59:25'),(699,1,2,NULL,2,1,87,'2017-11-10 17:00:01','2017-11-10 17:00:01'),(700,1,2,NULL,2,1,88,'2017-11-10 17:00:10','2017-11-10 17:00:10'),(701,2,1,NULL,2,1,89,'2017-11-10 17:00:47','2017-11-10 17:00:47'),(702,2,1,NULL,2,5,3,'2017-11-10 17:12:57','2017-11-10 17:12:57'),(703,2,1,NULL,2,5,3,'2017-11-10 17:13:24','2017-11-10 17:13:24');
/*!40000 ALTER TABLE `ll_notification` ENABLE KEYS */;
UNLOCK TABLES;

--
-- Table structure for table `ll_order`
--

DROP TABLE IF EXISTS `ll_order`;
/*!40101 SET @saved_cs_client     = @@character_set_client */;
/*!40101 SET character_set_client = utf8 */;
CREATE TABLE `ll_order` (
  `id` int(11) NOT NULL AUTO_INCREMENT,
  `title` varchar(255) COLLATE utf8_unicode_ci NOT NULL,
  `description` text COLLATE utf8_unicode_ci NOT NULL,
  `lead_count_required` int(11) DEFAULT NULL,
  `execution_time` int(11) DEFAULT NULL,
  `is_urgent` tinyint(1) DEFAULT NULL,
  `lead_cost` decimal(11,3) DEFAULT NULL,
  `user_id` int(11) NOT NULL,
  `executor_id` int(11) NOT NULL,
  `deadline_dt` datetime DEFAULT NULL,
  `acceptance_time` int(11) DEFAULT NULL,
  `created_at` datetime DEFAULT NULL,
  `updated_at` datetime DEFAULT NULL,
  `activited_at` datetime DEFAULT NULL,
  `project_id` int(11) NOT NULL,
  `status` int(11) NOT NULL DEFAULT '1',
  PRIMARY KEY (`id`),
  KEY `FK_project_customer` (`user_id`),
  KEY `FK_project_executor` (`executor_id`),
  KEY `K_title` (`title`),
  CONSTRAINT `FK_project_customer` FOREIGN KEY (`user_id`) REFERENCES `ll_user` (`id`),
  CONSTRAINT `FK_project_executor` FOREIGN KEY (`executor_id`) REFERENCES `ll_user` (`id`)
) ENGINE=InnoDB AUTO_INCREMENT=19 DEFAULT CHARSET=utf8 COLLATE=utf8_unicode_ci;
/*!40101 SET character_set_client = @saved_cs_client */;

--
-- Dumping data for table `ll_order`
--

LOCK TABLES `ll_order` WRITE;
/*!40000 ALTER TABLE `ll_order` DISABLE KEYS */;
INSERT INTO `ll_order` VALUES (1,'Продажа уникальных футболок с авторским дизайном!','Нужно решить вопрос с возможностью выбора цвета и размера для виртумарта (версия 2.6.6). Исходные характеристики товара: артикул, цвет, размер. Артикул-общая характеристика товара (модель, узор,отделка). Цвет и размер-зависимые опции. Покупатель должен видеть реальный цвет товара (либо это вывод картинкию. Жду ваших предложений!',10,NULL,1,12.650,1,2,'2016-12-24 23:59:59',NULL,'2017-01-22 04:19:43','2017-01-22 04:19:43',NULL,1,1),(2,'еуые1','уцдлеодл цдлеоеодео уцдлкео удк едукеукделукдле оудле удлеукд еоукде ',10,NULL,1,12.650,1,2,'2018-12-04 23:59:59',NULL,'2017-01-26 19:09:19','2017-01-26 19:09:19',NULL,1,1),(3,'Продажа уникальных футболок с авторским дизайном!','Нужно решить вопрос с возможностью выбора цвета и размера для виртумарта (версия 2.6.6). Исходные характеристики товара: артикул, цвет, размер. Артикул-общая характеристика товара (модель, узор,отделка). Цвет и размер-зависимые опции. Покупатель должен видеть реальный цвет товара (либо это вывод картинкию. Жду ваших предложений!',10,NULL,1,12.650,1,2,'2017-12-24 23:59:59',0,'2017-03-15 16:06:54','2017-11-10 17:13:24','2017-11-10 17:13:24',1,4),(4,'Сделать 100 холодных звонков','Необходимо сделать 100 холодных звонков с целью офоррмления заявки. Предложение для клиента бесплатное, так что конверсия высокая. Звонки физическим лицам. База, связь, скрипты предоставляются. Оплата по договоренности за каждый звонок + премии за оформленные заявки',296,12,NULL,12.000,1,2,NULL,0,'2017-08-07 11:03:58','2017-08-07 11:03:58',NULL,2,9),(5,'Сделать 100 холодных звонков','Необходимо сделать 100 холодных звонков с целью офоррмления заявки. Предложение для клиента бесплатное, так что конверсия высокая. Звонки физическим лицам. База, связь, скрипты предоставляются. Оплата по договоренности за каждый звонок + премии за оформленные заявки',296,12,NULL,12.000,1,2,NULL,0,'2017-08-07 11:16:38','2017-08-07 11:16:38',NULL,2,1),(6,'Сделать 100 холодных звонков','Необходимо сделать 100 холодных звонков с целью офоррмления заявки. Предложение для клиента бесплатное, так что конверсия высокая. Звонки физическим лицам. База, связь, скрипты предоставляются. Оплата по договоренности за каждый звонок + премии за оформленные заявки',296,12,NULL,12.000,1,2,NULL,0,'2017-08-07 13:12:07','2017-08-07 13:12:07',NULL,2,4),(7,'Сделать 100 холодных звонков','Необходимо сделать 100 холодных звонков с целью офоррмления заявки. Предложение для клиента бесплатное, так что конверсия высокая. Звонки физическим лицам. База, связь, скрипты предоставляются. Оплата по договоренности за каждый звонок + премии за оформленные заявки',296,12,NULL,12.000,1,2,NULL,0,'2017-08-07 13:13:59','2017-08-07 13:13:59',NULL,2,1),(8,'Сделать 100 холодных звонков','Необходимо сделать 100 холодных звонков с целью офоррмления заявки. Предложение для клиента бесплатное, так что конверсия высокая. Звонки физическим лицам. База, связь, скрипты предоставляются. Оплата по договоренности за каждый звонок + премии за оформленные заявки',296,12,NULL,12.000,1,2,NULL,20,'2017-08-07 13:25:22','2017-08-07 13:25:22',NULL,2,1),(9,'Сделать 100 холодных звонков','Необходимо сделать 100 холодных звонков с целью офоррмления заявки. Предложение для клиента бесплатное, так что конверсия высокая. Звонки физическим лицам. База, связь, скрипты предоставляются. Оплата по договоренности за каждый звонок + премии за оформленные заявки',296,12,NULL,12.000,1,2,NULL,11,'2017-08-07 13:38:04','2017-08-07 13:38:04',NULL,2,8),(10,'Сделать 100 холодных звонков','Необходимо сделать 100 холодных звонков с целью офоррмления заявки. Предложение для клиента бесплатное, так что конверсия высокая. Звонки физическим лицам. База, связь, скрипты предоставляются. Оплата по договоренности за каждый звонок + премии за оформленные заявки',296,12,NULL,12.000,1,2,NULL,13,'2017-08-07 13:38:44','2017-08-07 13:38:44',NULL,2,1),(11,'Сделать 100 холодных звонков','Необходимо сделать 100 холодных звонков с целью офоррмления заявки. Предложение для клиента бесплатное, так что конверсия высокая. Звонки физическим лицам. База, связь, скрипты предоставляются. Оплата по договоренности за каждый звонок + премии за оформленные заявки',296,12,NULL,12.000,1,2,NULL,25,'2017-08-07 13:54:38','2017-08-07 13:54:38',NULL,2,5),(12,'Привлечение лидов на автокредит','Требуется привлечение клиентов на заключение договора на автокредит. Одобрение 99%, взнос клиента 15 % от стоимости автомобиля (от 120 000 т) за каждый подписанный договор 10 000 тысяч. Всю необходимую информацию можем предоставить. Наши клиенты это люди с плохой банковской кредитной истории и люди класса ниже среднего. Условия для клиента не самые гуманные, первоначальный взнос 15 % 25 % годовых.',100,9,NULL,145.000,1,2,NULL,11,'2017-08-07 14:25:18','2017-08-07 14:25:18',NULL,5,1),(13,'Привлечение лидов на автокредит 222','Требуется привлечение клиентов на заключение договора на автокредит. Одобрение 99%, взнос клиента 15 % от стоимости автомобиля (от 120 000 т) за каждый подписанный договор 10 000 тысяч. Всю необходимую информацию можем предоставить. Наши клиенты это люди с плохой банковской кредитной истории и люди класса ниже среднего. Условия для клиента не самые гуманные, первоначальный взнос 15 % 25 % годовых.',100,9,NULL,145.000,1,2,NULL,18,'2017-08-13 14:43:50','2017-09-28 09:50:21','2017-08-18 15:17:14',5,9),(14,'test new','test new',12,12,NULL,12.000,70,2,NULL,12,'2017-09-13 14:51:29','2017-09-13 14:51:29',NULL,18,1),(15,'test new','test new',12,12,NULL,12.000,70,2,NULL,12,'2017-09-13 14:53:13','2017-09-13 14:53:13',NULL,18,1),(16,'order update project','test project',15,15,NULL,15.000,1,2,NULL,12,'2017-09-21 12:06:57','2017-09-21 13:51:43',NULL,19,1),(17,'order update project222','test project2222',15,15,NULL,15.000,1,2,NULL,10,'2017-09-23 09:26:19','2017-09-23 09:32:15','2017-09-23 09:32:15',19,9),(18,'test order review project/testimonial','tet order review ',11,11,NULL,11.000,1,2,NULL,10,'2017-09-27 07:53:54','2017-09-27 10:43:06','2017-09-27 10:43:06',20,4);
/*!40000 ALTER TABLE `ll_order` ENABLE KEYS */;
UNLOCK TABLES;

--
-- Table structure for table `ll_order_message`
--

DROP TABLE IF EXISTS `ll_order_message`;
/*!40101 SET @saved_cs_client     = @@character_set_client */;
/*!40101 SET character_set_client = utf8 */;
CREATE TABLE `ll_order_message` (
  `id` int(11) NOT NULL AUTO_INCREMENT,
  `message` text COLLATE utf8_unicode_ci NOT NULL,
  `from_user_id` int(11) NOT NULL,
  `to_user_id` int(11) NOT NULL,
  `status` int(11) NOT NULL DEFAULT '1',
  `created_at` datetime DEFAULT NULL,
  `order_id` int(11) NOT NULL,
  PRIMARY KEY (`id`),
  KEY `fk_order_message_user_from` (`from_user_id`),
  KEY `fk_order_message_user_to` (`to_user_id`),
  KEY `fk_order_message_order_id` (`order_id`),
  CONSTRAINT `fk_order_message_order_id` FOREIGN KEY (`order_id`) REFERENCES `ll_order` (`id`),
  CONSTRAINT `fk_order_message_user_from` FOREIGN KEY (`from_user_id`) REFERENCES `ll_user` (`id`),
  CONSTRAINT `fk_order_message_user_to` FOREIGN KEY (`to_user_id`) REFERENCES `ll_user` (`id`)
) ENGINE=InnoDB AUTO_INCREMENT=147 DEFAULT CHARSET=utf8 COLLATE=utf8_unicode_ci;
/*!40101 SET character_set_client = @saved_cs_client */;

--
-- Dumping data for table `ll_order_message`
--

LOCK TABLES `ll_order_message` WRITE;
/*!40000 ALTER TABLE `ll_order_message` DISABLE KEYS */;
INSERT INTO `ll_order_message` VALUES (1,'qwewqe',1,2,1,NULL,13),(2,'test message',2,1,1,NULL,13),(3,'eqwe',1,2,1,NULL,13),(4,'ewqe',1,2,1,NULL,13),(5,'qwdqwd',1,2,1,NULL,13),(6,'qweqwe',2,1,1,NULL,13),(7,'qwewqe',1,2,1,NULL,13),(8,'qwewqe',1,2,1,NULL,13),(9,'qwewqe',2,1,1,NULL,13),(10,'asdsa',1,2,1,NULL,13),(11,'qwe',1,2,1,NULL,13),(12,'qwe',1,2,1,NULL,13),(13,'efgefge',1,2,1,NULL,13),(14,'fsdfsdf',1,2,1,'2017-08-14 10:33:37',13),(15,'werewr',1,2,1,'2017-08-14 10:35:38',13),(16,'cdsafdsa',1,2,1,'2017-08-14 10:35:53',13),(17,'qwewqe',1,2,1,'2017-08-14 10:36:11',13),(18,'qwewqe',1,2,1,'2017-08-14 10:38:36',13),(19,'wfv',1,2,1,'2017-08-14 10:40:04',13),(20,'dvbdbv',1,2,1,'2017-08-14 10:40:31',13),(21,'vdc',1,2,1,'2017-08-14 10:41:16',13),(22,'casc',1,2,1,'2017-08-14 10:42:07',13),(23,'asdfsad',1,2,1,'2017-08-14 10:43:09',13),(24,'vbc',1,2,1,'2017-08-14 10:46:27',13),(25,'csaca',1,2,1,'2017-08-14 10:48:02',13),(26,'lekrjg',1,2,1,'2017-08-14 10:53:02',13),(27,'qweqw',2,1,1,'2017-08-14 10:53:26',13),(28,'sdsdvsd',1,2,1,'2017-08-14 10:54:00',13),(29,'qwewqe',1,2,1,'2017-08-14 10:55:45',13),(30,'cqwwqcw',1,2,1,'2017-08-14 10:56:02',13),(31,'wefewf',1,2,1,'2017-08-14 10:56:56',13),(32,'qwdwq',2,1,1,'2017-08-14 10:57:36',13),(33,'ccc',2,1,1,'2017-08-14 10:57:43',13),(34,'bbb',1,2,1,'2017-08-14 11:03:59',13),(35,'bmnbnmn',1,2,1,'2017-08-14 11:04:23',13),(36,'test message',1,2,1,'2017-08-14 14:01:06',13),(37,'asd',1,2,1,'2017-08-14 14:01:13',13),(38,'aqwqwe',1,2,1,'2017-08-14 17:17:30',13),(39,'qwe',1,2,1,'2017-08-14 17:24:16',13),(40,'qwecxc',1,2,1,'2017-08-14 17:24:50',13),(41,'qwecxcdqw',1,2,1,'2017-08-14 17:29:19',13),(42,'qwecxcdqwcc',1,2,1,'2017-08-14 17:29:37',13),(43,'dqwd',1,2,1,'2017-08-14 17:56:03',13),(44,'dqwdcc',1,2,1,'2017-08-14 17:56:57',13),(45,'eeee',1,2,1,'2017-08-14 17:58:09',13),(46,'asdsadda',1,2,1,'2017-08-14 17:59:48',13),(47,'asdsaddaccc',1,2,1,'2017-08-14 18:00:04',13),(48,'message with batch',1,2,1,'2017-08-15 10:30:49',13),(49,'test message 2 with batch',1,2,1,'2017-08-15 11:31:24',13),(50,'qwewqe',1,2,1,'2017-08-15 12:15:26',13),(51,'qwewqe',1,2,1,'2017-08-15 12:22:06',13),(52,'test batch 3',1,2,1,'2017-08-15 12:22:35',13),(53,'test batch 3',1,2,1,'2017-08-15 12:28:51',13),(54,'test batch 3',1,2,1,'2017-08-15 12:29:06',13),(55,'test batch 3 asd',1,2,1,'2017-08-15 12:29:35',13),(56,'cxz',1,2,1,'2017-08-15 12:30:22',13),(57,'test batch 4',1,2,1,'2017-08-15 12:30:32',13),(58,'test batch 5',1,2,1,'2017-08-15 13:23:41',13),(59,'test batch 6',1,2,1,'2017-08-15 13:24:12',13),(60,'test batch 7',1,2,1,'2017-08-15 13:24:26',13),(61,'test batch 8',1,2,1,'2017-08-15 13:26:19',13),(62,'test batch 9',1,2,1,'2017-08-15 13:36:12',13),(63,'test batch 10',1,2,1,'2017-08-15 13:36:50',13),(64,'test batch 11',1,2,1,'2017-08-15 13:37:04',13),(65,'test batch 12',1,2,1,'2017-08-15 13:37:35',13),(66,'otyiroy',1,2,1,'2017-08-15 13:38:40',13),(67,'test test tes',1,2,1,'2017-08-15 13:41:04',13),(68,'test test tes2',1,2,1,'2017-08-15 13:41:18',13),(69,'qaw',1,2,1,'2017-08-15 14:25:05',13),(70,'xzc',1,2,1,'2017-08-15 14:36:50',13),(71,'zxcqqwe',1,2,1,'2017-08-15 14:37:51',13),(72,'zxcqqwe',1,2,1,'2017-08-15 14:37:55',13),(73,'zxcqqwe',1,2,1,'2017-08-15 14:37:59',13),(74,'zxcqqwe',1,2,1,'2017-08-15 14:38:00',13),(75,'zxcqqwe',1,2,1,'2017-08-15 14:38:01',13),(76,'zxcqqwe',1,2,1,'2017-08-15 14:38:01',13),(77,'cxzcx',1,2,1,'2017-08-15 14:43:18',13),(78,'one more test',1,2,1,'2017-08-15 14:43:28',13),(79,'nnm',1,2,1,'2017-08-15 14:43:42',13),(80,'vcxv',1,2,1,'2017-08-15 14:43:53',13),(81,'eriotuoertui',1,2,1,'2017-08-15 14:44:38',13),(82,'vbnvb',1,2,1,'2017-08-15 14:46:10',13),(83,'cxzczx',1,2,1,'2017-08-15 14:46:26',13),(84,'cxczc',1,2,1,'2017-08-15 14:46:57',13),(85,'cxzczcxxc',1,2,1,'2017-08-15 14:49:39',13),(86,'cxzceeeeeeeeee',1,2,1,'2017-08-15 14:50:30',13),(87,'qwewqeeqwewqewqewqe',1,2,1,'2017-08-15 14:51:04',13),(88,'vjlsdf',1,2,1,'2017-08-15 14:53:51',13),(89,'vvv',1,2,1,'2017-08-15 14:54:21',13),(90,'ertrttrre',1,2,1,'2017-08-15 14:54:32',13),(91,'nnbnbn',1,2,1,'2017-08-15 14:54:55',13),(92,'some message',1,2,1,'2017-08-15 15:13:26',13),(93,'xcvxcv',1,2,1,'2017-08-15 15:13:58',13),(94,'bbbbb',1,2,1,'2017-08-15 15:14:10',13),(95,'bbbbb',1,2,1,'2017-08-15 15:14:25',13),(96,'asd',1,2,1,'2017-08-15 15:19:21',13),(97,'qwert',1,2,1,'2017-08-15 15:19:34',13),(98,'0000001 none.xcf',1,2,1,'2017-08-15 15:20:26',13),(99,'0000002 none.xcf',1,2,1,'2017-08-15 15:20:37',13),(100,'qwewqe',1,2,1,'2017-08-15 15:42:36',13),(101,'qwewqe new ',1,2,1,'2017-08-15 15:44:26',13),(102,'cxz',1,2,1,'2017-08-15 15:44:49',13),(103,'cxzc',1,2,1,'2017-08-15 15:44:59',13),(104,'new test',1,2,1,'2017-08-15 15:46:19',13),(105,'xcv',1,2,1,'2017-08-15 15:46:27',13),(106,'vvvv',1,2,1,'2017-08-15 15:46:34',13),(107,'ccxxxz',1,2,1,'2017-08-15 15:57:28',13),(108,'qweweq',1,2,1,'2017-08-15 15:57:34',13),(109,'qwe',1,2,1,'2017-08-16 15:15:02',13),(110,'vsdvds',1,2,1,'2017-08-16 15:15:33',13),(111,'цук',1,2,1,'2017-08-16 17:11:31',13),(112,'vcxvxc',1,2,1,'2017-08-17 11:41:44',13),(113,'cxz',1,2,1,'2017-08-17 11:41:51',13),(114,'dsada',1,2,1,'2017-08-17 11:43:12',13),(115,'cxz',1,2,1,'2017-08-17 11:43:20',13),(116,'qwewqe',1,2,1,'2017-08-17 14:35:51',13),(117,'qweqe',1,2,1,'2017-08-17 14:38:11',13),(118,'',1,2,1,'2017-08-17 14:49:01',13),(119,'',1,2,1,'2017-08-17 14:49:02',13),(120,'',1,2,1,'2017-08-17 14:49:05',13),(121,'qwe',1,2,1,'2017-08-17 14:49:10',13),(122,'ewq',1,2,1,'2017-08-17 14:49:24',13),(123,'',1,2,1,'2017-08-17 14:49:28',13),(124,'qweqwe',1,2,1,'2017-08-17 20:56:07',13),(125,'qwewqe',1,2,1,'2017-08-17 20:56:43',13),(126,'',1,2,1,'2017-08-17 20:56:57',13),(127,'qwe',1,2,1,'2017-08-17 20:59:03',13),(128,'qwe',1,2,1,'2017-08-17 21:19:47',13),(129,'dsa',1,2,1,'2017-08-17 21:19:54',13),(130,'wqe',1,2,1,'2017-08-18 13:50:53',13),(131,'qwewq',1,2,1,'2017-08-18 14:49:21',13),(132,'weqe',1,2,1,'2017-08-18 14:49:35',13),(133,'dsa',1,2,1,'2017-08-18 14:49:44',13),(134,'qweqe',1,2,1,'2017-08-18 14:50:54',13),(135,'sxad',1,2,1,'2017-08-18 14:51:00',13),(136,'cxzc',1,2,1,'2017-08-18 14:53:15',13),(137,'dsad',1,2,1,'2017-08-18 14:54:11',13),(138,'asd',1,2,1,'2017-08-18 14:54:45',13),(139,'qwewe',1,2,1,'2017-08-18 15:12:26',13),(140,'dsad',1,2,1,'2017-08-18 15:13:08',13),(141,'dsad',1,2,1,'2017-08-18 15:13:49',13),(142,'cxzc',1,2,1,'2017-08-18 15:14:50',13),(143,'cxzc',1,2,1,'2017-08-18 15:14:57',13),(144,'cxzc',1,2,1,'2017-08-18 15:15:18',13),(145,'dsad',1,2,1,'2017-08-18 15:15:57',13),(146,'qweq',1,2,1,'2017-08-18 15:17:14',13);
/*!40000 ALTER TABLE `ll_order_message` ENABLE KEYS */;
UNLOCK TABLES;

--
-- Table structure for table `ll_order_review`
--

DROP TABLE IF EXISTS `ll_order_review`;
/*!40101 SET @saved_cs_client     = @@character_set_client */;
/*!40101 SET character_set_client = utf8 */;
CREATE TABLE `ll_order_review` (
  `id` int(11) NOT NULL AUTO_INCREMENT,
  `emotion` int(11) DEFAULT NULL,
  `review` text COLLATE utf8_unicode_ci,
  `user_id` int(11) DEFAULT NULL,
  `order_id` int(11) NOT NULL,
  `created_at` datetime DEFAULT NULL,
  `updated_at` datetime DEFAULT NULL,
  PRIMARY KEY (`id`),
  KEY `FK_order_review_order` (`order_id`),
  CONSTRAINT `FK_order_review_order` FOREIGN KEY (`order_id`) REFERENCES `ll_order` (`id`)
) ENGINE=InnoDB AUTO_INCREMENT=93 DEFAULT CHARSET=utf8 COLLATE=utf8_unicode_ci;
/*!40101 SET character_set_client = @saved_cs_client */;

--
-- Dumping data for table `ll_order_review`
--

LOCK TABLES `ll_order_review` WRITE;
/*!40000 ALTER TABLE `ll_order_review` DISABLE KEYS */;
INSERT INTO `ll_order_review` VALUES (4,2,'vvvvv',1,13,NULL,NULL),(5,1,'fdgfgg',1,13,NULL,NULL),(6,1,'qdqd',1,13,NULL,NULL),(7,2,'sdadas',1,13,NULL,NULL),(8,2,'cccccccccccccc',1,13,NULL,NULL),(9,1,'eeeeeeeee',1,13,NULL,NULL),(10,2,'some text here to improve view of testimonials. Lorem ipsum dolor assis.some text here to improve view of testimonials. Lorem ipsum dolor assis.some text here to improve view of testimonials. Lorem ipsum dolor assis.some text here to improve view of testimonials. Lorem ipsum dolor assis.some text here to improve view of testimonials. Lorem ipsum dolor assis.',2,13,NULL,NULL),(11,1,'cvsvs',2,13,'2017-09-13 18:03:44','2017-09-14 18:03:48'),(12,1,'sadsad',2,13,'2017-09-13 18:03:56','2017-09-13 18:04:00'),(13,1,'sdsada',1,13,NULL,NULL),(15,2,'dsfsdfsdf',2,13,NULL,NULL),(16,1,'edrfgdfg',1,13,NULL,NULL),(17,1,'asdsdsa',1,13,NULL,NULL),(18,1,'fghhbvnvcbn',1,13,NULL,NULL),(28,1,'ccccc',1,13,NULL,NULL),(31,2,'nnnnn',1,13,NULL,NULL),(34,2,'cccc',2,13,NULL,NULL),(41,1,'cccc',1,13,NULL,NULL),(48,1,'xzccxzcxzc',1,13,NULL,NULL),(49,1,'ccxxxxz',1,13,NULL,NULL),(68,1,'уцйукцук',1,13,NULL,NULL),(69,2,'сыфвсвыс',1,13,NULL,NULL),(70,1,'qwewqe',1,13,NULL,NULL),(71,1,'dsadsad',1,13,NULL,NULL),(72,1,'cxzcxz',1,13,NULL,NULL),(73,1,'cxzcxzc',1,13,NULL,NULL),(74,1,'cxzcxzc',1,13,NULL,NULL),(76,1,'ccxczxc',1,13,NULL,NULL),(77,1,'vcxvxv',1,13,NULL,NULL),(79,1,'wqeqe',1,13,NULL,NULL),(80,1,'cxca',1,13,NULL,NULL),(81,1,'sdfsdf',1,13,NULL,NULL),(82,1,'ewqewq',1,13,NULL,NULL),(83,1,'ewqeq',1,13,NULL,NULL),(84,2,'ewqeqwe',1,13,NULL,NULL),(85,1,'ewqeqwewqcda',1,13,NULL,NULL),(86,1,'fwferwerwe',1,13,NULL,NULL),(87,1,'qwwqeqe',1,13,NULL,NULL),(88,1,'ewqewdsad',1,13,NULL,NULL),(89,1,'fcdsafsadfsfd',1,13,NULL,NULL),(91,1,'qweewq',1,18,NULL,NULL),(92,1,'test new order review',1,18,NULL,NULL);
/*!40000 ALTER TABLE `ll_order_review` ENABLE KEYS */;
UNLOCK TABLES;

--
-- Table structure for table `ll_order_trace`
--

DROP TABLE IF EXISTS `ll_order_trace`;
/*!40101 SET @saved_cs_client     = @@character_set_client */;
/*!40101 SET character_set_client = utf8 */;
CREATE TABLE `ll_order_trace` (
  `id` int(11) NOT NULL AUTO_INCREMENT,
  `initiator_id` int(11) DEFAULT '0',
  `initiator_role` varchar(255) COLLATE utf8_unicode_ci DEFAULT NULL,
  `from_state` int(11) DEFAULT NULL,
  `to_state` int(11) DEFAULT NULL,
  `description` varchar(255) COLLATE utf8_unicode_ci DEFAULT NULL,
  `order_id` int(11) NOT NULL,
  PRIMARY KEY (`id`),
  KEY `K_order_trace_initiator_role` (`initiator_role`),
  KEY `K_order_trace_description` (`description`)
) ENGINE=InnoDB AUTO_INCREMENT=115 DEFAULT CHARSET=utf8 COLLATE=utf8_unicode_ci;
/*!40101 SET character_set_client = @saved_cs_client */;

--
-- Dumping data for table `ll_order_trace`
--

LOCK TABLES `ll_order_trace` WRITE;
/*!40000 ALTER TABLE `ll_order_trace` DISABLE KEYS */;
INSERT INTO `ll_order_trace` VALUES (1,1,'customer',9,9,'Заказ закрыт',13),(2,1,'customer',9,9,'Заказ закрыт',13),(3,1,'customer',9,9,'Заказ закрыт',13),(4,1,'customer',9,9,'Заказ закрыт',13),(5,1,'customer',9,9,'Заказ закрыт',13),(6,1,'customer',9,9,'Заказ закрыт',13),(7,1,'customer',9,9,'Заказ закрыт',13),(8,1,'customer',9,9,'Заказ закрыт',13),(9,1,'customer',9,9,'Заказ закрыт',13),(10,1,'customer',9,9,'Заказ закрыт',13),(11,1,'customer',9,9,'Заказ закрыт',13),(12,1,'customer',9,9,'Заказ закрыт',13),(13,2,'executor',9,9,'Заказ закрыт',13),(14,1,'customer',9,9,'Заказ закрыт',13),(15,1,'customer',9,9,'Заказ закрыт',13),(16,1,'customer',9,9,'Заказ закрыт',13),(17,1,'customer',9,9,'Заказ закрыт',13),(18,1,'customer',9,9,'Заказ закрыт',13),(19,1,'customer',9,9,'Заказ закрыт',13),(20,1,'customer',9,9,'Заказ закрыт',13),(21,1,'customer',9,9,'Заказ закрыт',13),(22,1,'customer',9,9,'Заказ закрыт',13),(23,1,'customer',9,9,'Заказ закрыт',13),(24,1,'customer',9,9,'Заказ закрыт',13),(25,1,'customer',9,9,'Заказ закрыт',13),(26,1,'customer',9,9,'Заказ закрыт',13),(27,1,'customer',9,9,'Заказ закрыт',13),(28,1,'customer',9,9,'Заказ закрыт',13),(29,1,'customer',9,9,'Заказ закрыт',13),(30,1,'customer',9,9,'Заказ закрыт',13),(31,1,'customer',9,9,'Заказ закрыт',13),(32,1,'customer',9,9,'Заказ закрыт',13),(33,1,'customer',9,9,'Заказ закрыт',13),(34,1,'customer',9,9,'Заказ закрыт',13),(35,1,'customer',9,9,'Заказ закрыт',13),(36,1,'customer',9,9,'Заказ закрыт',13),(37,1,'customer',9,9,'Заказ закрыт',13),(38,1,'customer',9,9,'Заказ закрыт',13),(39,1,'customer',9,9,'Заказ закрыт',13),(40,1,'customer',9,9,'Заказ закрыт',13),(41,1,'customer',9,9,'Заказ закрыт',13),(42,1,'customer',9,9,'Заказ закрыт',13),(43,1,'customer',9,9,'Заказ закрыт',13),(44,1,'customer',9,9,'Заказ закрыт',13),(45,1,'customer',9,9,'Заказ закрыт',13),(46,1,'customer',9,9,'Заказ закрыт',13),(47,1,'customer',9,9,'Заказ закрыт',13),(48,1,'customer',9,9,'Заказ закрыт',13),(49,1,'customer',9,9,'Заказ закрыт',13),(50,1,'customer',4,6,'Рекламодатель принял {%acceptedLeadCount} лидов',13),(51,1,'customer',4,6,'Рекламодатель принял {%acceptedLeadCount} лидов',13),(52,1,'customer',4,7,'Рекламодатель отказался принимать заказ',13),(53,1,'customer',4,7,'Рекламодатель отказался принимать заказ',13),(54,1,'customer',4,6,'Рекламодатель принял {%acceptedLeadCount} лидов',13),(55,1,'customer',4,6,'Рекламодатель принял {%acceptedLeadCount} лидов',13),(56,1,'customer',4,6,'Рекламодатель принял {%acceptedLeadCount} лидов',13),(57,1,'customer',4,9,'Заказ закрыт',13),(58,1,'customer',4,9,'Заказ закрыт',13),(59,1,'customer',4,9,'Заказ закрыт',13),(60,1,'customer',4,9,'Заказ закрыт',13),(61,1,'customer',4,9,'Заказ закрыт',13),(62,1,'customer',4,9,'Заказ закрыт',13),(63,1,'customer',4,9,'Заказ закрыт',13),(64,1,'customer',4,9,'Заказ закрыт',13),(65,1,'customer',4,9,'Заказ закрыт',13),(66,1,'customer',4,9,'Заказ закрыт',13),(67,1,'customer',4,9,'Заказ закрыт',13),(68,1,'customer',4,9,'Заказ закрыт',13),(69,1,'customer',4,9,'Заказ закрыт',13),(70,1,'customer',4,9,'Заказ закрыт',13),(71,1,'customer',4,9,'Заказ закрыт',13),(72,1,'customer',4,9,'Заказ закрыт',13),(73,1,'customer',4,9,'Заказ закрыт',13),(74,1,'customer',4,9,'Заказ закрыт',13),(75,1,'customer',4,9,'Заказ закрыт',13),(76,1,'customer',4,9,'Заказ закрыт',13),(77,1,'customer',4,9,'Заказ закрыт',13),(78,1,'customer',4,9,'Заказ закрыт',13),(79,1,'customer',4,9,'Заказ закрыт',13),(80,1,'customer',4,9,'Заказ закрыт',13),(81,1,'customer',4,9,'Заказ закрыт',13),(82,1,'customer',4,9,'Заказ закрыт',13),(83,1,'customer',4,9,'Заказ закрыт',13),(84,1,'customer',4,9,'Заказ закрыт',13),(85,1,'customer',4,9,'Заказ закрыт',13),(86,1,'customer',4,9,'Заказ закрыт',13),(87,1,'customer',4,7,'Рекламодатель отказался принимать заказ',13),(88,1,'customer',4,9,'Заказ закрыт',13),(89,1,'customer',4,6,'Рекламодатель принял {%acceptedLeadCount} лидов',13),(90,1,'customer',4,6,'Рекламодатель принял {%acceptedLeadCount} лидов',13),(91,1,'customer',4,6,'Рекламодатель принял {%acceptedLeadCount} лидов',13),(92,1,'customer',4,9,'Заказ закрыт',13),(93,1,'customer',4,6,'Рекламодатель принял {%acceptedLeadCount} лидов',13),(94,1,'customer',4,9,'Заказ закрыт',13),(95,1,'customer',4,6,'Рекламодатель принял {%acceptedLeadCount} лидов',13),(96,1,'customer',4,9,'Заказ закрыт',13),(97,1,'customer',4,6,'Рекламодатель принял {%acceptedLeadCount} лидов',13),(98,1,'customer',4,9,'Заказ закрыт',13),(99,1,'customer',4,6,'Рекламодатель принял {%acceptedLeadCount} лидов',13),(100,1,'customer',4,9,'Заказ закрыт',13),(101,1,'customer',1,9,'Заказ закрыт',17),(102,2,'executor',1,2,'Исполнитель приступил к выполнению заказа',18),(103,2,'executor',2,4,'Исполнитель уведомил о выполнении заказа',18),(104,1,'customer',4,9,'Заказ закрыт',18),(105,1,'customer',9,9,'Заказ закрыт',18),(106,1,'customer',9,9,'Заказ закрыт',18),(107,1,'customer',9,9,'Заказ закрыт',18),(108,1,'customer',9,9,'Заказ закрыт',18),(109,1,'customer',9,9,'Заказ закрыт',18),(110,1,'customer',9,9,'Заказ закрыт',18),(111,1,'customer',9,9,'Заказ закрыт',18),(112,1,'customer',9,9,'Заказ закрыт',18),(113,2,'executor',1,2,'Исполнитель приступил к выполнению заказа',3),(114,2,'executor',2,4,'Исполнитель уведомил о выполнении заказа',3);
/*!40000 ALTER TABLE `ll_order_trace` ENABLE KEYS */;
UNLOCK TABLES;

--
-- Table structure for table `ll_order_traffic_type`
--

DROP TABLE IF EXISTS `ll_order_traffic_type`;
/*!40101 SET @saved_cs_client     = @@character_set_client */;
/*!40101 SET character_set_client = utf8 */;
CREATE TABLE `ll_order_traffic_type` (
  `order_id` int(11) NOT NULL,
  `traffic_type_id` int(11) NOT NULL
) ENGINE=InnoDB DEFAULT CHARSET=utf8 COLLATE=utf8_unicode_ci;
/*!40101 SET character_set_client = @saved_cs_client */;

--
-- Dumping data for table `ll_order_traffic_type`
--

LOCK TABLES `ll_order_traffic_type` WRITE;
/*!40000 ALTER TABLE `ll_order_traffic_type` DISABLE KEYS */;
INSERT INTO `ll_order_traffic_type` VALUES (1,3),(1,5),(2,3),(2,5),(3,3),(3,5),(4,5),(5,6),(6,5),(7,5),(8,6),(5,3),(5,4),(5,1),(6,3),(6,4),(6,1),(7,3),(7,4),(7,1),(8,3),(8,4),(8,1),(9,3),(9,4),(9,1),(10,3),(10,4),(10,1),(11,3),(11,4),(11,1),(12,4),(12,2),(14,4),(15,4),(16,4),(16,2),(17,2),(18,5),(18,4),(13,4),(13,2);
/*!40000 ALTER TABLE `ll_order_traffic_type` ENABLE KEYS */;
UNLOCK TABLES;

--
-- Table structure for table `ll_part_accepted`
--

DROP TABLE IF EXISTS `ll_part_accepted`;
/*!40101 SET @saved_cs_client     = @@character_set_client */;
/*!40101 SET character_set_client = utf8 */;
CREATE TABLE `ll_part_accepted` (
  `id` int(11) NOT NULL AUTO_INCREMENT,
  `lead_count_accepted` int(11) NOT NULL,
  `order_id` int(11) NOT NULL,
  `user_id` int(11) NOT NULL,
  `created_at` datetime DEFAULT NULL,
  PRIMARY KEY (`id`),
  KEY `FK_part_accepted_order` (`order_id`),
  CONSTRAINT `FK_part_accepted_order` FOREIGN KEY (`order_id`) REFERENCES `ll_order` (`id`)
) ENGINE=InnoDB AUTO_INCREMENT=15 DEFAULT CHARSET=utf8 COLLATE=utf8_unicode_ci;
/*!40101 SET character_set_client = @saved_cs_client */;

--
-- Dumping data for table `ll_part_accepted`
--

LOCK TABLES `ll_part_accepted` WRITE;
/*!40000 ALTER TABLE `ll_part_accepted` DISABLE KEYS */;
INSERT INTO `ll_part_accepted` VALUES (1,12,13,0,NULL),(2,7,13,0,NULL),(3,12,13,0,NULL),(4,43,13,0,NULL),(5,13,13,0,NULL),(6,11,13,0,NULL),(7,11,13,0,NULL),(8,11,13,0,NULL),(9,11,13,0,NULL),(10,11,13,0,NULL),(11,11,13,0,NULL),(12,123,13,0,NULL),(13,11,13,0,NULL),(14,12,13,0,NULL);
/*!40000 ALTER TABLE `ll_part_accepted` ENABLE KEYS */;
UNLOCK TABLES;

--
-- Table structure for table `ll_pro_account`
--

DROP TABLE IF EXISTS `ll_pro_account`;
/*!40101 SET @saved_cs_client     = @@character_set_client */;
/*!40101 SET character_set_client = utf8 */;
CREATE TABLE `ll_pro_account` (
  `id` int(11) NOT NULL AUTO_INCREMENT,
  `created_at` datetime NOT NULL,
  `suspended_at` datetime DEFAULT NULL,
  `resumed_at` datetime DEFAULT NULL,
  `life_time` int(11) NOT NULL,
  `user_id` int(11) NOT NULL,
  `status` int(11) NOT NULL DEFAULT '1',
  `by_certificate_id` int(11) DEFAULT NULL,
  PRIMARY KEY (`id`),
  KEY `fk_pro_account_user` (`user_id`),
  KEY `fk_pro_account_pro_certificate` (`by_certificate_id`),
  CONSTRAINT `fk_pro_account_pro_certificate` FOREIGN KEY (`by_certificate_id`) REFERENCES `ll_pro_certificate` (`id`),
  CONSTRAINT `fk_pro_account_user` FOREIGN KEY (`user_id`) REFERENCES `ll_user` (`id`)
) ENGINE=InnoDB AUTO_INCREMENT=7 DEFAULT CHARSET=utf8 COLLATE=utf8_unicode_ci;
/*!40101 SET character_set_client = @saved_cs_client */;

--
-- Dumping data for table `ll_pro_account`
--

LOCK TABLES `ll_pro_account` WRITE;
/*!40000 ALTER TABLE `ll_pro_account` DISABLE KEYS */;
INSERT INTO `ll_pro_account` VALUES (2,'2017-04-11 18:08:16',NULL,'2017-05-14 14:44:23',900000,1,1,NULL),(3,'2017-05-14 14:43:41',NULL,'2017-05-14 14:44:09',90000,2,1,NULL),(6,'2017-05-14 14:43:41',NULL,'2017-05-14 14:43:41',9000000,3,1,NULL);
/*!40000 ALTER TABLE `ll_pro_account` ENABLE KEYS */;
UNLOCK TABLES;

--
-- Table structure for table `ll_pro_certificate`
--

DROP TABLE IF EXISTS `ll_pro_certificate`;
/*!40101 SET @saved_cs_client     = @@character_set_client */;
/*!40101 SET character_set_client = utf8 */;
CREATE TABLE `ll_pro_certificate` (
  `id` int(11) NOT NULL AUTO_INCREMENT,
  `title` varchar(255) COLLATE utf8_unicode_ci NOT NULL,
  `description` varchar(255) COLLATE utf8_unicode_ci DEFAULT NULL,
  `discount` float DEFAULT NULL,
  PRIMARY KEY (`id`)
) ENGINE=InnoDB DEFAULT CHARSET=utf8 COLLATE=utf8_unicode_ci;
/*!40101 SET character_set_client = @saved_cs_client */;

--
-- Dumping data for table `ll_pro_certificate`
--

LOCK TABLES `ll_pro_certificate` WRITE;
/*!40000 ALTER TABLE `ll_pro_certificate` DISABLE KEYS */;
/*!40000 ALTER TABLE `ll_pro_certificate` ENABLE KEYS */;
UNLOCK TABLES;

--
-- Table structure for table `ll_profile`
--

DROP TABLE IF EXISTS `ll_profile`;
/*!40101 SET @saved_cs_client     = @@character_set_client */;
/*!40101 SET character_set_client = utf8 */;
CREATE TABLE `ll_profile` (
  `user_id` int(11) NOT NULL,
  `name` varchar(255) COLLATE utf8_unicode_ci DEFAULT NULL,
  `public_email` varchar(255) COLLATE utf8_unicode_ci DEFAULT NULL,
  `gravatar_email` varchar(255) COLLATE utf8_unicode_ci DEFAULT NULL,
  `gravatar_id` varchar(32) COLLATE utf8_unicode_ci DEFAULT NULL,
  `location` varchar(255) COLLATE utf8_unicode_ci DEFAULT NULL,
  `website` varchar(255) COLLATE utf8_unicode_ci DEFAULT NULL,
  `bio` text COLLATE utf8_unicode_ci,
  `timezone` varchar(40) COLLATE utf8_unicode_ci DEFAULT NULL,
  PRIMARY KEY (`user_id`),
  CONSTRAINT `fk_user_profile` FOREIGN KEY (`user_id`) REFERENCES `ll_user` (`id`) ON DELETE CASCADE
) ENGINE=InnoDB DEFAULT CHARSET=utf8 COLLATE=utf8_unicode_ci;
/*!40101 SET character_set_client = @saved_cs_client */;

--
-- Dumping data for table `ll_profile`
--

LOCK TABLES `ll_profile` WRITE;
/*!40000 ALTER TABLE `ll_profile` DISABLE KEYS */;
INSERT INTO `ll_profile` VALUES (1,NULL,NULL,NULL,NULL,NULL,NULL,NULL,NULL),(2,NULL,NULL,NULL,NULL,NULL,NULL,NULL,NULL),(3,NULL,NULL,NULL,NULL,NULL,NULL,NULL,NULL),(4,NULL,NULL,NULL,NULL,NULL,NULL,NULL,NULL),(5,NULL,NULL,NULL,NULL,NULL,NULL,NULL,NULL),(6,NULL,NULL,NULL,NULL,NULL,NULL,NULL,NULL),(10,NULL,NULL,NULL,NULL,NULL,NULL,NULL,NULL),(11,NULL,NULL,NULL,NULL,NULL,NULL,NULL,NULL),(12,NULL,NULL,NULL,NULL,NULL,NULL,NULL,NULL),(13,NULL,NULL,NULL,NULL,NULL,NULL,NULL,NULL),(14,NULL,NULL,NULL,NULL,NULL,NULL,NULL,NULL),(15,NULL,NULL,NULL,NULL,NULL,NULL,NULL,NULL),(16,NULL,NULL,NULL,NULL,NULL,NULL,NULL,NULL),(17,NULL,NULL,NULL,NULL,NULL,NULL,NULL,NULL),(18,NULL,NULL,NULL,NULL,NULL,NULL,NULL,NULL),(19,NULL,NULL,NULL,NULL,NULL,NULL,NULL,NULL),(20,NULL,NULL,NULL,NULL,NULL,NULL,NULL,NULL),(21,NULL,NULL,NULL,NULL,NULL,NULL,NULL,NULL),(22,NULL,NULL,NULL,NULL,NULL,NULL,NULL,NULL),(23,NULL,NULL,NULL,NULL,NULL,NULL,NULL,NULL),(24,NULL,NULL,NULL,NULL,NULL,NULL,NULL,NULL),(25,NULL,NULL,NULL,NULL,NULL,NULL,NULL,NULL),(26,NULL,NULL,NULL,NULL,NULL,NULL,NULL,NULL),(27,NULL,NULL,NULL,NULL,NULL,NULL,NULL,NULL),(28,NULL,NULL,NULL,NULL,NULL,NULL,NULL,NULL),(29,NULL,NULL,NULL,NULL,NULL,NULL,NULL,NULL),(30,NULL,NULL,NULL,NULL,NULL,NULL,NULL,NULL),(31,NULL,NULL,NULL,NULL,NULL,NULL,NULL,NULL),(32,NULL,NULL,NULL,NULL,NULL,NULL,NULL,NULL),(33,NULL,NULL,NULL,NULL,NULL,NULL,NULL,NULL),(34,NULL,NULL,NULL,NULL,NULL,NULL,NULL,NULL),(35,NULL,NULL,NULL,NULL,NULL,NULL,NULL,NULL),(36,NULL,NULL,NULL,NULL,NULL,NULL,NULL,NULL),(37,NULL,NULL,NULL,NULL,NULL,NULL,NULL,NULL),(38,NULL,NULL,NULL,NULL,NULL,NULL,NULL,NULL),(39,NULL,NULL,NULL,NULL,NULL,NULL,NULL,NULL),(40,NULL,NULL,NULL,NULL,NULL,NULL,NULL,NULL),(41,NULL,NULL,NULL,NULL,NULL,NULL,NULL,NULL),(42,NULL,NULL,NULL,NULL,NULL,NULL,NULL,NULL),(43,NULL,NULL,NULL,NULL,NULL,NULL,NULL,NULL),(44,NULL,NULL,NULL,NULL,NULL,NULL,NULL,NULL),(45,NULL,NULL,NULL,NULL,NULL,NULL,NULL,NULL),(46,NULL,NULL,NULL,NULL,NULL,NULL,NULL,NULL),(47,NULL,NULL,NULL,NULL,NULL,NULL,NULL,NULL),(48,NULL,NULL,NULL,NULL,NULL,NULL,NULL,NULL),(49,NULL,NULL,NULL,NULL,NULL,NULL,NULL,NULL),(50,NULL,NULL,NULL,NULL,NULL,NULL,NULL,NULL),(51,NULL,NULL,NULL,NULL,NULL,NULL,NULL,NULL),(52,NULL,NULL,NULL,NULL,NULL,NULL,NULL,NULL),(53,NULL,NULL,NULL,NULL,NULL,NULL,NULL,NULL),(54,NULL,NULL,NULL,NULL,NULL,NULL,NULL,NULL),(55,NULL,NULL,NULL,NULL,NULL,NULL,NULL,NULL),(56,NULL,NULL,NULL,NULL,NULL,NULL,NULL,NULL),(57,NULL,NULL,NULL,NULL,NULL,NULL,NULL,NULL),(58,NULL,NULL,NULL,NULL,NULL,NULL,NULL,NULL),(60,NULL,NULL,NULL,NULL,NULL,NULL,NULL,NULL),(61,NULL,NULL,NULL,NULL,NULL,NULL,NULL,NULL),(62,NULL,NULL,NULL,NULL,NULL,NULL,NULL,NULL),(63,NULL,NULL,NULL,NULL,NULL,NULL,NULL,NULL),(64,NULL,NULL,NULL,NULL,NULL,NULL,NULL,NULL),(65,NULL,NULL,NULL,NULL,NULL,NULL,NULL,NULL),(66,NULL,NULL,NULL,NULL,NULL,NULL,NULL,NULL),(67,NULL,NULL,NULL,NULL,NULL,NULL,NULL,NULL),(68,NULL,NULL,NULL,NULL,NULL,NULL,NULL,NULL),(69,NULL,NULL,NULL,NULL,NULL,NULL,NULL,NULL),(70,NULL,NULL,NULL,NULL,NULL,NULL,NULL,NULL),(71,NULL,NULL,NULL,NULL,NULL,NULL,NULL,NULL);
/*!40000 ALTER TABLE `ll_profile` ENABLE KEYS */;
UNLOCK TABLES;

--
-- Table structure for table `ll_profile_case`
--

DROP TABLE IF EXISTS `ll_profile_case`;
/*!40101 SET @saved_cs_client     = @@character_set_client */;
/*!40101 SET character_set_client = utf8 */;
CREATE TABLE `ll_profile_case` (
  `id` int(11) NOT NULL AUTO_INCREMENT,
  `title` varchar(255) COLLATE utf8_unicode_ci DEFAULT NULL,
  `description` text COLLATE utf8_unicode_ci,
  `presentation` text COLLATE utf8_unicode_ci,
  `user_id` int(11) DEFAULT NULL,
  `preview_image` varchar(255) COLLATE utf8_unicode_ci DEFAULT NULL,
  `created_at` datetime DEFAULT NULL,
  `updated_at` datetime DEFAULT NULL,
  PRIMARY KEY (`id`),
  KEY `K_profile_case_preview_image` (`preview_image`)
) ENGINE=InnoDB AUTO_INCREMENT=62 DEFAULT CHARSET=utf8 COLLATE=utf8_unicode_ci;
/*!40101 SET character_set_client = @saved_cs_client */;

--
-- Dumping data for table `ll_profile_case`
--

LOCK TABLES `ll_profile_case` WRITE;
/*!40000 ALTER TABLE `ll_profile_case` DISABLE KEYS */;
INSERT INTO `ll_profile_case` VALUES (9,'Продажа ёлок в социальных сетях','qew','Предновогодняя пора - это время акций, скидок и высоких ставок на рекламу.\r\nОпытные таргетологи рекомендуют в это время \"придержать\" бюджет. Но если ваш\r\n                                    товар - новогодние атрибуты, надо искать максимально заинтересованные\r\n                                    аудитории и тестировать разные форматы таргетированной рекламы.',1,NULL,NULL,NULL),(10,'Продажа ёлок в социальных сетях','qwe','Предновогодняя пора - это время акций, скидок и высоких ставок на рекламу.\r\nОпытные таргетологи рекомендуют в это время \"придержать\" бюджет. Но если ваш\r\n                                    товар - новогодние атрибуты, надо искать максимально заинтересованные\r\n                                    аудитории и тестировать разные форматы таргетированной рекламы.',1,NULL,NULL,NULL),(11,'qwe','qwe','<p>qwe</p>\r\n',1,NULL,NULL,NULL),(12,'Ищу ответственного рекламодателя по ЯНАО, ХМАО, Приморский край, Хабаровск и республики Саха.','Ищу ответственного рекламодателя по ЯНАО, ХМАО, Приморский край, Хабаровск и республики Саха. Ищу ответственного рекламодателя по ЯНАО, ХМАО, Приморский край, Хабаровск и республики Саха. Ищу ответственного рекламодателя по ЯНАО, ХМАО, Приморский край, Хабаровск и республики Саха. Ищу ответственного рекламодателя по ЯНАО, ХМАО, Приморский край, Хабаровск и республики Саха. ','<p><img src=\"http://ll.local/upload/user_content/21497299988593efc148b47a0.34408525/59446d458249c.jpg\" width=\"808\" height=\"610\" style=\"width: 808px; height: 610px; margin: auto; display:block;\">\r\n</p><p>\r\n	Мы закупили оригинальный пояс эйбиджимник, называется ABGYMNIC ORIGINAL, который имеет те же свойства и функционал, что и обычный пояс ABGYMNIC, но качество у него существенно выше и выглядит он приличнее и дороже, чем его аналог! Он имеет новый крутой вид с белым многофункциональным компьютером. Пояс мы покупаем на Американском заводе в Китае! Служит он существеннее дольше (даже батарейки там пальчиковые). \r\nТовар в наличии, нужно только запилить ленды и лить трафик (мы не делаем лендинги, мы занимаемся только продажей).\r\n</p><p>Один из вариантов (самых рациональных и быстрых) – это подставить картинку нового пояса ABGYMNIC ORIGINAL в те ленды, которые есть уже на аналоговый товар, который продавался прошлые годы. Описание оставить можно то же. Если нужны ленды старого пояса - пишите, вышлю примеры. Нужно будет поменять: название, фото и цену на \r\n970 рублей.\r\n</p><p>Супер-выгодные условия:\r\n</p><p>-Ставка фулл- 800 рублей (нал), 850 рублей (безнал на юрлицо). Выплата осуществляется за подтвержденные заявки за исключением отмененных, после принятия в течение 3х дней.\r\n</p><p>Lorem ipsum dolor sit amet, consectetur adipisicing elit. Reiciendis deleniti quia, iure sequi tempora eos, consectetur aliquid itaque delectus dolor ullam laborum eius tempore eaque. Expedita voluptatem molestiae impedit temporibus.<br>\r\n</p><p>Eum unde, sequi, aut officia ab, placeat ratione, nobis veniam enim corporis repellat aspernatur adipisci quae temporibus cum possimus! Unde necessitatibus eligendi cupiditate enim ipsa pariatur quae sit! Delectus, placeat.\r\n</p><p>Sapiente totam esse alias temporibus voluptatibus quasi quis voluptatem vel, officiis, quaerat at beatae. Obcaecati rerum eveniet odio cumque, soluta tenetur. Odio accusamus voluptatem veritatis dolorem mollitia expedita perspiciatis tempore.\r\n</p><p>Rem magnam dolorum adipisci, earum similique labore maiores dolorem, minima in debitis totam temporibus voluptatum animi, nostrum vitae saepe porro ab eaque et. Esse, saepe quidem dolor architecto consectetur maiores!\r\n</p><p>Dignissimos illo alias nulla saepe consequuntur unde modi molestiae deleniti ducimus perspiciatis, placeat ipsam quam beatae tempore laudantium, mollitia quas, sapiente non officia est ratione reprehenderit. Eligendi odio quod facere!\r\n</p><p>Doloremque delectus voluptas deserunt minus dolorum eaque aut similique ratione labore alias id in ex assumenda asperiores, laudantium quidem iste ducimus qui sit maxime veritatis. Ex commodi fugit voluptatem quisquam!\r\n</p><p>Minus excepturi omnis nulla consequatur minima amet nostrum aliquid quisquam! Delectus quibusdam est nemo molestias amet eius, commodi, vitae fugit error cupiditate perspiciatis inventore reiciendis atque minus aliquid! Quos, corporis!\r\n</p><p>Ad eius labore, dolorem doloremque iste eligendi minima iure, magnam earum dolorum tempora sunt sit pariatur neque tempore illo alias, accusantium, quaerat vero itaque nesciunt veritatis. Omnis provident, assumenda inventore!\r\n</p>',2,'149772253159456ea3574012.01615246.jpg',NULL,NULL),(13,'eee','eee','<p>eee</p>\r\n',1,NULL,NULL,NULL),(14,'eee','eee','<p>eee</p>\r\n',1,NULL,NULL,NULL),(15,'ttt','ttt','<p>ttt</p>\r\n',1,NULL,NULL,NULL),(16,'qqq','qqq','<p>qqq</p>\r\n',1,NULL,NULL,NULL),(17,'uuuu','uuuu','<p>uuuu</p>\r\n',1,NULL,NULL,NULL),(18,'111222','111222','<p>111222</p>\r\n',1,NULL,NULL,NULL),(19,'hhh','hhh','<p>hhh</p>\r\n',1,NULL,NULL,NULL),(20,'qweqwe ','qwe','<p>qwe</p>\r\n',2,NULL,NULL,NULL),(21,'qqq','qqq','<p>qqq</p>\r\n',1,NULL,NULL,NULL),(22,'asu','asu','<p>asu</p>\r\n',1,NULL,NULL,NULL),(23,'ytu','tyu','<p><img src=\"http://ll.local/upload/user_content/21497299988593efc148b47a0.34408525/5941136fa7bc1.jpg\"></p>',2,'',NULL,NULL),(58,'ttttttttt','tttttttttt','<p>tttttttttttttt</p>',2,'14997869315964eeb33c05d8.50053466.jpg',NULL,'2017-07-11 15:28:53'),(59,'qweqwe','qwewqeqwe','<p>qwewqewqe</p>',2,'14997869215964eea949c891.49607332.jpg',NULL,'2017-07-11 15:28:44'),(60,'Разработка виджета захвата контакта посетителей сайта. Разработка виджета захвата контакта посетителей сайта.','zxcxzc zxcxzc zxcxzc zxcxzc zxcxzc zxcxzc zxcxzc zxcxzc zxcxzc zxcxzc zxcxzc zxcxzc zxcxzc zxcxzc zxcxzc zxcxzc zxcxzc zxcxzc zxcxzc zxcxzc zxcxzc zxcxzc zxcxzc zxcxzc zxcxzc zxcxzc zxcxzc zxcxzc zxcxzc zxcxzc zxcxzc zxcxzc zxcxzc zxcxzc zxcxzc zxcxzc zxcxzc zxcxzc zxcxzc zxcxzc zxcxzc zxcxzc zxcxzc zxcxzc zxcxzc zxcxzc zxcxzc zxcxzc zxcxzc zxcxzc zxcxzc zxcxzc zxcxzc zxcxzc zxcxzc zxcxzc zxcxzc zxcxzc zxcxzc zxcxzc','<p>zxczxc</p>',2,'14997869035964ee97514df0.97917620.jpg','2017-06-23 22:39:20','2017-07-11 15:28:28'),(61,'test case without profile case','test case without profile case','<p>Lorem ipsum dolor sit amet, consectetur adipisicing elit, sed do eiusmod</p><p>tempor incididunt ut labore et dolore magna aliqua. Ut enim ad minim veniam,</p><p>quis nostrud exercitation ullamco laboris nisi ut aliquip ex ea commodo</p><p>consequat. Duis aute irure dolor in reprehenderit in voluptate velit esse</p><p>cillum dolore eu fugiat nulla pariatur. Excepteur sint occaecat cupidatat non</p><p>proident, sunt in culpa qui officia deserunt mollit anim id est laborum.</p>',60,NULL,'2017-07-26 12:45:28','2017-07-26 12:45:28');
/*!40000 ALTER TABLE `ll_profile_case` ENABLE KEYS */;
UNLOCK TABLES;

--
-- Table structure for table `ll_profile_case_comment`
--

DROP TABLE IF EXISTS `ll_profile_case_comment`;
/*!40101 SET @saved_cs_client     = @@character_set_client */;
/*!40101 SET character_set_client = utf8 */;
CREATE TABLE `ll_profile_case_comment` (
  `id` int(11) NOT NULL AUTO_INCREMENT,
  `message` text COLLATE utf8_unicode_ci NOT NULL,
  `profile_case_id` int(11) NOT NULL,
  `from_user_id` int(11) NOT NULL,
  `status` int(11) NOT NULL DEFAULT '1',
  `parent_id` int(11) DEFAULT NULL,
  `created_at` datetime DEFAULT NULL,
  `tree` int(11) NOT NULL,
  `lft` int(11) NOT NULL,
  `rgt` int(11) NOT NULL,
  `depth` int(11) NOT NULL,
  PRIMARY KEY (`id`),
  KEY `fk_profile_case_comment_user_from` (`from_user_id`),
  CONSTRAINT `fk_profile_case_comment_user_from` FOREIGN KEY (`from_user_id`) REFERENCES `ll_user` (`id`)
) ENGINE=InnoDB AUTO_INCREMENT=20 DEFAULT CHARSET=utf8 COLLATE=utf8_unicode_ci;
/*!40101 SET character_set_client = @saved_cs_client */;

--
-- Dumping data for table `ll_profile_case_comment`
--

LOCK TABLES `ll_profile_case_comment` WRITE;
/*!40000 ALTER TABLE `ll_profile_case_comment` DISABLE KEYS */;
INSERT INTO `ll_profile_case_comment` VALUES (13,'some comment',60,2,1,NULL,'2017-06-23 12:39:17',13,1,8,0),(14,'more comment',60,2,1,NULL,'2017-06-23 12:40:39',14,1,4,0),(15,'some child comment',60,2,1,14,'2017-06-23 12:42:53',14,2,3,1),(16,'tyu',60,2,1,13,'2017-06-23 12:43:54',13,2,5,1),(17,'some comment from user 1',60,1,1,NULL,'2017-06-23 12:45:28',17,1,2,0),(18,'some answer to user 2 from user1 (1 depth)',60,1,1,13,'2017-06-23 12:46:03',13,6,7,1),(19,'some answer to user 2 from user1 (2 depth)',60,1,1,16,'2017-06-23 12:46:25',13,3,4,2);
/*!40000 ALTER TABLE `ll_profile_case_comment` ENABLE KEYS */;
UNLOCK TABLES;

--
-- Table structure for table `ll_profile_private`
--

DROP TABLE IF EXISTS `ll_profile_private`;
/*!40101 SET @saved_cs_client     = @@character_set_client */;
/*!40101 SET character_set_client = utf8 */;
CREATE TABLE `ll_profile_private` (
  `user_id` int(11) NOT NULL,
  `first_name` varchar(20) COLLATE utf8_unicode_ci DEFAULT NULL,
  `last_name` varchar(20) COLLATE utf8_unicode_ci DEFAULT NULL,
  `experience` int(11) DEFAULT NULL,
  `city_id` int(11) DEFAULT NULL,
  `birth_date` datetime DEFAULT NULL,
  `phone` varchar(20) COLLATE utf8_unicode_ci DEFAULT NULL,
  `skype` varchar(30) COLLATE utf8_unicode_ci DEFAULT NULL,
  `telegram` varchar(30) COLLATE utf8_unicode_ci DEFAULT NULL,
  `whatsapp` varchar(30) COLLATE utf8_unicode_ci DEFAULT NULL,
  `viber` varchar(30) COLLATE utf8_unicode_ci DEFAULT NULL,
  `vk` varchar(255) COLLATE utf8_unicode_ci DEFAULT NULL,
  `twitter` varchar(255) COLLATE utf8_unicode_ci DEFAULT NULL,
  `created_at` datetime DEFAULT NULL,
  `updated_at` datetime DEFAULT NULL,
  `id` int(11) NOT NULL AUTO_INCREMENT,
  PRIMARY KEY (`id`),
  KEY `K_profile_private_first_name` (`first_name`),
  KEY `K_profile_private_last_name` (`last_name`),
  KEY `K_profile_private_skype` (`skype`),
  KEY `K_profile_private_telegram` (`telegram`),
  KEY `K_profile_private_whatsapp` (`whatsapp`),
  KEY `K_profile_private_viber` (`viber`),
  KEY `FK_profile_private_user` (`user_id`),
  KEY `FK_profile_private_city` (`city_id`),
  KEY `K_profile_private_vk` (`vk`),
  KEY `K_profile_private_twitter` (`twitter`),
  CONSTRAINT `FK_profile_private_city` FOREIGN KEY (`city_id`) REFERENCES `ll_city` (`id`),
  CONSTRAINT `FK_profile_private_user` FOREIGN KEY (`user_id`) REFERENCES `ll_user` (`id`)
) ENGINE=InnoDB AUTO_INCREMENT=25 DEFAULT CHARSET=utf8 COLLATE=utf8_unicode_ci;
/*!40101 SET character_set_client = @saved_cs_client */;

--
-- Dumping data for table `ll_profile_private`
--

LOCK TABLES `ll_profile_private` WRITE;
/*!40000 ALTER TABLE `ll_profile_private` DISABLE KEYS */;
INSERT INTO `ll_profile_private` VALUES (1,'Evgeny','Berezhnoyzq',12,2,'1986-03-18 00:00:00','+7951513306831111','qwe','@svd222','weterter','+79415558200111','https://vk.com/mypage','@svd222','2017-02-11 08:22:33','2017-02-11 08:22:42',1),(2,'Konstantin','Berestenevz',NULL,NULL,'1983-11-30 23:59:59','','',NULL,'','','','','2017-04-11 12:06:24','2017-04-11 12:06:24',2),(3,NULL,NULL,NULL,NULL,'0000-00-00 00:00:00',NULL,NULL,NULL,NULL,NULL,NULL,NULL,'2017-04-11 12:37:42','2017-04-11 12:37:42',3),(58,NULL,NULL,NULL,NULL,'0000-00-00 00:00:00',NULL,NULL,NULL,NULL,NULL,NULL,NULL,'2017-07-09 14:41:55','2017-07-09 14:41:55',12),(60,NULL,NULL,NULL,NULL,NULL,NULL,NULL,NULL,NULL,NULL,NULL,NULL,'2017-07-26 12:38:41','2017-07-26 12:38:41',14),(61,NULL,NULL,NULL,NULL,NULL,NULL,NULL,NULL,NULL,NULL,NULL,NULL,'2017-07-26 12:51:45','2017-07-26 12:51:45',15),(62,NULL,NULL,NULL,NULL,NULL,NULL,NULL,NULL,NULL,NULL,NULL,NULL,'2017-07-26 12:52:28','2017-07-26 12:52:28',16),(63,NULL,NULL,NULL,NULL,NULL,NULL,NULL,NULL,NULL,NULL,NULL,NULL,'2017-09-13 10:07:26','2017-09-13 10:07:26',17),(64,NULL,NULL,NULL,NULL,NULL,NULL,NULL,NULL,NULL,NULL,NULL,NULL,'2017-09-13 12:09:32','2017-09-13 12:09:32',18),(65,NULL,NULL,NULL,NULL,NULL,NULL,NULL,NULL,NULL,NULL,NULL,NULL,'2017-09-13 12:11:29','2017-09-13 12:11:29',19),(66,NULL,NULL,NULL,NULL,NULL,NULL,NULL,NULL,NULL,NULL,NULL,NULL,'2017-09-13 12:15:55','2017-09-13 12:15:55',20),(67,'2wer',NULL,NULL,NULL,NULL,NULL,NULL,NULL,NULL,NULL,NULL,NULL,'2017-09-13 12:23:28','2017-09-13 12:23:28',21),(68,'Евгений',NULL,NULL,NULL,NULL,NULL,NULL,NULL,NULL,NULL,NULL,NULL,'2017-09-13 12:39:07','2017-09-13 12:39:07',22),(69,'e123',NULL,NULL,NULL,NULL,NULL,NULL,NULL,NULL,NULL,NULL,NULL,'2017-09-13 12:44:26','2017-09-13 12:44:26',23),(70,'e321',NULL,NULL,NULL,NULL,NULL,NULL,NULL,NULL,NULL,NULL,NULL,'2017-09-13 14:26:29','2017-09-13 14:26:29',24);
/*!40000 ALTER TABLE `ll_profile_private` ENABLE KEYS */;
UNLOCK TABLES;

--
-- Table structure for table `ll_project`
--

DROP TABLE IF EXISTS `ll_project`;
/*!40101 SET @saved_cs_client     = @@character_set_client */;
/*!40101 SET character_set_client = utf8 */;
CREATE TABLE `ll_project` (
  `id` int(11) NOT NULL AUTO_INCREMENT,
  `title` varchar(255) COLLATE utf8_unicode_ci NOT NULL,
  `description` text COLLATE utf8_unicode_ci NOT NULL,
  `lead_count_required` int(11) DEFAULT NULL,
  `execution_time` int(11) DEFAULT NULL,
  `is_urgent` tinyint(1) DEFAULT NULL,
  `is_auction` tinyint(1) DEFAULT NULL,
  `lead_cost` decimal(11,3) DEFAULT NULL,
  `user_id` int(11) NOT NULL,
  `executor_id` int(11) DEFAULT NULL,
  `deadline_dt` datetime DEFAULT NULL,
  `is_multiproject` tinyint(1) DEFAULT NULL,
  `created_at` datetime NOT NULL,
  `updated_at` datetime NOT NULL,
  `activited_at` datetime DEFAULT NULL,
  `image` varchar(255) COLLATE utf8_unicode_ci DEFAULT NULL,
  `status` int(11) NOT NULL DEFAULT '1',
  PRIMARY KEY (`id`),
  KEY `FK_project_user` (`user_id`),
  KEY `K_title` (`title`),
  KEY `K_image` (`image`),
  CONSTRAINT `FK_project_user` FOREIGN KEY (`user_id`) REFERENCES `ll_user` (`id`)
) ENGINE=InnoDB AUTO_INCREMENT=21 DEFAULT CHARSET=utf8 COLLATE=utf8_unicode_ci;
/*!40101 SET character_set_client = @saved_cs_client */;

--
-- Dumping data for table `ll_project`
--

LOCK TABLES `ll_project` WRITE;
/*!40000 ALTER TABLE `ll_project` DISABLE KEYS */;
INSERT INTO `ll_project` VALUES (1,'Продажа assd sasqwqesadникальных футболок с авторским дизайном!','Нужно решить вопрос с возможностью выбора цвета и размера для виртумарта (версия 2.6.6). Исходные характеристики товара: артикул, цвет, размер. Артикул-общая характеристика товара (модель, узор,отделка). Цвет и размер-зависимые опции. Покупатель должен видеть реальный цвет товара (либо это вывод картинкию. Жду ваших предложений!',12,672,0,0,13.000,1,NULL,'2016-12-24 16:59:08',NULL,'2016-12-22 16:59:27','2017-08-02 15:05:08','2017-07-18 16:59:30',NULL,3),(2,'Сделать 100 холодных звонков','Необходимо сделать 100 холодных звонков с целью офоррмления заявки. Предложение для клиента бесплатное, так что конверсия высокая. Звонки физическим лицам. База, связь, скрипты предоставляются. Оплата по договоренности за каждый звонок + премии за оформленные заявки',296,12,NULL,0,12.000,1,NULL,NULL,1,'2016-12-22 17:03:56','2017-08-02 15:35:00','2017-07-18 17:03:59',NULL,4),(3,'Отправка коммерческих прделожений по нашей базе','По базе 50 контактов обзвонить, узнать лицо принимающее решение и отправить презентацию. Уточнить получение.',400,5,NULL,1,NULL,1,NULL,NULL,NULL,'2016-12-28 04:07:03','2016-12-22 17:07:06','2017-07-18 17:07:06',NULL,3),(4,'Поиск клиентов на электронный документооборот','Занимаюсь организацией продвижения электронного документооборота собственной разработки АМАС. Отличный фунционал, простота и удобство, очень низкая стоимость владения. Оплата -10-20 % от суммы заказа. Ищу партнеров для поиска клиентов.',250,11,0,1,NULL,2,NULL,'2016-12-30 17:09:43',NULL,'2016-12-28 00:09:49','2016-12-22 17:09:52','2017-07-18 17:09:52',NULL,5),(5,'Привлечение лидов на автокредит','Требуется привлечение клиентов на заключение договора на автокредит. Одобрение 99%, взнос клиента 15 % от стоимости автомобиля (от 120 000 т) за каждый подписанный договор 10 000 тысяч. Всю необходимую информацию можем предоставить. Наши клиенты это люди с плохой банковской кредитной истории и люди класса ниже среднего. Условия для клиента не самые гуманные, первоначальный взнос 15 % 25 % годовых.',100,9,NULL,NULL,145.000,1,NULL,NULL,NULL,'2016-12-22 17:13:16','2016-12-22 17:13:20','2017-08-16 14:56:29',NULL,3),(7,'test7','test descr',100,9,0,0,12.000,2,NULL,NULL,0,'2017-01-08 20:05:33','2017-01-08 20:05:33','2017-01-08 20:05:33',NULL,3),(8,'test8','test test test',12,12,0,0,12.000,2,NULL,NULL,0,'2017-01-08 20:09:04','2017-01-08 20:09:04','2017-01-08 20:09:04',NULL,5),(9,'test9','sldfsd aaa o i eorit eot ea ttoeisdlgsdl sge gsgdfhdog hods geog heoghdofhd ghe h h o egoeai ga; gafdl gsdlgh;aga;egseeuhgiekgahsg haew thieugzlghaa  wert alakghakgal ghzsk ghkasdgkakghakas  wu hwihaskfdhas  wu wihau hdu aaksaf skddf hwe hrw wue',100,12,0,0,100.000,2,NULL,NULL,0,'2017-01-08 20:14:14','2017-01-08 20:14:14','2017-01-08 20:14:14',NULL,3),(10,'test10','QWE',11,11,0,0,11.000,2,NULL,NULL,0,'2017-01-08 20:16:05','2017-01-08 20:16:05','2017-01-08 20:16:05',NULL,3),(11,'test11','QWE',11,11,0,0,11.000,2,NULL,NULL,0,'2017-01-08 20:17:34','2017-01-08 20:17:34','2017-01-08 20:17:34',NULL,5),(12,'test12','QWE',11,11,0,0,11.000,1,NULL,NULL,0,'2017-01-08 20:18:02','2017-01-08 20:18:02','2017-08-01 20:36:23',NULL,5),(13,'тестовый проект','тестовое описание',300,10,0,0,12.000,1,NULL,NULL,0,'2017-07-09 20:35:35','2017-07-09 20:35:35','2017-07-09 20:35:35',NULL,5),(14,'тест 2','тестовое описание 2',100,20,0,0,10.000,1,NULL,NULL,0,'2017-07-09 20:38:29','2017-07-09 20:38:29','2017-07-19 18:56:21',NULL,5),(15,'new test project','Lorem ipsum dolor sit amet, consectetur adipisicing elit, sed do eiusmod\r\ntempor incididunt ut labore et dolore magna aliqua. Ut enim ad minim veniam,\r\nquis nostrud exercitation ullamco laboris nisi ut aliquip ex ea commodo\r\nconsequat. Duis aute irure dolor in reprehenderit in voluptate velit esse\r\ncillum dolore eu fugiat nulla pariatur. Excepteur sint occaecat cupidatat non\r\nproident, sunt in culpa qui officia deserunt mollit anim id est laborum.\r\nLorem ipsum dolor sit amet, consectetur adipisicing elit, sed do eiusmod\r\ntempor incididunt ut labore et dolore magna aliqua. Ut enim ad minim veniam,\r\nquis nostrud exercitation ullamco laboris nisi ut aliquip ex ea commodo\r\nconsequat. Duis aute irure dolor in reprehenderit in voluptate velit esse\r\ncillum dolore eu fugiat nulla pariatur. Excepteur sint occaecat cupidatat non\r\nproident, sunt in culpa qui officia deserunt mollit anim id est laborum.\r\nLorem ipsum dolor sit amet, consectetur adipisicing elit, sed do eiusmod\r\ntempor incididunt ut labore et dolore magna aliqua. Ut enim ad minim veniam,\r\nquis nostrud exercitation ullamco laboris nisi ut aliquip ex ea commodo\r\nconsequat. Duis aute irure dolor in reprehenderit in voluptate velit esse\r\ncillum dolore eu fugiat nulla pariatur. Excepteur sint occaecat cupidatat non\r\nproident, sunt in culpa qui officia deserunt mollit anim id est laborum.',100,12,NULL,1,NULL,70,NULL,NULL,NULL,'2017-08-02 10:20:35','2017-08-03 04:34:25','2017-08-03 07:46:55',NULL,1),(17,'test project with batch images','Lorem ipsum dolor sit amet, consectetur adipisicing elit, sed do eiusmod\r\ntempor incididunt ut labore et dolore magna aliqua. Ut enim ad minim veniam,\r\nquis nostrud exercitation ullamco laboris nisi ut aliquip ex ea commodo\r\nconsequat. Duis aute irure dolor in reprehenderit in voluptate velit esse\r\ncillum dolore eu fugiat nulla pariatur. Excepteur sint occaecat cupidatat non\r\nproident, sunt in culpa qui officia deserunt mollit anim id est laborum.\r\nLorem ipsum dolor sit amet, consectetur adipisicing elit, sed do eiusmod\r\ntempor incididunt ut labore et dolore magna aliqua. Ut enim ad minim veniam,\r\nquis nostrud exercitation ullamco laboris nisi ut aliquip ex ea commodo\r\nconsequat. Duis aute irure dolor in reprehenderit in voluptate velit esse\r\ncillum dolore eu fugiat nulla pariatur. Excepteur sint occaecat cupidatat non\r\nproident, sunt in culpa qui officia deserunt mollit anim id est laborum.\r\nLorem ipsum dolor sit amet, consectetur adipisicing elit, sed do eiusmod\r\ntempor incididunt ut labore et dolore magna aliqua. Ut enim ad minim veniam,\r\nquis nostrud exercitation ullamco laboris nisi ut aliquip ex ea commodo\r\nconsequat. Duis aute irure dolor in reprehenderit in voluptate velit esse\r\ncillum dolore eu fugiat nulla pariatur. Excepteur sint occaecat cupidatat non\r\nproident, sunt in culpa qui officia deserunt mollit anim id est laborum.',100,15,NULL,1,NULL,1,NULL,NULL,NULL,'2017-08-11 08:10:20','2017-08-11 08:10:20','2017-08-11 09:21:40',NULL,1),(18,'test new','test new',12,12,NULL,0,12.000,70,NULL,NULL,NULL,'2017-09-13 14:48:38','2017-09-13 14:48:38','2017-09-13 14:49:38',NULL,1),(19,'order update project','test project',15,15,NULL,0,15.000,1,NULL,NULL,NULL,'2017-09-21 11:29:38','2017-09-21 11:29:38','2017-09-21 11:30:53',NULL,1),(20,'test order review project/testimonial','tet order review ',11,11,NULL,0,11.000,1,NULL,NULL,NULL,'2017-09-27 07:53:14','2017-09-27 07:53:14','2017-09-27 07:53:31',NULL,7);
/*!40000 ALTER TABLE `ll_project` ENABLE KEYS */;
UNLOCK TABLES;

--
-- Table structure for table `ll_project_message`
--

DROP TABLE IF EXISTS `ll_project_message`;
/*!40101 SET @saved_cs_client     = @@character_set_client */;
/*!40101 SET character_set_client = utf8 */;
CREATE TABLE `ll_project_message` (
  `id` int(11) NOT NULL AUTO_INCREMENT,
  `message` text COLLATE utf8_unicode_ci NOT NULL,
  `from_user_id` int(11) NOT NULL,
  `to_user_id` int(11) NOT NULL,
  `status` int(11) NOT NULL DEFAULT '1',
  `created_at` datetime DEFAULT NULL,
  `lead_cost` double DEFAULT NULL,
  `project_id` int(11) DEFAULT NULL,
  PRIMARY KEY (`id`),
  KEY `fk_project_message_user_from` (`from_user_id`),
  KEY `fk_project_message_user_to` (`to_user_id`),
  KEY `fk_project_message_project` (`project_id`),
  CONSTRAINT `fk_project_message_project` FOREIGN KEY (`project_id`) REFERENCES `ll_project` (`id`),
  CONSTRAINT `fk_project_message_user_from` FOREIGN KEY (`from_user_id`) REFERENCES `ll_user` (`id`),
  CONSTRAINT `fk_project_message_user_to` FOREIGN KEY (`to_user_id`) REFERENCES `ll_user` (`id`)
) ENGINE=InnoDB AUTO_INCREMENT=420 DEFAULT CHARSET=utf8 COLLATE=utf8_unicode_ci;
/*!40101 SET character_set_client = @saved_cs_client */;

--
-- Dumping data for table `ll_project_message`
--

LOCK TABLES `ll_project_message` WRITE;
/*!40000 ALTER TABLE `ll_project_message` DISABLE KEYS */;
INSERT INTO `ll_project_message` VALUES (16,'asdsad',2,1,1,'2017-07-12 10:06:39',10,2),(17,'10',2,1,1,'2017-07-12 10:15:22',10,2),(18,'qweqw',2,1,1,'2017-07-12 10:45:03',10,2),(19,'3 user',3,1,1,'2017-07-14 05:08:40',12,2),(20,'3 user asd',3,1,1,'2017-07-14 02:46:57',NULL,2),(21,'qweqw wewqe',1,2,1,'2017-07-14 02:55:49',NULL,2),(22,'3 user 1111',1,3,1,'2017-07-14 02:56:10',NULL,2),(23,'11qweqw wewqe',1,2,1,'2017-07-14 09:05:59',NULL,2),(24,'3 user 1122222',1,3,1,'2017-07-14 09:06:27',NULL,2),(25,'100',1,2,1,'2017-07-14 09:07:17',NULL,2),(26,'200',1,2,1,'2017-07-14 09:07:54',NULL,2),(27,'300',1,2,1,'2017-07-14 09:08:15',NULL,2),(28,'400',1,3,1,'2017-07-14 09:08:29',NULL,2),(29,'500',1,3,1,'2017-07-14 09:08:39',NULL,2),(30,'600',1,2,1,'2017-07-14 09:13:51',NULL,2),(31,'700',1,2,1,'2017-07-14 09:18:17',NULL,2),(32,'800',1,3,1,'2017-07-14 09:58:07',NULL,2),(33,'900',1,2,1,'2017-07-14 11:05:31',NULL,2),(34,'1000',1,3,1,'2017-07-14 11:07:51',NULL,2),(35,'1100',1,2,1,'2017-07-14 11:08:34',NULL,2),(36,'1200',1,2,1,'2017-07-14 11:09:03',NULL,2),(37,'1300',1,3,1,'2017-07-14 11:09:16',NULL,2),(38,'1400',1,3,1,'2017-07-14 12:05:10',NULL,2),(39,'1500',1,2,1,'2017-07-14 12:05:19',NULL,2),(40,'1600 ',1,3,1,'2017-07-14 14:29:49',NULL,2),(41,'2000',2,1,1,'2017-07-14 15:48:55',13,3),(42,'2100',1,2,1,'2017-07-14 15:55:51',NULL,3),(43,'15',2,2,1,'2017-07-15 15:26:20',15,4),(44,'16',2,2,1,'2017-07-15 15:26:36',16,4),(45,'qqweqwe',2,2,1,'2017-07-15 17:20:48',NULL,4),(48,'12',1,2,1,'2017-07-15 17:37:41',NULL,4),(49,'189',1,2,1,'2017-07-15 17:38:28',NULL,4),(50,'1789',1,2,1,'2017-07-15 17:38:52',NULL,4),(51,'10010',1,2,1,'2017-07-15 17:40:04',NULL,4),(52,'1234',1,2,1,'2017-07-15 17:40:20',NULL,4),(53,'Добрый день, я арбитражник с большим опытом работы. Что за товар, какие условия?\r\nПрилагаю кейс + файлы',2,1,1,'2017-07-15 17:47:41',122,5),(54,'товар разный',1,2,1,'2017-07-15 17:54:10',NULL,5),(55,'в каком сегменте?',2,1,1,'2017-07-15 17:54:38',NULL,5),(56,'детские товары',1,2,1,'2017-07-15 17:55:27',NULL,5),(57,'тестовый ответ',1,2,1,'2017-07-15 20:26:56',NULL,5),(58,'one more test',1,2,1,'2017-07-16 09:01:25',NULL,5),(59,'some text with attached files',1,2,1,'2017-07-16 11:58:10',NULL,5),(60,'test attached files',1,2,1,'2017-07-16 12:16:13',NULL,5),(61,'qwewqewq',1,2,1,'2017-07-16 12:23:20',NULL,5),(62,'ertret',1,2,1,'2017-07-16 13:59:03',NULL,5),(63,'qwewqe',1,2,1,'2017-07-16 16:37:38',NULL,5),(64,'Добрый день',3,1,1,'2017-07-16 16:40:14',18,5),(65,'test test test',1,3,1,'2017-07-16 16:40:40',NULL,5),(66,'qwe',1,3,1,'2017-07-16 16:51:32',NULL,5),(67,'qwe',1,3,1,'2017-07-16 16:51:53',NULL,5),(68,'asdasd',1,2,1,'2017-07-16 16:52:23',NULL,5),(69,'uuu',1,2,1,'2017-07-16 16:53:15',NULL,5),(70,'zzzzz',1,3,1,'2017-07-16 16:53:38',NULL,5),(71,'dddd',1,2,1,'2017-07-16 16:54:18',NULL,5),(72,'asdasd',1,3,1,'2017-07-16 21:03:31',NULL,5),(73,'qwewqe',1,2,1,'2017-07-16 21:05:37',NULL,5),(74,'aaaaaaaaa',1,2,1,'2017-07-16 21:06:22',NULL,5),(75,'qwewqe',1,2,1,'2017-07-17 09:13:17',NULL,5),(76,'tes test test',1,2,1,'2017-07-17 09:13:35',NULL,5),(77,'ertert',1,3,1,'2017-07-17 09:13:53',NULL,5),(78,'test message ',1,2,1,'2017-07-17 09:26:06',NULL,5),(79,'some message 1',3,1,1,'2017-07-17 09:28:21',NULL,5),(80,'some message 2',3,1,1,'2017-07-17 09:28:42',NULL,5),(81,'some text ',1,2,1,'2017-07-17 09:31:19',NULL,5),(82,'some other text',1,3,1,'2017-07-17 09:31:52',NULL,5),(83,'asdasd',2,1,1,'2017-07-17 19:26:45',NULL,5),(84,'qweqwe',2,1,1,'2017-07-17 19:28:34',NULL,5),(85,'qwewqe',2,1,1,'2017-07-17 19:29:51',NULL,5),(86,'qwewqe',2,1,1,'2017-07-17 19:34:08',NULL,5),(87,'qwewqe',2,1,1,'2017-07-17 19:34:19',NULL,5),(88,'12312qwwewqf',2,1,1,'2017-07-17 19:34:48',NULL,5),(89,'axcasc',2,1,1,'2017-07-17 19:34:59',NULL,5),(90,'45645tge',2,1,1,'2017-07-17 19:36:03',NULL,5),(91,'qwe\r\n',2,1,1,'2017-07-17 19:49:00',NULL,5),(92,'asda',2,1,1,'2017-07-17 19:49:33',NULL,5),(93,'one more\r\n',2,1,1,'2017-07-17 19:49:49',NULL,5),(94,'test activity',2,1,1,'2017-07-18 19:36:41',NULL,14),(95,'test activity',2,1,1,'2017-07-18 19:37:23',NULL,14),(96,'test activity',2,1,1,'2017-07-18 19:38:12',NULL,14),(97,'mote activ',2,1,1,'2017-07-18 19:58:50',NULL,14),(98,'qwe',2,1,1,'2017-07-18 19:59:01',NULL,14),(99,'test',2,1,1,'2017-07-18 19:59:36',NULL,14),(100,'test',2,1,1,'2017-07-18 20:00:20',NULL,14),(101,'more test',2,1,1,'2017-07-18 20:03:09',NULL,14),(102,'qwewqe',2,1,1,'2017-07-18 20:13:53',NULL,14),(103,'qweqwe',2,1,1,'2017-07-18 20:14:47',NULL,14),(104,'more',2,1,1,'2017-07-18 20:40:27',NULL,14),(105,'111',2,1,1,'2017-07-18 20:41:17',NULL,14),(106,'123213',2,1,1,'2017-07-18 20:41:28',NULL,14),(107,'qweq',2,1,1,'2017-07-18 20:43:09',NULL,14),(108,'123123sdasdsa',2,1,1,'2017-07-18 20:44:44',NULL,14),(109,'wqe',2,1,1,'2017-07-18 20:45:18',NULL,14),(110,'ewqeq',2,1,1,'2017-07-18 20:46:52',NULL,14),(111,'qwewqe',2,1,1,'2017-07-18 20:47:06',NULL,14),(112,'cxcxz',2,1,1,'2017-07-18 20:47:20',NULL,14),(113,'zxcxzc',2,1,1,'2017-07-18 20:52:27',NULL,14),(114,'zsxcxzc',2,1,1,'2017-07-18 20:53:20',NULL,14),(115,'qwewqe',2,1,1,'2017-07-18 20:53:29',NULL,14),(116,'qwewqe',2,1,1,'2017-07-18 20:53:29',NULL,14),(117,'zxcxzc',2,1,1,'2017-07-18 20:54:27',NULL,5),(118,'qwe',2,1,1,'2017-07-19 15:12:06',NULL,14),(119,'qwe',2,1,1,'2017-07-19 15:14:41',NULL,14),(120,'qwewe',2,1,1,'2017-07-19 15:43:18',NULL,14),(121,'qwewqe',2,1,1,'2017-07-19 18:19:51',NULL,14),(122,'wqe',2,1,1,'2017-07-19 18:22:09',NULL,14),(123,'wqeqwe',2,1,1,'2017-07-19 18:24:59',NULL,14),(124,'xsadsad',2,1,1,'2017-07-19 18:31:04',NULL,14),(125,'axasfd',2,1,1,'2017-07-19 18:35:21',NULL,14),(126,'qwewqe',2,1,1,'2017-07-19 18:56:21',NULL,14),(127,'aaa',2,1,1,'2017-07-19 19:55:05',NULL,5),(128,'asdsad',2,1,1,'2017-07-19 19:55:59',NULL,5),(129,'bbbb',2,1,1,'2017-07-19 19:56:18',NULL,5),(130,'ccc',2,1,1,'2017-07-19 19:57:13',NULL,5),(131,'ddd',2,1,1,'2017-07-19 19:58:35',NULL,5),(132,'eee',2,1,1,'2017-07-19 19:59:20',NULL,5),(133,'qqq',2,1,1,'2017-07-19 20:00:28',NULL,5),(134,'zxczxc',2,1,1,'2017-07-19 20:03:11',NULL,5),(135,'qwewqe',2,1,1,'2017-07-19 20:05:29',NULL,5),(136,'ggggggg',2,1,1,'2017-07-19 20:05:43',NULL,5),(137,'xczc',2,1,1,'2017-07-19 20:07:46',NULL,5),(138,'asdasd',2,1,1,'2017-07-19 20:08:48',NULL,5),(139,'xxxxxxxxxx',2,1,1,'2017-07-19 20:09:38',NULL,5),(140,'mmm',2,1,1,'2017-07-19 20:09:50',NULL,5),(141,'bbb',2,1,1,'2017-07-19 20:10:22',NULL,5),(142,'xxx',2,1,1,'2017-07-19 20:10:33',NULL,5),(143,'mmm',2,1,1,'2017-07-19 20:10:46',NULL,5),(144,'vvvv',2,1,1,'2017-07-19 20:13:55',NULL,5),(145,'mmnn',2,1,1,'2017-07-19 20:19:24',NULL,5),(146,'sadsad',2,1,1,'2017-07-19 20:19:55',NULL,5),(147,'qwieuy',1,2,1,'2017-07-20 08:43:49',NULL,5),(148,'cvbvcbvc',1,2,1,'2017-07-20 08:44:47',NULL,5),(149,'qwe',1,2,1,'2017-07-20 08:46:11',NULL,5),(150,'cx',1,2,1,'2017-07-20 08:47:04',NULL,5),(151,'cxzc',1,2,1,'2017-07-20 09:35:44',NULL,5),(152,'mmm',1,2,1,'2017-07-20 09:37:15',NULL,5),(153,'vvv',1,2,1,'2017-07-20 09:37:54',NULL,5),(154,'aaa',1,2,1,'2017-07-20 09:38:39',NULL,5),(155,'bbb',1,2,1,'2017-07-20 09:38:57',NULL,5),(156,'ccc',1,2,1,'2017-07-20 09:39:16',NULL,5),(157,'uuuuuuuu',2,1,1,'2017-07-20 09:40:02',NULL,5),(158,'yyy',1,2,1,'2017-07-20 09:40:22',NULL,5),(159,'uuu',2,1,1,'2017-07-20 09:40:41',NULL,5),(160,'yyy',1,2,1,'2017-07-20 09:40:55',NULL,5),(161,'chrome',1,2,1,'2017-07-20 09:41:31',NULL,5),(162,'ff',2,1,1,'2017-07-20 09:41:43',NULL,5),(163,'some text',1,2,1,'2017-07-20 11:05:01',NULL,5),(164,'какой то текст',2,1,1,'2017-07-20 11:06:14',NULL,5),(165,'asdfasd',2,1,1,'2017-07-20 12:28:07',NULL,5),(166,'ghbdtn',2,1,1,'2017-07-20 19:14:18',NULL,5),(167,'hjdthrf',2,1,1,'2017-07-20 19:14:30',NULL,5),(168,'asdsad',1,2,1,'2017-07-23 11:48:38',NULL,5),(169,'sdfkjhdsfj',1,2,1,'2017-07-23 12:12:52',NULL,5),(170,'asdasd',1,2,1,'2017-07-24 08:17:00',NULL,5),(171,'cvbcvb',2,1,1,'2017-07-24 08:36:36',NULL,5),(172,'dfg',2,1,1,'2017-07-24 08:50:53',NULL,5),(173,'qwewqe',2,1,1,'2017-07-24 09:30:21',NULL,5),(174,'sdfsdfs',2,1,1,'2017-07-24 09:30:40',NULL,5),(175,'kjhkhjk',2,1,1,'2017-07-24 09:31:00',NULL,5),(176,'jhkhjkhjk',2,1,1,'2017-07-24 09:31:29',NULL,5),(177,'asdsad',2,1,1,'2017-07-24 09:38:00',NULL,5),(178,'fdgfdgdfg',2,1,1,'2017-07-24 09:42:49',NULL,5),(179,'asdsad',2,1,1,'2017-07-24 09:48:17',NULL,5),(180,'cxz',2,1,1,'2017-07-24 10:03:14',NULL,5),(181,'asdasd',2,1,1,'2017-07-24 10:08:00',NULL,5),(182,'qwewqe',2,1,1,'2017-07-24 10:11:46',NULL,5),(183,'asdsad',2,1,1,'2017-07-24 10:28:06',NULL,5),(184,'asdsad',2,1,1,'2017-07-24 10:28:19',NULL,5),(185,'asdsad',2,1,1,'2017-07-24 10:28:34',NULL,5),(186,'sad',2,1,1,'2017-07-24 12:08:59',NULL,5),(187,'вапвап',2,1,1,'2017-07-24 12:17:44',NULL,5),(188,'sdadsad',2,1,1,'2017-07-24 12:52:00',NULL,5),(189,'wqewqe',2,1,1,'2017-07-24 13:03:05',NULL,5),(190,'sadsadsa',2,1,1,'2017-07-24 13:03:55',NULL,5),(191,'eqweqwe',2,1,1,'2017-07-24 13:04:09',NULL,5),(192,'gfhfghfgh',2,1,1,'2017-07-24 13:05:12',NULL,5),(193,'ывыфв',2,1,1,'2017-07-24 13:24:06',NULL,5),(194,'dsfsdf',2,1,1,'2017-07-24 13:35:55',NULL,5),(195,'dsfdsf',2,1,1,'2017-07-24 13:36:07',NULL,5),(196,'asdsad',2,1,1,'2017-07-24 19:17:51',NULL,5),(197,'qqq',2,1,1,'2017-07-24 19:19:38',NULL,5),(198,'asdasd',1,2,1,'2017-07-24 20:10:57',NULL,5),(199,'cc',1,2,1,'2017-07-24 20:11:09',NULL,5),(200,'asdfsad',2,1,1,'2017-07-25 08:48:48',NULL,5),(201,'vcvs',2,1,1,'2017-07-25 08:49:03',NULL,5),(202,'qwewqe',2,1,1,'2017-07-25 08:49:49',NULL,5),(203,'qwewqe',2,1,1,'2017-07-25 09:06:19',NULL,5),(204,'qwewqe',2,1,1,'2017-07-25 09:08:33',NULL,5),(205,'dqdw',2,1,1,'2017-07-25 09:08:41',NULL,5),(206,'eqweqw',3,1,1,'2017-07-25 09:24:35',NULL,5),(207,'qwrew',3,1,1,'2017-07-25 09:24:48',NULL,5),(208,'cxzcz',3,1,1,'2017-07-25 09:24:56',NULL,5),(209,'qweqwe',3,1,1,'2017-07-25 10:47:49',NULL,5),(210,'wqeqe',3,1,1,'2017-07-25 10:48:13',NULL,5),(211,'ertert',3,1,1,'2017-07-25 15:35:57',NULL,5),(212,'qwewqe',3,1,1,'2017-07-25 15:36:42',NULL,5),(213,'sad',3,1,1,'2017-07-25 15:37:13',NULL,5),(214,'cxzc',3,1,1,'2017-07-25 15:37:22',NULL,5),(215,'cxzczc',3,1,1,'2017-07-25 15:38:03',NULL,5),(216,'qwewqewq',3,1,1,'2017-07-25 15:42:36',NULL,5),(217,'sadasd',3,1,1,'2017-07-25 15:42:39',NULL,5),(218,'asdsad',3,1,1,'2017-07-25 15:42:43',NULL,5),(219,'dsadsad',3,1,1,'2017-07-25 15:49:03',NULL,5),(220,'asdsad',3,1,1,'2017-07-25 15:56:33',NULL,5),(221,'qweweq',3,1,1,'2017-07-25 15:57:27',NULL,5),(222,'dsadsad',3,1,1,'2017-07-25 15:58:02',NULL,5),(223,'qwewqewq',3,1,1,'2017-07-25 16:14:24',NULL,5),(224,'cvcvcv',1,2,1,'2017-07-25 17:01:25',NULL,5),(225,'qweqe',2,1,1,'2017-07-25 17:07:41',NULL,5),(226,'qwdwqd',1,2,1,'2017-07-25 17:08:07',NULL,5),(227,'dsada',1,2,1,'2017-07-25 17:09:34',NULL,5),(228,'ewrwer',2,1,1,'2017-07-25 17:36:58',NULL,5),(229,'erwerwer',1,2,1,'2017-07-25 17:37:26',NULL,5),(230,'ffff',1,2,1,'2017-07-25 17:37:41',NULL,5),(231,'ggggg',1,2,1,'2017-07-25 17:38:02',NULL,5),(232,'fff',1,2,1,'2017-07-25 17:38:25',NULL,5),(233,'vvv',1,3,1,'2017-07-25 17:38:52',NULL,5),(234,'sfsdfsd',1,2,1,'2017-07-26 09:52:38',NULL,5),(235,'weqewq',2,1,1,'2017-07-26 09:58:15',NULL,5),(236,'sdsadsa',2,1,1,'2017-07-26 09:58:27',NULL,5),(237,'wfsdfdsf',1,2,1,'2017-07-26 10:44:49',NULL,5),(238,'cxcxzc',1,2,1,'2017-07-26 10:45:12',NULL,5),(239,'sadsasd',1,3,1,'2017-07-26 10:46:17',NULL,5),(241,'qwewqe',2,1,1,'2017-07-26 15:33:44',NULL,5),(242,'qwewe',2,1,1,'2017-07-26 15:34:07',NULL,5),(243,'sadad',2,1,1,'2017-07-26 15:34:56',NULL,5),(244,'cxzcxzc',2,1,1,'2017-07-26 15:35:06',NULL,5),(245,'cxczc',2,1,1,'2017-07-26 15:35:55',NULL,5),(246,'cxzczxc',2,1,1,'2017-07-26 15:36:02',NULL,5),(247,'cxzcxz',2,1,1,'2017-07-26 15:36:31',NULL,5),(248,'sadasd',2,1,1,'2017-07-26 15:37:16',NULL,5),(249,'dsadsad',2,1,1,'2017-07-26 15:38:08',NULL,5),(250,'sad',2,1,1,'2017-07-26 15:38:16',NULL,5),(251,'sdfdfs',2,1,1,'2017-07-26 15:40:20',NULL,5),(252,'asd',2,1,1,'2017-07-26 15:40:36',NULL,5),(253,'qwe',2,1,1,'2017-07-26 15:41:38',NULL,5),(254,'qwe',2,1,1,'2017-07-26 15:43:44',NULL,5),(255,'qwe',2,1,1,'2017-07-26 15:43:56',NULL,5),(256,'qwe',2,1,1,'2017-07-26 15:47:19',NULL,5),(257,'dszfsadf',2,1,1,'2017-07-26 15:48:41',NULL,5),(258,'dsad',2,1,1,'2017-07-26 15:49:13',NULL,5),(259,'wqeqe',2,1,1,'2017-07-26 15:49:26',NULL,5),(261,'Lorem ipsum dolor sit amet, consectetur adipisicing elit, sed do eiusmod\r\ntempor incididunt ut labore et dolore magna aliqua. Ut enim ad minim veniam,\r\nquis nostrud exercitation ullamco laboris nisi ut aliquip ex ea commodo\r\nconsequat. Duis aute irure dolor in reprehenderit in voluptate velit esse\r\ncillum dolore eu fugiat nulla pariatur. Excepteur sint occaecat cupidatat non\r\nproident, sunt in culpa qui officia deserunt mollit anim id est laborum.\r\nLorem ipsum dolor sit amet, consectetur adipisicing elit, sed do eiusmod\r\ntempor incididunt ut labore et dolore magna aliqua. Ut enim ad minim veniam,\r\nquis nostrud exercitation ullamco laboris nisi ut aliquip ex ea commodo\r\nconsequat. Duis aute irure dolor in reprehenderit in voluptate velit esse\r\ncillum dolore eu fugiat nulla pariatur. Excepteur sint occaecat cupidatat non\r\nproident, sunt in culpa qui officia deserunt mollit anim id est laborum.\r\nLorem ipsum dolor sit amet, consectetur adipisicing elit, sed do eiusmod\r\ntempor incididunt ut labore et dolore magna aliqua. Ut enim ad minim veniam,\r\nquis nostrud exercitation ullamco laboris nisi ut aliquip ex ea commodo\r\nconsequat. Duis aute irure dolor in reprehenderit in voluptate velit esse\r\ncillum dolore eu fugiat nulla pariatur. Excepteur sint occaecat cupidatat non\r\nproident, sunt in culpa qui officia deserunt mollit anim id est laborum.',60,1,1,'2017-07-26 18:13:07',15,5),(262,'qwewe',1,2,1,'2017-07-26 19:53:19',NULL,5),(263,'qweqe',2,1,1,'2017-07-26 19:53:42',NULL,5),(264,'asdds',2,1,1,'2017-07-26 19:53:47',NULL,5),(265,'qweqwe',2,1,1,'2017-07-26 19:53:51',NULL,5),(266,'cxcz',2,1,1,'2017-07-26 19:53:55',NULL,5),(267,'qweqwe',2,1,1,'2017-07-26 19:56:15',NULL,5),(268,'vcvxcv',2,1,1,'2017-07-26 19:57:34',NULL,5),(269,'qaweqweq',2,1,1,'2017-07-26 19:58:43',NULL,5),(270,'dadad',2,1,1,'2017-07-26 19:58:47',NULL,5),(271,'asdsdasd',2,1,1,'2017-07-26 19:58:51',NULL,5),(272,'elkgjdfl\r\n',2,1,1,'2017-07-26 20:00:33',NULL,5),(273,'sdfdsf',2,1,1,'2017-07-26 20:00:37',NULL,5),(274,'fdsfds',2,1,1,'2017-07-26 20:00:41',NULL,5),(275,'sdfdfsfs',2,1,1,'2017-07-26 20:00:45',NULL,5),(276,'dfgkldfg',2,1,1,'2017-07-26 20:11:30',NULL,5),(277,'fdsfsdf',2,1,1,'2017-07-26 20:11:39',NULL,5),(278,'aaaa',2,1,1,'2017-07-26 20:11:42',NULL,5),(279,'bbbb',2,1,1,'2017-07-26 20:11:46',NULL,5),(280,'ccc',2,1,1,'2017-07-26 20:11:57',NULL,5),(281,'dfgjlfdjg',2,1,1,'2017-07-26 20:13:36',NULL,5),(282,'werewr',2,1,1,'2017-07-26 20:13:39',NULL,5),(283,'werewr',2,1,1,'2017-07-26 20:13:42',NULL,5),(284,'qwewqe',2,1,1,'2017-07-26 20:16:03',NULL,5),(285,'qaweqwewq',2,1,1,'2017-07-26 20:16:13',NULL,5),(286,'qwewqe',1,3,1,'2017-07-26 20:23:57',NULL,5),(287,'dsfsdfds',2,1,1,'2017-07-27 11:41:37',NULL,5),(288,'fds',2,1,1,'2017-07-27 11:41:41',NULL,5),(289,'dwqe',2,1,1,'2017-07-27 11:42:55',NULL,5),(290,'qwe',2,1,1,'2017-07-27 11:56:36',NULL,5),(291,'qwe\r\n',2,1,1,'2017-07-27 11:56:42',NULL,5),(292,'qwewqe',2,1,1,'2017-07-27 12:04:19',NULL,5),(293,'qwe',2,1,1,'2017-07-27 12:04:24',NULL,5),(294,'qwewqe',2,1,1,'2017-07-27 12:14:04',NULL,5),(295,'wqe',2,1,1,'2017-07-27 12:14:08',NULL,5),(296,'qwewqe',2,1,1,'2017-07-27 12:16:11',NULL,5),(297,'qwe',2,1,1,'2017-07-27 12:16:15',NULL,5),(298,'qwe',2,1,1,'2017-07-27 12:17:04',NULL,5),(299,'wqewqe',2,1,1,'2017-07-27 12:20:31',NULL,5),(300,'dsadsad',2,1,1,'2017-07-27 12:20:35',NULL,5),(301,'cxsacsda',2,1,1,'2017-07-27 12:22:17',NULL,5),(302,'sdfg',2,1,1,'2017-07-27 12:22:25',NULL,5),(303,'dsf',2,1,1,'2017-07-27 12:22:30',NULL,5),(304,'sadsad',2,1,1,'2017-07-27 12:24:18',NULL,5),(305,'cxzczxc',2,1,1,'2017-07-27 12:24:22',NULL,5),(306,'qwewqe',1,2,1,'2017-07-27 14:04:47',NULL,5),(307,'wer',1,2,1,'2017-07-27 14:05:54',NULL,5),(308,'wqewq',1,2,1,'2017-07-27 14:15:58',NULL,5),(309,'aqe',1,2,1,'2017-07-27 14:18:43',NULL,5),(310,'212dsd',1,2,1,'2017-07-27 14:19:52',NULL,5),(311,'qwewqe',1,2,1,'2017-07-27 14:36:19',NULL,5),(312,'sada',1,3,1,'2017-07-27 14:36:40',NULL,5),(313,'EEEEEEEEEEEE',1,3,1,'2017-07-27 14:55:33',NULL,5),(314,'BBBB',1,3,1,'2017-07-27 14:59:01',NULL,5),(315,'lll',1,3,1,'2017-07-27 14:59:25',NULL,5),(316,'l,;,l',1,3,1,'2017-07-27 14:59:32',NULL,5),(317,'ll,\'',1,3,1,'2017-07-27 14:59:43',NULL,5),(318,'xcvcvx',1,3,1,'2017-07-27 15:00:30',NULL,5),(319,'qwewqe',1,3,1,'2017-07-27 15:02:27',NULL,5),(320,'qwe',1,3,1,'2017-07-27 15:24:16',NULL,5),(321,'dfgfdg',1,3,1,'2017-07-27 15:25:00',NULL,5),(322,'vcb',1,3,1,'2017-07-27 15:25:08',NULL,5),(323,'sdfsdf',1,3,1,'2017-07-27 15:25:36',NULL,5),(324,'sdf',1,3,1,'2017-07-27 15:26:59',NULL,5),(325,'asdfasd',1,3,1,'2017-07-27 15:30:52',NULL,5),(326,'cxvxcv',1,3,1,'2017-07-27 15:31:56',NULL,5),(327,'nnnn',1,3,1,'2017-07-27 15:32:07',NULL,5),(328,'nnnn',1,3,1,'2017-07-27 15:32:51',NULL,5),(329,'mmmm',1,3,1,'2017-07-27 15:32:57',NULL,5),(330,'bbb',1,3,1,'2017-07-27 15:33:04',NULL,5),(331,'qweqe',2,1,1,'2017-07-27 17:03:44',NULL,5),(332,'cx',2,1,1,'2017-07-27 17:03:57',NULL,5),(333,'asdq',1,2,1,'2017-07-27 17:06:47',NULL,5),(334,'qwe',1,2,1,'2017-07-27 17:17:05',NULL,5),(335,'sdf',2,1,1,'2017-07-27 17:18:00',NULL,5),(336,'sad',2,1,1,'2017-07-27 17:18:09',NULL,5),(337,'qwe',2,1,1,'2017-07-27 17:19:02',NULL,5),(338,'asdsad',2,1,1,'2017-07-27 17:28:01',NULL,5),(339,'vvv',2,1,1,'2017-07-27 17:28:07',NULL,5),(340,'ccc',2,1,1,'2017-07-27 17:28:26',NULL,5),(341,'qwewqe',2,1,1,'2017-07-27 17:28:47',NULL,5),(342,'qweqe',2,1,1,'2017-07-27 17:29:02',NULL,5),(343,'nnn',2,1,1,'2017-07-27 17:29:13',NULL,5),(344,'qwe',2,1,1,'2017-07-27 17:39:24',NULL,5),(345,'cxz',2,1,1,'2017-07-27 17:39:35',NULL,5),(346,'cxscsa',2,1,1,'2017-07-27 17:41:20',NULL,5),(347,'cvx',2,1,1,'2017-07-27 17:46:35',NULL,5),(348,'cxzc',2,1,1,'2017-07-27 17:47:19',NULL,5),(349,'ccc',2,1,1,'2017-07-27 17:47:43',NULL,5),(350,'zzz',2,1,1,'2017-07-27 17:47:50',NULL,5),(351,'nnn',2,1,1,'2017-07-27 17:47:57',NULL,5),(352,'aaaa',1,2,1,'2017-07-27 17:48:31',NULL,5),(353,'bbb',1,2,1,'2017-07-27 17:48:45',NULL,5),(354,'ppp',1,2,1,'2017-07-27 17:49:13',NULL,5),(355,'qqq',2,1,1,'2017-07-27 17:49:23',NULL,5),(356,'wdq',2,1,1,'2017-07-29 16:16:37',NULL,5),(357,'dsa',2,1,1,'2017-07-29 16:16:40',NULL,5),(358,'wqe',2,1,1,'2017-07-29 16:16:43',NULL,5),(359,'uio',2,1,1,'2017-07-29 16:16:48',NULL,5),(360,'ewqeqw',2,1,1,'2017-07-30 13:38:37',NULL,5),(361,'cxcx',2,1,1,'2017-07-30 13:38:41',NULL,5),(362,'dsa',2,1,1,'2017-07-30 13:38:44',NULL,5),(363,'xzadcad',2,1,1,'2017-07-30 13:44:52',NULL,5),(364,'cxzcxz',2,1,1,'2017-07-30 13:44:55',NULL,5),(365,'qwewqe',2,1,1,'2017-07-31 12:52:50',NULL,5),(366,'qwe',2,1,1,'2017-07-31 12:53:05',NULL,5),(367,'qwewqe',2,1,1,'2017-07-31 13:51:14',NULL,5),(368,'cxssa',2,1,1,'2017-07-31 13:51:21',NULL,5),(369,'qwe',3,1,1,'2017-07-31 14:00:38',12,12),(370,'fdsfds',3,1,1,'2017-07-31 14:00:40',NULL,12),(371,'asdad',3,1,1,'2017-07-31 14:01:03',NULL,12),(372,'asd',3,1,1,'2017-07-31 14:14:26',NULL,12),(373,'asd',3,1,1,'2017-07-31 14:14:33',NULL,12),(374,'sadasd',3,1,1,'2017-07-31 14:14:40',NULL,12),(375,'asdf',3,1,1,'2017-07-31 14:15:09',NULL,12),(376,'qweqwe',2,1,1,'2017-07-31 14:16:51',NULL,5),(377,'dsqd',2,1,1,'2017-07-31 14:17:06',NULL,5),(378,'dsad',2,1,1,'2017-07-31 14:17:24',NULL,5),(379,'cxc',2,1,1,'2017-07-31 14:17:30',NULL,5),(380,'sadsa',2,1,1,'2017-07-31 14:17:41',NULL,5),(381,'xzc',2,1,1,'2017-07-31 14:17:47',NULL,5),(382,'qwewqe',2,1,1,'2017-07-31 20:03:16',NULL,5),(383,'asdsa',2,1,1,'2017-07-31 20:03:26',NULL,5),(384,'cxz',2,1,1,'2017-07-31 20:03:31',NULL,5),(385,'sdaqw',2,1,1,'2017-07-31 20:09:22',NULL,5),(386,'wqewqe',2,1,1,'2017-07-31 20:09:24',NULL,5),(387,'dsads',2,1,1,'2017-07-31 20:09:27',NULL,5),(388,'dsada',2,1,1,'2017-07-31 20:09:30',NULL,5),(389,'ggg',2,1,1,'2017-07-31 20:09:33',NULL,5),(390,'qwe',1,3,1,'2017-08-01 19:06:53',NULL,5),(391,'oooo',1,3,1,'2017-08-01 19:40:33',NULL,5),(392,'sad',1,3,1,'2017-08-01 19:40:52',NULL,5),(393,'dsa',1,3,1,'2017-08-01 20:36:19',NULL,12),(394,'xcf',1,3,1,'2017-08-01 20:36:23',NULL,12),(395,'qwe',1,3,1,'2017-08-01 20:42:39',NULL,5),(396,'xcvcxv',1,3,1,'2017-08-01 20:42:44',NULL,5),(397,'qwe',2,1,1,'2017-08-01 20:55:35',NULL,5),(398,'dsa',2,1,1,'2017-08-01 20:55:39',NULL,5),(399,'dsa',2,1,1,'2017-08-01 20:56:39',NULL,5),(400,'dsad',2,1,1,'2017-08-01 20:57:05',NULL,5),(401,'dsada',2,1,1,'2017-08-01 20:57:25',NULL,5),(402,'v',2,1,1,'2017-08-01 20:57:28',NULL,5),(403,'z',2,1,1,'2017-08-01 20:57:41',NULL,5),(404,'dsa',2,1,1,'2017-08-01 21:00:36',NULL,5),(405,'qwewqe',2,1,1,'2017-08-01 21:35:32',NULL,5),(411,'asdsd',2,1,1,'2017-08-03 07:46:55',12,15),(412,'Lorem ipsum dolor sit amet, consectetur adipisicing elit, sed do eiusmod\r\ntempor incididunt ut labore et dolore magna aliqua. Ut enim ad minim veniam,\r\nquis nostrud exercitation ullamco laboris nisi ut aliquip ex ea commodo\r\nconsequat. Duis aute irure dolor in reprehenderit in voluptate velit esse\r\ncillum dolore eu fugiat nulla pariatur. Excepteur sint occaecat cupidatat non\r\nproident, sunt in culpa qui officia deserunt mollit anim id est laborum.\r\nLorem ipsum dolor sit amet, consectetur adipisicing elit, sed do eiusmod\r\ntempor incididunt ut labore et dolore magna aliqua. Ut enim ad minim veniam,\r\nquis nostrud exercitation ullamco laboris nisi ut aliquip ex ea commodo\r\nconsequat. Duis aute irure dolor in reprehenderit in voluptate velit esse\r\ncillum dolore eu fugiat nulla pariatur. Excepteur sint occaecat cupidatat non\r\nproident, sunt in culpa qui officia deserunt mollit anim id est laborum.\r\nLorem ipsum dolor sit amet, consectetur adipisicing elit, sed do eiusmod\r\ntempor incididunt ut labore et dolore magna aliqua. Ut enim ad minim veniam,\r\nquis nostrud exercitation ullamco laboris nisi ut aliquip ex ea commodo\r\nconsequat. Duis aute irure dolor in reprehenderit in voluptate velit esse\r\ncillum dolore eu fugiat nulla pariatur. Excepteur sint occaecat cupidatat non\r\nproident, sunt in culpa qui officia deserunt mollit anim id est laborum.',2,1,1,'2017-08-03 09:21:40',12,17),(413,'qwewqe',1,2,1,'2017-08-16 14:55:01',NULL,5),(414,'cxzczxczx',1,2,1,'2017-08-16 14:55:56',NULL,5),(415,'cxzczxczx',1,2,1,'2017-08-16 14:55:58',NULL,5),(416,'xxxxx',1,2,1,'2017-08-16 14:56:06',NULL,5),(417,'some message',2,70,1,'2017-09-13 14:49:38',NULL,18),(418,'ready to work',2,1,1,'2017-09-21 11:30:53',NULL,19),(419,'test answer',2,1,1,'2017-09-27 07:53:31',NULL,20);
/*!40000 ALTER TABLE `ll_project_message` ENABLE KEYS */;
UNLOCK TABLES;

--
-- Table structure for table `ll_project_message_profile_case`
--

DROP TABLE IF EXISTS `ll_project_message_profile_case`;
/*!40101 SET @saved_cs_client     = @@character_set_client */;
/*!40101 SET character_set_client = utf8 */;
CREATE TABLE `ll_project_message_profile_case` (
  `project_message_id` int(11) NOT NULL,
  `profile_case_id` int(11) NOT NULL,
  UNIQUE KEY `UK_project_message_profile_case` (`project_message_id`,`profile_case_id`)
) ENGINE=InnoDB DEFAULT CHARSET=utf8 COLLATE=utf8_unicode_ci;
/*!40101 SET character_set_client = @saved_cs_client */;

--
-- Dumping data for table `ll_project_message_profile_case`
--

LOCK TABLES `ll_project_message_profile_case` WRITE;
/*!40000 ALTER TABLE `ll_project_message_profile_case` DISABLE KEYS */;
INSERT INTO `ll_project_message_profile_case` VALUES (53,60),(240,61),(260,61),(261,61);
/*!40000 ALTER TABLE `ll_project_message_profile_case` ENABLE KEYS */;
UNLOCK TABLES;

--
-- Table structure for table `ll_project_project_type`
--

DROP TABLE IF EXISTS `ll_project_project_type`;
/*!40101 SET @saved_cs_client     = @@character_set_client */;
/*!40101 SET character_set_client = utf8 */;
CREATE TABLE `ll_project_project_type` (
  `project_id` int(11) NOT NULL,
  `project_type_id` int(11) NOT NULL,
  UNIQUE KEY `UK_project_project_type` (`project_id`,`project_type_id`)
) ENGINE=InnoDB DEFAULT CHARSET=utf8 COLLATE=utf8_unicode_ci;
/*!40101 SET character_set_client = @saved_cs_client */;

--
-- Dumping data for table `ll_project_project_type`
--

LOCK TABLES `ll_project_project_type` WRITE;
/*!40000 ALTER TABLE `ll_project_project_type` DISABLE KEYS */;
INSERT INTO `ll_project_project_type` VALUES (1,1),(1,2),(1,4),(1,5),(1,7),(2,1),(2,3),(3,3),(3,5),(4,4),(5,3),(5,4),(5,7),(6,8),(7,8),(9,1),(9,2),(9,5),(9,8),(10,2),(10,5),(10,8),(10,9),(11,2),(11,5),(11,9),(12,2),(12,5),(12,9),(13,2),(13,3),(13,5),(13,6),(13,9),(14,2),(14,5),(14,8),(14,11),(15,1),(15,2),(15,3),(15,4),(15,5),(15,6),(15,11),(17,1),(17,2),(17,4),(18,2),(18,6),(19,2),(20,2),(20,5),(20,9);
/*!40000 ALTER TABLE `ll_project_project_type` ENABLE KEYS */;
UNLOCK TABLES;

--
-- Table structure for table `ll_project_traffic_type`
--

DROP TABLE IF EXISTS `ll_project_traffic_type`;
/*!40101 SET @saved_cs_client     = @@character_set_client */;
/*!40101 SET character_set_client = utf8 */;
CREATE TABLE `ll_project_traffic_type` (
  `project_id` int(11) NOT NULL,
  `traffic_type_id` int(11) NOT NULL,
  UNIQUE KEY `UK_project_traffic_type` (`project_id`,`traffic_type_id`)
) ENGINE=InnoDB DEFAULT CHARSET=utf8 COLLATE=utf8_unicode_ci;
/*!40101 SET character_set_client = @saved_cs_client */;

--
-- Dumping data for table `ll_project_traffic_type`
--

LOCK TABLES `ll_project_traffic_type` WRITE;
/*!40000 ALTER TABLE `ll_project_traffic_type` DISABLE KEYS */;
INSERT INTO `ll_project_traffic_type` VALUES (1,2),(1,3),(1,5),(2,1),(2,3),(2,4),(3,1),(4,3),(4,4),(4,8),(5,2),(5,4),(5,7),(5,8),(9,1),(9,6),(13,1),(13,6),(14,4),(15,4),(17,2),(18,4),(19,2),(20,4),(20,5);
/*!40000 ALTER TABLE `ll_project_traffic_type` ENABLE KEYS */;
UNLOCK TABLES;

--
-- Table structure for table `ll_project_type`
--

DROP TABLE IF EXISTS `ll_project_type`;
/*!40101 SET @saved_cs_client     = @@character_set_client */;
/*!40101 SET character_set_client = utf8 */;
CREATE TABLE `ll_project_type` (
  `id` int(11) NOT NULL AUTO_INCREMENT,
  `type` varchar(32) COLLATE utf8_unicode_ci NOT NULL,
  PRIMARY KEY (`id`),
  UNIQUE KEY `UK_project_type` (`type`)
) ENGINE=InnoDB AUTO_INCREMENT=12 DEFAULT CHARSET=utf8 COLLATE=utf8_unicode_ci;
/*!40101 SET character_set_client = @saved_cs_client */;

--
-- Dumping data for table `ll_project_type`
--

LOCK TABLES `ll_project_type` WRITE;
/*!40000 ALTER TABLE `ll_project_type` DISABLE KEYS */;
INSERT INTO `ll_project_type` VALUES (11,'веб сервис'),(7,'знакомства'),(1,'интернет-магазин'),(9,'инфо бизнес'),(4,'мобильное приложение'),(5,'онлайн игры'),(6,'софт'),(2,'социальные сети'),(3,'товары почтой'),(10,'услуги'),(8,'финансы и кредитование');
/*!40000 ALTER TABLE `ll_project_type` ENABLE KEYS */;
UNLOCK TABLES;

--
-- Table structure for table `ll_project_user_refuse`
--

DROP TABLE IF EXISTS `ll_project_user_refuse`;
/*!40101 SET @saved_cs_client     = @@character_set_client */;
/*!40101 SET character_set_client = utf8 */;
CREATE TABLE `ll_project_user_refuse` (
  `id` int(11) NOT NULL AUTO_INCREMENT,
  `initiator_id` int(11) DEFAULT NULL,
  `project_id` int(11) NOT NULL,
  `refused_user_id` int(11) NOT NULL,
  PRIMARY KEY (`id`)
) ENGINE=InnoDB AUTO_INCREMENT=2 DEFAULT CHARSET=utf8 COLLATE=utf8_unicode_ci;
/*!40101 SET character_set_client = @saved_cs_client */;

--
-- Dumping data for table `ll_project_user_refuse`
--

LOCK TABLES `ll_project_user_refuse` WRITE;
/*!40000 ALTER TABLE `ll_project_user_refuse` DISABLE KEYS */;
INSERT INTO `ll_project_user_refuse` VALUES (1,1,5,2);
/*!40000 ALTER TABLE `ll_project_user_refuse` ENABLE KEYS */;
UNLOCK TABLES;

--
-- Table structure for table `ll_reason_refuse_project`
--

DROP TABLE IF EXISTS `ll_reason_refuse_project`;
/*!40101 SET @saved_cs_client     = @@character_set_client */;
/*!40101 SET character_set_client = utf8 */;
CREATE TABLE `ll_reason_refuse_project` (
  `id` int(11) NOT NULL AUTO_INCREMENT,
  `project_id` int(11) NOT NULL,
  `reason` text COLLATE utf8_unicode_ci,
  `created_at` datetime DEFAULT NULL,
  `type` int(11) NOT NULL,
  PRIMARY KEY (`id`)
) ENGINE=InnoDB AUTO_INCREMENT=15 DEFAULT CHARSET=utf8 COLLATE=utf8_unicode_ci;
/*!40101 SET character_set_client = @saved_cs_client */;

--
-- Dumping data for table `ll_reason_refuse_project`
--

LOCK TABLES `ll_reason_refuse_project` WRITE;
/*!40000 ALTER TABLE `ll_reason_refuse_project` DISABLE KEYS */;
INSERT INTO `ll_reason_refuse_project` VALUES (2,4,'qwewqe','2017-10-04 09:02:53',1),(3,4,'hgfhfghfg','2017-10-04 09:03:38',1),(4,8,'asdsad','2017-10-04 09:05:29',1),(5,13,'dsfdsfsd','2017-10-04 09:12:52',1),(6,4,'werewr','2017-10-04 14:58:52',1),(7,12,'some reason','2017-10-04 17:31:03',2),(8,15,'zxc','2017-10-04 17:32:50',2),(9,17,'for test purposes only','2017-10-06 12:07:12',2),(10,14,'zxc','2017-10-07 10:27:10',2),(11,18,'adcacsxc','2017-10-07 10:29:38',2),(12,19,'sxcxzcc','2017-10-07 10:33:46',2),(13,20,'xzczxc','2017-10-07 10:34:04',2),(14,20,'sadsadsa','2017-10-07 10:40:53',2);
/*!40000 ALTER TABLE `ll_reason_refuse_project` ENABLE KEYS */;
UNLOCK TABLES;

--
-- Table structure for table `ll_region`
--

DROP TABLE IF EXISTS `ll_region`;
/*!40101 SET @saved_cs_client     = @@character_set_client */;
/*!40101 SET character_set_client = utf8 */;
CREATE TABLE `ll_region` (
  `id` int(11) NOT NULL AUTO_INCREMENT,
  `country_id` int(11) NOT NULL,
  `name` varchar(40) COLLATE utf8_unicode_ci NOT NULL,
  PRIMARY KEY (`id`),
  KEY `FK_region_country` (`country_id`),
  CONSTRAINT `FK_region_country` FOREIGN KEY (`country_id`) REFERENCES `ll_country` (`id`)
) ENGINE=InnoDB AUTO_INCREMENT=4 DEFAULT CHARSET=utf8 COLLATE=utf8_unicode_ci;
/*!40101 SET character_set_client = @saved_cs_client */;

--
-- Dumping data for table `ll_region`
--

LOCK TABLES `ll_region` WRITE;
/*!40000 ALTER TABLE `ll_region` DISABLE KEYS */;
INSERT INTO `ll_region` VALUES (1,1,'Rostov-on-Don'),(2,1,'Moscow'),(3,2,'Minsk');
/*!40000 ALTER TABLE `ll_region` ENABLE KEYS */;
UNLOCK TABLES;

--
-- Table structure for table `ll_social_account`
--

DROP TABLE IF EXISTS `ll_social_account`;
/*!40101 SET @saved_cs_client     = @@character_set_client */;
/*!40101 SET character_set_client = utf8 */;
CREATE TABLE `ll_social_account` (
  `id` int(11) NOT NULL AUTO_INCREMENT,
  `user_id` int(11) DEFAULT NULL,
  `provider` varchar(255) COLLATE utf8_unicode_ci NOT NULL,
  `client_id` varchar(255) COLLATE utf8_unicode_ci NOT NULL,
  `data` text COLLATE utf8_unicode_ci,
  `code` varchar(32) COLLATE utf8_unicode_ci DEFAULT NULL,
  `created_at` int(11) DEFAULT NULL,
  `email` varchar(255) COLLATE utf8_unicode_ci DEFAULT NULL,
  `username` varchar(255) COLLATE utf8_unicode_ci DEFAULT NULL,
  PRIMARY KEY (`id`),
  UNIQUE KEY `account_unique` (`provider`,`client_id`),
  UNIQUE KEY `account_unique_code` (`code`),
  KEY `fk_user_account` (`user_id`),
  CONSTRAINT `fk_user_account` FOREIGN KEY (`user_id`) REFERENCES `ll_user` (`id`) ON DELETE CASCADE
) ENGINE=InnoDB DEFAULT CHARSET=utf8 COLLATE=utf8_unicode_ci;
/*!40101 SET character_set_client = @saved_cs_client */;

--
-- Dumping data for table `ll_social_account`
--

LOCK TABLES `ll_social_account` WRITE;
/*!40000 ALTER TABLE `ll_social_account` DISABLE KEYS */;
/*!40000 ALTER TABLE `ll_social_account` ENABLE KEYS */;
UNLOCK TABLES;

--
-- Table structure for table `ll_token`
--

DROP TABLE IF EXISTS `ll_token`;
/*!40101 SET @saved_cs_client     = @@character_set_client */;
/*!40101 SET character_set_client = utf8 */;
CREATE TABLE `ll_token` (
  `user_id` int(11) NOT NULL,
  `code` varchar(32) COLLATE utf8_unicode_ci NOT NULL,
  `created_at` int(11) NOT NULL,
  `type` smallint(6) NOT NULL,
  UNIQUE KEY `token_unique` (`user_id`,`code`,`type`),
  CONSTRAINT `fk_user_token` FOREIGN KEY (`user_id`) REFERENCES `ll_user` (`id`) ON DELETE CASCADE
) ENGINE=InnoDB DEFAULT CHARSET=utf8 COLLATE=utf8_unicode_ci;
/*!40101 SET character_set_client = @saved_cs_client */;

--
-- Dumping data for table `ll_token`
--

LOCK TABLES `ll_token` WRITE;
/*!40000 ALTER TABLE `ll_token` DISABLE KEYS */;
INSERT INTO `ll_token` VALUES (1,'FbmZRz35q4TU1PkC3uu6brHVDozlc4-U',1481609740,0),(2,'5KVgvnB5bdEfj_wh8FDFjbO-e_w_os3Z',1481612778,0),(3,'GajkiNGur4HiaDIxrwnBSNY0WrUu4UPz',1481613014,0),(4,'HufetyIUR36S5j6dzwQUyOIfdo64Uxp5',1481789370,0),(5,'ac5614o79UvLhWfoWXD_cILGhT6M44pf',1484220540,0),(6,'eTZVNjDFiHvxn-4FC1aihHGri7VWFSp7',1484255523,0),(10,'3EvBIH-I7QD9xEn4WMf5Vh9-MpdbeeYm',1484291512,0),(11,'MVgbygXoWqD4GhS03ZhcuIJQ30j9MJr0',1484293073,0),(12,'esQ7W53keBKrj-wobrfhqd2bwY9e7ynA',1488227172,0),(13,'tbThaaOfnWipUxc_wLc8mDBjCDZdC7It',1488228082,0),(14,'j8-EmMUjvOiZ1fZiH7CnoJZowHNdTze3',1488228231,0),(15,'JqW-eA5UyE21CYjPi_zmWDfBbrLfTD8E',1488228533,0),(16,'cRHOLLPLvdvtZ-zrqepRWatjfVd18Onh',1488228635,0),(17,'YyVdud6HraumRggkxPGCoQwVwI5mODyS',1488228759,0),(18,'a6KJIy6f5n545dbqILg2q3SaDXNwniuI',1488229151,0),(19,'r6JsTlgu4PfoLd3ZZpguxsBuQxZIXgFx',1488231412,0),(20,'pGUrl8jcNXSOCZok2lU5dhqMKnpza0OK',1488231910,0),(22,'QP22RTvTunbZV2aGLTHLhmivJb2T7dFh',1490170879,0),(23,'hsLjcPRv-oHZ__Rxe__0WP8e51VtAYv5',1490210743,0),(24,'Fht9sC_qEr1MhAubYJ9l3px66HYypXwU',1490210782,0),(25,'LcQ11t6MPLnldShV0YgaOCzY1rAGgTKe',1490211337,0),(26,'J1wmukiyMEfpb3fR4sx7mf_PJDn2s4Yg',1490211563,0),(27,'Ob_NV0WPCLzlBhItj_MhGSf5AUYJn0gK',1490211615,0),(28,'OAaww6CbkrvL-IKoq-aMB_y8d-ZF3Ahb',1490220589,0),(29,'-PBB3YipwEMguys3hVxuckrcvc47LC2Y',1490222686,0),(30,'1PS-zoJT2BFA1GExVL3ZQbMVYCminnlI',1490222770,0),(31,'a52mH_l5fhUTeqJE19orE0hj_t2GaIu8',1490222868,0),(32,'oetR_w_vXl_zFjnDy_3wgx8jfQ-IFvgZ',1490222973,0),(33,'6ehKmdqmC0-4bYOnUHvlQcWtHebaSZqL',1490223005,0),(34,'Qf5w8Ym5vCBgHIua6ZfPPKsHEFzKSQEx',1490224443,0),(35,'IxaObyV5VTTIBLwyk1gEOgZSEK0I4Zsy',1490224458,0),(36,'bGdgUIOEx_aAUBt91pM0BX41UjDampke',1491907001,0),(37,'XpUnvKVpYKYqwF_JPo4gIpWXE_IXMW0l',1491907164,0),(38,'C0pzg3Zs3rRdez9Vlw9E7g6hhV0A3bh4',1491907325,0),(39,'M2P6b42oDfvRe9s4pWtud0IwoiKiu6t-',1491907413,0),(40,'LRdhJdCZEFrZYLGjkLuquIJ1Q83U6o_C',1491908439,0),(41,'ZLLAZKJzQFgkU1wKD00yjh3zXvVBGwcB',1491908754,0),(42,'nQq1UOmUYpe7YyUXhObXQd4wUtbSB665',1491908801,0),(43,'v_FdE1HNq96zM5S9X_EEuLk_Wr_61S5y',1491908859,0),(44,'dW7vzXcpyPerLDNYx-pVwtplj51y5O6N',1491911012,0),(45,'EYrDiwj-RMvWH4Iuy698cpSnZTgMSVlu',1491911054,0),(46,'6UmIIpNfqVK3Dew8l9iYam1zy6VuKAPG',1491911210,0),(47,'nkeSmg0vRIshnQnkzy9sJwhj4pDVY6uN',1491911455,0),(48,'hlb0Ki8uTxRN1o2jXBzRHz6scIhUgRAq',1491912384,0),(49,'2knoFAc6fkvdHpasWubuMzSCGwV2aaka',1491913419,0),(50,'f4wrIfUu0LX2Kn8Mb5SV91xyrsWkvSaF',1491913636,0),(51,'0Ey3SZcV2m7lL5BppS4SnaYnpsse1wEV',1491913731,0),(52,'oABwERN9FsiYd6L20F9v_gTNAiMYPnG9',1491914121,0),(53,'bMuLR7qE_D_jty16UmaTZEw_Lz9VeCks',1491914262,0),(54,'SG3FiV7-kynUn5RD-qhbOexZXvpzeWoU',1499610780,0),(55,'Fx_JZZrR_FbM0uSicH_LJbxSK0tYz0hy',1499610842,0),(56,'eYaZj6EurSGF_i2u7BGCPRbNw2vCnlJf',1499610995,0),(57,'aK71FBZV_7ekvQAtAfPsQWi1dKyJcT3e',1499611079,0),(58,'CS8Dhk900d6KBlhgFW1S6P8I-7yODJ4d',1499611315,0),(61,'gmAzYPKIPP8Lb9nV-8f-5icMX56lHyrT',1501073505,0),(62,'-YmyHlHNhnFDwJSe048CGa_685ztf76J',1501073548,0),(64,'7n6VGGiWNTkmRLEGpE9k8948A62p20Ry',1505304572,0),(65,'xo083ohzJCeI4tmN70pMtHVWeb17xdxG',1505304689,0),(66,'rnWakj9aKe8QG4RD3K-WEf_7fvZhM7rs',1505304955,0),(67,'LHGTpgSMLCIhvCS8x8Ty5ebQ9QdccSYJ',1505305408,0);
/*!40000 ALTER TABLE `ll_token` ENABLE KEYS */;
UNLOCK TABLES;

--
-- Table structure for table `ll_traffic_type`
--

DROP TABLE IF EXISTS `ll_traffic_type`;
/*!40101 SET @saved_cs_client     = @@character_set_client */;
/*!40101 SET character_set_client = utf8 */;
CREATE TABLE `ll_traffic_type` (
  `id` int(11) NOT NULL AUTO_INCREMENT,
  `type` varchar(32) COLLATE utf8_unicode_ci NOT NULL,
  PRIMARY KEY (`id`),
  UNIQUE KEY `UK_traffic_type` (`type`)
) ENGINE=InnoDB AUTO_INCREMENT=7 DEFAULT CHARSET=utf8 COLLATE=utf8_unicode_ci;
/*!40101 SET character_set_client = @saved_cs_client */;

--
-- Dumping data for table `ll_traffic_type`
--

LOCK TABLES `ll_traffic_type` WRITE;
/*!40000 ALTER TABLE `ll_traffic_type` DISABLE KEYS */;
INSERT INTO `ll_traffic_type` VALUES (3,'группы в соц. сетях'),(5,'контекстная реклама'),(6,'поисковые системы'),(4,'социальные сети'),(1,'таргетированная реклама'),(2,'товары почтой');
/*!40000 ALTER TABLE `ll_traffic_type` ENABLE KEYS */;
UNLOCK TABLES;

--
-- Table structure for table `ll_user`
--

DROP TABLE IF EXISTS `ll_user`;
/*!40101 SET @saved_cs_client     = @@character_set_client */;
/*!40101 SET character_set_client = utf8 */;
CREATE TABLE `ll_user` (
  `id` int(11) NOT NULL AUTO_INCREMENT,
  `username` varchar(255) COLLATE utf8_unicode_ci NOT NULL,
  `email` varchar(255) COLLATE utf8_unicode_ci NOT NULL,
  `password_hash` varchar(60) COLLATE utf8_unicode_ci NOT NULL,
  `auth_key` varchar(32) COLLATE utf8_unicode_ci NOT NULL,
  `confirmed_at` int(11) DEFAULT NULL,
  `unconfirmed_email` varchar(255) COLLATE utf8_unicode_ci DEFAULT NULL,
  `blocked_at` int(11) DEFAULT NULL,
  `registration_ip` varchar(45) COLLATE utf8_unicode_ci DEFAULT NULL,
  `created_at` int(11) NOT NULL,
  `updated_at` int(11) NOT NULL,
  `flags` int(11) NOT NULL DEFAULT '0',
  `last_login_at` int(11) DEFAULT NULL,
  `upload_dir` varchar(255) COLLATE utf8_unicode_ci DEFAULT NULL,
  PRIMARY KEY (`id`),
  UNIQUE KEY `user_unique_email` (`email`),
  UNIQUE KEY `user_unique_username` (`username`),
  KEY `K_user_upload_dir` (`upload_dir`)
) ENGINE=InnoDB AUTO_INCREMENT=72 DEFAULT CHARSET=utf8 COLLATE=utf8_unicode_ci;
/*!40101 SET character_set_client = @saved_cs_client */;

--
-- Dumping data for table `ll_user`
--

LOCK TABLES `ll_user` WRITE;
/*!40000 ALTER TABLE `ll_user` DISABLE KEYS */;
INSERT INTO `ll_user` VALUES (1,'svd','sv3d22111286@amail.ru','$2y$10$vQjs1Fb0zLHk8umfHItVu.0vQ9.kvaGs6MfQdXQ.kZGULu1BHWGUa','pcPsWWwJfsLtHK1-q0xe9XGhr9U3O-wc',1481609740,NULL,NULL,'127.0.0.1',1481609740,1481609740,0,1556187092,'114974209655940d4a5740871.58577487'),(2,'svd222','svd22286@aaagmail.com','$2y$10$VQHIw7AakwyoLHR3.eN0vuykBoV59jrQgMeUq1va/Qwa9T8IPOAmC','7UpGcH1rZgCVjdFHjLqmwc0ZkD_xoezq',1481612778,NULL,NULL,'127.0.0.1',1481612778,1481612778,0,1510333123,'21497299988593efc148b47a0.34408525'),(3,'asd','qwe@qwe.ru','$2y$10$VQHIw7AakwyoLHR3.eN0vuykBoV59jrQgMeUq1va/Qwa9T8IPOAmC','3uX-QXTDCsZCzWocM5iEaoEMXhR3Fu9i',1482328496,NULL,NULL,'127.0.0.1',1481613014,1481613014,0,1501537410,NULL),(4,'testuser','test333@example.com','$2y$10$VQHIw7AakwyoLHR3.eN0vuykBoV59jrQgMeUq1va/Qwa9T8IPOAmC','ad8kaoNUz5Du4z_slfg-ZmGjkLbDWMnM',1491889992,NULL,1491890004,'127.0.0.1',1481789370,1481789370,0,NULL,NULL),(5,'test222','svd222861@mail.ru','$2y$10$GfwdoQumPAkygfvjGqKoo.WzGWvIrGqEHMoLFOUKzwoJqtLCaJQ4G','3V3zzrotY3UBZgVVlmH5h1Vh2XqQT5yC',1484220540,NULL,NULL,'127.0.0.1',1484220540,1484220540,0,1516691557,NULL),(6,'werwer','svd2228621@gmail.com','$2y$10$VQHIw7AakwyoLHR3.eN0vuykBoV59jrQgMeUq1va/Qwa9T8IPOAmC','Xb6R2sMFJahtwLEOOs_24yHnyyyH5R-3',NULL,NULL,NULL,'127.0.0.1',1484255523,1484255523,0,NULL,NULL),(10,'qweqwe','svd22286@gmail.com','$2y$10$VQHIw7AakwyoLHR3.eN0vuykBoV59jrQgMeUq1va/Qwa9T8IPOAmC','M1u-PQ7iBjR9fjHhNvsxYpBfm5dcFhjC',NULL,NULL,NULL,'127.0.0.1',1484291512,1484291512,0,NULL,NULL),(11,'rewrqqwe','svd22286@mail.ru','$2y$10$VQHIw7AakwyoLHR3.eN0vuykBoV59jrQgMeUq1va/Qwa9T8IPOAmC','JO3sbHenNMImexYzW-sD1IqkJotgOIvk',NULL,NULL,NULL,'127.0.0.1',1484293073,1484293073,0,NULL,NULL),(12,'tyutyu','weryy@qwe.bn','$2y$10$VQHIw7AakwyoLHR3.eN0vuykBoV59jrQgMeUq1va/Qwa9T8IPOAmC','k4hzyNd6QRCa77D02E1lsprq4AHuyxW9',NULL,NULL,NULL,'127.0.0.1',1488227172,1488227172,0,NULL,NULL),(13,'ertertre','sdasd@qweqw.bn','$2y$10$VQHIw7AakwyoLHR3.eN0vuykBoV59jrQgMeUq1va/Qwa9T8IPOAmC','fPTj1SrMrC4ekqY6OZk0YvV0Q2-lwtRk',NULL,NULL,NULL,'127.0.0.1',1488228082,1488228082,0,NULL,NULL),(14,'ert','dfgdfg@ad.bn','$2y$10$VQHIw7AakwyoLHR3.eN0vuykBoV59jrQgMeUq1va/Qwa9T8IPOAmC','Wc6LBuA6FVKvbUGP2_o-DWyNdmXk-0NO',NULL,NULL,NULL,'127.0.0.1',1488228231,1488228231,0,NULL,NULL),(15,'ertre','ertre@qwasd.nb','$2y$10$VQHIw7AakwyoLHR3.eN0vuykBoV59jrQgMeUq1va/Qwa9T8IPOAmC','vmvuWGTb6HwBuaBGeLtGFJaqm22kpTvj',NULL,NULL,NULL,'127.0.0.1',1488228533,1488228533,0,NULL,NULL),(16,'werwe@qqq','qwe@qasd.cv','$2y$10$VQHIw7AakwyoLHR3.eN0vuykBoV59jrQgMeUq1va/Qwa9T8IPOAmC','ZlE6nMd3ejxyM_lP-1NpnB12DDoKdzBw',NULL,NULL,NULL,'127.0.0.1',1488228635,1488228635,0,NULL,NULL),(17,'rwer','ertg@axc.ok','$2y$10$VQHIw7AakwyoLHR3.eN0vuykBoV59jrQgMeUq1va/Qwa9T8IPOAmC','g_OLF6prASqddfNVKoQrOH4t2Q7Jxle1',NULL,NULL,NULL,'127.0.0.1',1488228759,1488228759,0,NULL,NULL),(18,'qweqwe11','12@asad.vb','$2y$10$VQHIw7AakwyoLHR3.eN0vuykBoV59jrQgMeUq1va/Qwa9T8IPOAmC','SVKsaP9tiy77J651QMoXKNbrFMyNrL7-',NULL,NULL,NULL,'127.0.0.1',1488229151,1488229151,0,NULL,NULL),(19,'yyy','yyy@mail.ru','$2y$10$VQHIw7AakwyoLHR3.eN0vuykBoV59jrQgMeUq1va/Qwa9T8IPOAmC','9i1-TlDzbQjRrW6U5vEvGBpqxKwN1VJK',NULL,NULL,NULL,'127.0.0.1',1488231412,1488231412,0,NULL,NULL),(20,'qwe990','tret@dfg.hj','$2y$10$VQHIw7AakwyoLHR3.eN0vuykBoV59jrQgMeUq1va/Qwa9T8IPOAmC','GLLdhR0wfSChv66idYK9CHvW0pX749fr',NULL,NULL,NULL,'127.0.0.1',1488231910,1488231910,0,NULL,NULL),(21,'qweqwe22','www@www.ru','$2y$10$VQHIw7AakwyoLHR3.eN0vuykBoV59jrQgMeUq1va/Qwa9T8IPOAmC','s2bRDV4ZFNqeF7vfFFsPLRe5BOODAQ3g',1490106813,NULL,NULL,'127.0.0.1',1490106741,1490106741,0,NULL,NULL),(22,'renkin','test@mail.ru','$2y$10$VQHIw7AakwyoLHR3.eN0vuykBoV59jrQgMeUq1va/Qwa9T8IPOAmC','3OL2_jZO5k0sdJ3Fs4JO408va-fK-yA-',NULL,NULL,NULL,'127.0.0.1',1490170879,1490170879,0,NULL,NULL),(23,'iii','asd@bmn.ru','$2y$10$VQHIw7AakwyoLHR3.eN0vuykBoV59jrQgMeUq1va/Qwa9T8IPOAmC','5zoEkt2sMXtN5fxKCzQIEShalwvOR2oo',NULL,NULL,NULL,'127.0.0.1',1490210743,1490210743,0,NULL,NULL),(24,'iii2','asdasd@czxc.ru','$2y$10$VQHIw7AakwyoLHR3.eN0vuykBoV59jrQgMeUq1va/Qwa9T8IPOAmC','I7aF5h4FCoo_noUq-ds3xz1F5wVCatzS',NULL,NULL,NULL,'127.0.0.1',1490210782,1490210782,0,NULL,NULL),(25,'qweqezz','zz@zz.bb','$2y$10$VQHIw7AakwyoLHR3.eN0vuykBoV59jrQgMeUq1va/Qwa9T8IPOAmC','IAJMN1lmf3wv506cq586VPI3Y1P3mpSB',NULL,NULL,NULL,'127.0.0.1',1490211337,1490211337,0,NULL,NULL),(26,'qweqweexs','xscs@aaa.ru','$2y$10$VQHIw7AakwyoLHR3.eN0vuykBoV59jrQgMeUq1va/Qwa9T8IPOAmC','RxkejevzhpS52kFHbrZJLyGWtNxE7bIg',NULL,NULL,NULL,'127.0.0.1',1490211563,1490211563,0,NULL,NULL),(27,'iiii5','qweqweqwew@aaa.bbn','$2y$10$VQHIw7AakwyoLHR3.eN0vuykBoV59jrQgMeUq1va/Qwa9T8IPOAmC','vYc0ysOZN18ijV9D-VxM3RRGQyDI7Gla',NULL,NULL,NULL,'127.0.0.1',1490211615,1490211615,0,NULL,NULL),(28,'asdsaa','asdsa@bvbvcb.ru','$2y$10$VQHIw7AakwyoLHR3.eN0vuykBoV59jrQgMeUq1va/Qwa9T8IPOAmC','jWG76t0ppadd59OJ4eEpKDrqYKwnKiKQ',NULL,NULL,NULL,'127.0.0.1',1490220589,1490220589,0,NULL,NULL),(29,'evgeny','bnfgn@vxvxv.nb','$2y$10$VQHIw7AakwyoLHR3.eN0vuykBoV59jrQgMeUq1va/Qwa9T8IPOAmC','18abT40UZl8J3r1U3KYwhDHTsApKaWH4',NULL,NULL,NULL,'127.0.0.1',1490222686,1490222686,0,NULL,NULL),(30,'qwewqewqeqwe','vcvvcx@nm.bm','$2y$10$VQHIw7AakwyoLHR3.eN0vuykBoV59jrQgMeUq1va/Qwa9T8IPOAmC','oQ4OZ_l98IuGB915udXmxi1PTRYYW8Dt',NULL,NULL,NULL,'127.0.0.1',1490222770,1490222770,0,NULL,NULL),(31,'wqcxcz','cxzc@vcxvvx.bm','$2y$10$VQHIw7AakwyoLHR3.eN0vuykBoV59jrQgMeUq1va/Qwa9T8IPOAmC','x02ClvqtW--8c2ojT5xCin2BxXrBOKLz',NULL,NULL,NULL,'127.0.0.1',1490222868,1490222868,0,NULL,NULL),(32,'dsavcx','vcxv@vb.bn','$2y$10$VQHIw7AakwyoLHR3.eN0vuykBoV59jrQgMeUq1va/Qwa9T8IPOAmC','axzknwSTso_wkOrDgq5DzdRrgQJiG1S6',NULL,NULL,NULL,'127.0.0.1',1490222973,1490222973,0,NULL,NULL),(33,'were','vcxvcx@mbm.vn','$2y$10$VQHIw7AakwyoLHR3.eN0vuykBoV59jrQgMeUq1va/Qwa9T8IPOAmC','3LQL5xnmTgH0QkXwYjaVjTNzti9Jzo96',NULL,NULL,NULL,'127.0.0.1',1490223005,1490223005,0,NULL,NULL),(34,'cvbcvb','sdfdsfs@bn.ru','$2y$10$VQHIw7AakwyoLHR3.eN0vuykBoV59jrQgMeUq1va/Qwa9T8IPOAmC','uWsP0gM9hfy_ULvZ0IaJwLxjTGkGuPFg',NULL,NULL,NULL,'127.0.0.1',1490224443,1490224443,0,NULL,NULL),(35,'nearty','sdfdsfs@bn.ruc','$2y$10$VQHIw7AakwyoLHR3.eN0vuykBoV59jrQgMeUq1va/Qwa9T8IPOAmC','FKwNLzW9ttNhEMG1XVwMddyXo-3Nk-GZ',NULL,NULL,NULL,'127.0.0.1',1490224458,1490224458,0,NULL,NULL),(36,'testprofile','test2@mail.ru','$2y$10$VQHIw7AakwyoLHR3.eN0vuykBoV59jrQgMeUq1va/Qwa9T8IPOAmC','pO-4Gu6ODJuuCaPBbkQzzo3cAADZadSv',NULL,NULL,NULL,'127.0.0.1',1491907001,1491907001,0,NULL,NULL),(37,'testprofile2','test3@mail.ru','$2y$10$VQHIw7AakwyoLHR3.eN0vuykBoV59jrQgMeUq1va/Qwa9T8IPOAmC','QJJD6m7pH2VnBjqpaYqsL6JL4u0ymTPo',NULL,NULL,NULL,'127.0.0.1',1491907164,1491907164,0,NULL,NULL),(38,'testprofile3','test4@mail.ru','$2y$10$VQHIw7AakwyoLHR3.eN0vuykBoV59jrQgMeUq1va/Qwa9T8IPOAmC','aSVDUJk038xWaEYeaNiU3IxfIbsXZPk-',NULL,NULL,NULL,'127.0.0.1',1491907325,1491907325,0,NULL,NULL),(39,'testprofile5','testprofile5@mail.ru','$2y$10$VQHIw7AakwyoLHR3.eN0vuykBoV59jrQgMeUq1va/Qwa9T8IPOAmC','PF9GT3TZ-6NQ5n1y1Bz_cZ2-cihfOmKv',NULL,NULL,NULL,'127.0.0.1',1491907413,1491907413,0,NULL,NULL),(40,'testprofile6','testprofile6@mail.ru','$2y$10$VQHIw7AakwyoLHR3.eN0vuykBoV59jrQgMeUq1va/Qwa9T8IPOAmC','bbXXORO9i7JyKrnzcmhaBR6IM41NN0E2',NULL,NULL,NULL,'127.0.0.1',1491908439,1491908439,0,NULL,NULL),(41,'testprofile7','testprofile7@mail.ru','$2y$10$VQHIw7AakwyoLHR3.eN0vuykBoV59jrQgMeUq1va/Qwa9T8IPOAmC','kMGK-dh5P0SZmrh5aWq5D8zlI0-zPT_Y',NULL,NULL,NULL,'127.0.0.1',1491908754,1491908754,0,NULL,NULL),(42,'testprofile8','testprofile8@mail.ru','$2y$10$VQHIw7AakwyoLHR3.eN0vuykBoV59jrQgMeUq1va/Qwa9T8IPOAmC','YoQwM19WJykD8TAJoRj9z0LlmtOuTAQS',NULL,NULL,NULL,'127.0.0.1',1491908801,1491908801,0,NULL,NULL),(43,'testprofile9','testprofile9@mail.ru','$2y$10$VQHIw7AakwyoLHR3.eN0vuykBoV59jrQgMeUq1va/Qwa9T8IPOAmC','HjuIfTQAyvXpHRflH_YOl93gnUF9XGKk',NULL,NULL,NULL,'127.0.0.1',1491908859,1491908859,0,NULL,NULL),(44,'testprofile10','testprofile10@mail.ru','$2y$10$VQHIw7AakwyoLHR3.eN0vuykBoV59jrQgMeUq1va/Qwa9T8IPOAmC','1ccKU0NVOOC1YloBjeMg5i_hAaMu29Wf',NULL,NULL,NULL,'127.0.0.1',1491911012,1491911012,0,NULL,NULL),(45,'testprofile11','testprofile11@mail.ru','$2y$10$VQHIw7AakwyoLHR3.eN0vuykBoV59jrQgMeUq1va/Qwa9T8IPOAmC','I24S8oGOl849YQ5e69q3LcSgRaQT6KUW',NULL,NULL,NULL,'127.0.0.1',1491911054,1491911054,0,NULL,NULL),(46,'testprofile12','testprofile12@mail.ru','$2y$10$VQHIw7AakwyoLHR3.eN0vuykBoV59jrQgMeUq1va/Qwa9T8IPOAmC','pQNUtxffThkerB5KrAa81lBowOQCPV5C',NULL,NULL,NULL,'127.0.0.1',1491911210,1491911210,0,NULL,NULL),(47,'testprofile13','testprofile13@mail.ru','$2y$10$VQHIw7AakwyoLHR3.eN0vuykBoV59jrQgMeUq1va/Qwa9T8IPOAmC','zIe-h9zR8oPiRSPEvMM_gZ0LkNNBSSzY',NULL,NULL,NULL,'127.0.0.1',1491911455,1491911455,0,NULL,NULL),(48,'testprofile14','testprofile14@mail.ru','$2y$10$VQHIw7AakwyoLHR3.eN0vuykBoV59jrQgMeUq1va/Qwa9T8IPOAmC','CkP49beppMPiYsYsa-KbyDWqSHqxMaWY',NULL,NULL,NULL,'127.0.0.1',1491912384,1491912384,0,NULL,NULL),(49,'testprofile15','testprofile15@mail.ru','$2y$10$VQHIw7AakwyoLHR3.eN0vuykBoV59jrQgMeUq1va/Qwa9T8IPOAmC','YRyyMy1xk8yk_iFVtqdLkjgesOFC4Ujs',NULL,NULL,NULL,'127.0.0.1',1491913419,1491913419,0,NULL,NULL),(50,'testprofile16','testprofile16@mail.ru','$2y$10$VQHIw7AakwyoLHR3.eN0vuykBoV59jrQgMeUq1va/Qwa9T8IPOAmC','TDMVqb2zRrDnSU_yCXD1KOuJJ3tOem-o',NULL,NULL,NULL,'127.0.0.1',1491913636,1491913636,0,NULL,NULL),(51,'testprofile17','testprofile17@mail.ru','$2y$10$VQHIw7AakwyoLHR3.eN0vuykBoV59jrQgMeUq1va/Qwa9T8IPOAmC','CnUtEuejfIenw_VbG5S4EoBNvHyaeYjM',NULL,NULL,NULL,'127.0.0.1',1491913731,1491913731,0,NULL,NULL),(52,'testprofile18','testprofile18@mail.ru','$2y$10$VQHIw7AakwyoLHR3.eN0vuykBoV59jrQgMeUq1va/Qwa9T8IPOAmC','v6aDt3D8RN-8HNj-Y570gzWyqAUpDsiX',NULL,NULL,NULL,'127.0.0.1',1491914121,1491914121,0,NULL,NULL),(53,'testprofile19','testprofile19@mail.ru','$2y$10$VQHIw7AakwyoLHR3.eN0vuykBoV59jrQgMeUq1va/Qwa9T8IPOAmC','gmWUsReVMqJ2BNGKt9CgRjHBESvY1IdL',NULL,NULL,NULL,'127.0.0.1',1491914262,1491914262,0,NULL,NULL),(54,'testtest','27571294@mail.ru','$2y$10$/kbqvHhRwY6npZi.ZIIACOHoaBCEjBZoiZeW3VKrhPfhMK9ZPjKDW','7tZXv5SbNMtSen4AdaXqCxrvBkmkNI1h',NULL,NULL,NULL,'127.0.0.1',1499610780,1499610780,0,NULL,NULL),(55,'testtest2222','testtest@mail.ru','$2y$10$XS7su7o6MlS7AjXJBWIFfexbl5XyPeZr0TB1oSpMWJZm9W1Xht5MG','6Tn6PHUieKV1cqM1U5_eMUokiDPkNVsT',NULL,NULL,NULL,'127.0.0.1',1499610842,1499610842,0,NULL,NULL),(56,'eeeeeee','testtes2t@mail.ru','$2y$10$zJtticGW0UPAYJFyedJBiuamkQkecMdHZTHG9SYlyfw5U392I9Qfm','BOuJB9UDGQC5bKdeiAXfIwZsGKJss3J0',NULL,NULL,NULL,'127.0.0.1',1499610995,1499610995,0,NULL,NULL),(57,'4444444','testt3es2t@mail.ru','$2y$10$DKpSOIJgdZnQDbNLqmU1Ue1uCm99K5ZGg7kaOigv.ZKnfKq9JfRhS','-uTkXmHXPfMGqsqM4CEYywOtLUbeQrRV',NULL,NULL,NULL,'127.0.0.1',1499611079,1499611079,0,NULL,NULL),(58,'uuuuu','t1estt3es2t@mail.ru','$2y$10$NiRQpEE6aqULKhXb0xRxb.1qzd0o6k6tU2ZGUSwSQDMD/xyzBj/sK','ADuTVhPiPDrErAs8ElIn2fYBqtMoUuup',NULL,NULL,NULL,'127.0.0.1',1499611315,1499611315,0,NULL,NULL),(60,'new','asdasd@mail.ru','$2y$10$VQHIw7AakwyoLHR3.eN0vuykBoV59jrQgMeUq1va/Qwa9T8IPOAmC','SrNSZUPXt9RTuAk1tyv366fL1zsTqvSS',1501072855,NULL,NULL,'127.0.0.1',1501072721,1501072721,0,1501100681,'60150107292959788e213aa1a2.50920426'),(61,'2testtest','testte@mail.ru','$2y$10$a3w74SIYkwx93B8GJt/bhuxQdtK49OJEYp8UJ7pHaw5UzlXeZtVDS','qkmDOoUgjJwTKBPA9FmwieEo7lWgVuCw',NULL,NULL,NULL,'127.0.0.1',1501073505,1501073505,0,NULL,'61150107350559789061cea896.34025272'),(62,'2testtest33','testtse@mail.ru','$2y$10$kUZqYrcllJWEtjKC3UMhee32qYHksBST7omulFlYuOD66kn8XUFiG','RvKO7dIMWP3d8duCz2mvddE-vZt0JTRh',NULL,NULL,NULL,'127.0.0.1',1501073548,1501073548,0,NULL,'6215010735485978908cbae319.16396152'),(63,'test_name','testmail@mail.ru','$2y$10$ycOY87LIvBTvfv5i0lNwk.r7fekaMS0CNTASRGg4filKUIhf16OrW','BKjXurq5I-uu5L3leeI1QBC50EH-iMqh',1505297321,NULL,NULL,'127.0.0.1',1505297246,1505297246,0,NULL,'63150529724659b9035ed8a346.28017813'),(64,'testtesttest','testtesttest@mail.ru','$2y$10$O6GuaEs5rPRaYV2KqMYqE.p4GUsMreqw/Nq4erUS7q3dhNFOETXIS','ZIx_D9XmavGKyQCoVBdsWykfuQCjQ6uD',NULL,NULL,NULL,'127.0.0.1',1505304572,1505304572,0,NULL,'64150530457259b91ffce22832.57982069'),(65,'werr','qwert@mail.ru','$2y$10$1z.U5xiRii27nu4CurCZGu4nBghqApIMOUyBfWZUHcQ4.O2dPqXBK','NKlNk5qd73iUPhGdchVWRLVlLXxWoFYd',NULL,NULL,NULL,'127.0.0.1',1505304689,1505304689,0,NULL,'65150530468959b9207177d777.73923922'),(66,'wer2r','qwer2t@mail.ru','$2y$10$g55gSItnE6XK3jtIIC57zuge5j0okVqesvl6Rr7TRw1HYNUkryJWi','0cDpvVxlajtRSd58cGtP64MfuOmrdnFa',NULL,NULL,NULL,'127.0.0.1',1505304955,1505304955,0,NULL,'66150530495559b9217be571e0.37243906'),(67,'wer2r1','qwe2r2t@mail.ru','$2y$10$hvusqgYNF66YoMgQkyAHkOJGdioPUeOtY5QtmPz4T40vuWLGpHuJm','IXpHDoSFAE4p2vYHWiu1aV5IlD5iyytj',NULL,NULL,NULL,'127.0.0.1',1505305408,1505305408,0,NULL,'67150530540859b92340b46f79.98541961'),(68,'t213321','tes23113@mail.ru','$2y$10$GedGi/aipWwCXq0k7AO.ZOxlckk.xHHEDfq.WOB.vRK.ATRN.kDIa','b5jSN0ZG6cHbN-5zpjgwjRZXylmHG-xo',1505306347,NULL,NULL,'127.0.0.1',1505306347,1505306347,0,1505306465,'68150530634759b926eba5f646.19615309'),(69,'e123','e123@mail.ru','$2y$10$WqC5/b9Wk7ttCW7AXIpOEOgXxnnf0vtvt0qBro6aU0PNmXuzZPJPu','bq6ACqhtpu5-lLYJHuER6U9Y7a5vkXGb',1505306666,NULL,NULL,'127.0.0.1',1505306666,1505306666,0,1505306703,'69150530666659b9282a19dda1.12526616'),(70,'e321','e321@mail.ru','$2y$10$VQHIw7AakwyoLHR3.eN0vuykBoV59jrQgMeUq1va/Qwa9T8IPOAmC','FBzet7BEumQIy8tOt1QYZT32JMJJLR8W',1505312789,NULL,NULL,'127.0.0.1',1505312789,1505312789,0,1508499251,'70150531278959b94015d75024.46738051'),(71,'svd333','test333@mail.ru','$2y$10$APsN6f.vF4N39AdMFzXSTOfpuVqbRxD73b/byxawbRta1zcg6ItzC','KJ7EYyPDEq-CKxnEAF5QUSn70Qk9oOCE',1507457043,NULL,NULL,'127.0.0.1',1507457043,1507457043,0,1509085345,'71150849928959e9df597410d5.23213949');
/*!40000 ALTER TABLE `ll_user` ENABLE KEYS */;
UNLOCK TABLES;

--
-- Table structure for table `ll_user_avatar`
--

DROP TABLE IF EXISTS `ll_user_avatar`;
/*!40101 SET @saved_cs_client     = @@character_set_client */;
/*!40101 SET character_set_client = utf8 */;
CREATE TABLE `ll_user_avatar` (
  `id` int(11) NOT NULL AUTO_INCREMENT,
  `image` varchar(255) COLLATE utf8_unicode_ci NOT NULL,
  `original_image` varchar(255) COLLATE utf8_unicode_ci DEFAULT NULL,
  `user_id` int(11) DEFAULT NULL,
  `created_at` datetime DEFAULT NULL,
  `updated_at` datetime DEFAULT NULL,
  PRIMARY KEY (`id`),
  KEY `K_user_avatar_image` (`image`),
  KEY `K_user_avatar_original_image` (`original_image`)
) ENGINE=InnoDB AUTO_INCREMENT=54 DEFAULT CHARSET=utf8 COLLATE=utf8_unicode_ci;
/*!40101 SET character_set_client = @saved_cs_client */;

--
-- Dumping data for table `ll_user_avatar`
--

LOCK TABLES `ll_user_avatar` WRITE;
/*!40000 ALTER TABLE `ll_user_avatar` DISABLE KEYS */;
INSERT INTO `ll_user_avatar` VALUES (52,'14968264665937c2621374a5.49521159.jpg','01_night_city.jpg',1,NULL,NULL),(53,'1498147929594bec591a4956.60628389.jpg','MQRkCGguJfI.jpg',2,NULL,NULL);
/*!40000 ALTER TABLE `ll_user_avatar` ENABLE KEYS */;
UNLOCK TABLES;

--
-- Table structure for table `ll_ws_session`
--

DROP TABLE IF EXISTS `ll_ws_session`;
/*!40101 SET @saved_cs_client     = @@character_set_client */;
/*!40101 SET character_set_client = utf8 */;
CREATE TABLE `ll_ws_session` (
  `id` int(11) NOT NULL AUTO_INCREMENT,
  `user_id` int(11) DEFAULT NULL,
  `resource_id` int(11) DEFAULT NULL,
  `created_at` datetime DEFAULT NULL,
  `status` int(11) DEFAULT NULL,
  PRIMARY KEY (`id`)
) ENGINE=InnoDB AUTO_INCREMENT=3725 DEFAULT CHARSET=utf8 COLLATE=utf8_unicode_ci;
/*!40101 SET character_set_client = @saved_cs_client */;

--
-- Dumping data for table `ll_ws_session`
--

LOCK TABLES `ll_ws_session` WRITE;
/*!40000 ALTER TABLE `ll_ws_session` DISABLE KEYS */;
INSERT INTO `ll_ws_session` VALUES (1,2,210,'2017-07-03 17:40:25',2),(2,2,216,'2017-07-03 17:59:57',2),(3,2,222,'2017-07-03 18:01:04',2),(4,2,227,'2017-07-03 18:01:04',2),(5,2,112,'2017-07-04 08:34:10',2),(6,2,189,'2017-07-04 08:34:17',2),(7,2,195,'2017-07-04 08:34:54',2),(8,2,201,'2017-07-04 08:35:06',2),(9,2,116,'2017-07-04 08:36:23',2),(10,2,149,'2017-07-04 08:53:54',2),(11,1,112,'2017-07-04 20:56:58',2),(12,2,189,'2017-07-04 20:58:44',2),(13,1,194,'2017-07-04 20:59:13',2),(14,1,217,'2017-07-04 20:59:22',2),(15,2,222,'2017-07-04 21:00:16',2),(16,1,229,'2017-07-04 21:00:23',2),(17,2,234,'2017-07-04 21:00:30',2),(18,1,241,'2017-07-04 21:00:46',2),(19,2,246,'2017-07-04 21:01:04',1),(20,1,253,'2017-07-04 21:01:17',1),(21,1,112,'2017-07-04 21:17:50',2),(22,1,189,'2017-07-04 21:18:00',2),(23,2,194,'2017-07-04 21:18:04',2),(24,1,217,'2017-07-04 21:18:13',2),(25,1,224,'2017-07-04 21:19:11',2),(26,1,231,'2017-07-04 21:20:08',2),(27,2,236,'2017-07-04 21:21:00',2),(28,2,241,'2017-07-04 21:21:08',2),(29,1,248,'2017-07-04 21:21:19',2),(30,1,255,'2017-07-04 21:27:20',2),(31,2,260,'2017-07-04 21:27:28',2),(32,1,150,'2017-07-05 11:10:27',2),(33,2,208,'2017-07-05 11:10:40',2),(34,1,213,'2017-07-05 11:10:47',2),(35,1,220,'2017-07-05 11:10:53',2),(36,1,225,'2017-07-05 11:14:45',2),(37,1,232,'2017-07-05 11:14:50',2),(38,1,237,'2017-07-05 11:15:41',2),(39,1,244,'2017-07-05 11:15:45',2),(40,2,249,'2017-07-05 11:19:52',2),(41,1,256,'2017-07-05 11:20:09',2),(42,1,150,'2017-07-05 11:21:37',2),(43,2,208,'2017-07-05 11:21:43',2),(44,1,215,'2017-07-05 11:21:48',2),(45,1,112,'2017-07-05 11:38:27',2),(46,1,208,'2017-07-05 11:38:30',2),(47,2,213,'2017-07-05 11:38:46',2),(48,1,220,'2017-07-05 11:38:55',2),(49,2,225,'2017-07-05 11:40:48',2),(50,1,232,'2017-07-05 11:40:52',2),(51,2,237,'2017-07-05 11:43:34',2),(52,1,244,'2017-07-05 11:43:50',2),(53,2,249,'2017-07-05 11:53:12',2),(54,1,256,'2017-07-05 11:53:20',2),(55,1,112,'2017-07-05 13:00:07',2),(56,1,189,'2017-07-05 13:00:19',2),(57,1,213,'2017-07-05 13:00:22',2),(58,2,218,'2017-07-05 13:01:04',2),(59,1,225,'2017-07-05 13:01:10',2),(60,1,112,'2017-07-05 13:10:32',2),(61,2,189,'2017-07-05 13:10:36',2),(62,2,194,'2017-07-05 13:11:52',2),(63,1,213,'2017-07-05 13:12:13',2),(64,1,112,'2017-07-05 14:29:08',2),(65,2,189,'2017-07-05 14:29:18',2),(66,1,194,'2017-07-05 14:29:26',2),(67,1,213,'2017-07-05 14:29:29',2),(68,1,112,'2017-07-05 14:40:58',2),(69,2,189,'2017-07-05 14:41:05',2),(70,1,208,'2017-07-05 14:41:12',2),(71,2,213,'2017-07-05 14:41:25',2),(72,1,218,'2017-07-05 14:41:29',2),(73,1,223,'2017-07-05 15:37:37',2),(74,1,228,'2017-07-05 15:37:53',2),(75,1,233,'2017-07-05 15:38:06',2),(76,1,238,'2017-07-05 15:58:19',2),(77,1,243,'2017-07-05 16:01:10',2),(78,1,248,'2017-07-05 16:01:56',2),(79,1,253,'2017-07-05 16:03:05',2),(80,1,144,'2017-07-05 16:54:57',2),(81,2,203,'2017-07-05 16:55:03',2),(82,1,208,'2017-07-05 16:55:12',2),(83,2,213,'2017-07-05 16:55:55',2),(84,1,218,'2017-07-05 16:56:24',2),(85,2,223,'2017-07-05 16:56:52',2),(86,1,228,'2017-07-05 17:06:53',2),(87,2,233,'2017-07-05 17:06:58',2),(88,2,238,'2017-07-05 17:07:02',2),(89,1,243,'2017-07-05 17:12:27',2),(90,2,248,'2017-07-05 17:12:32',2),(91,2,253,'2017-07-05 17:12:37',2),(92,1,258,'2017-07-05 17:14:24',2),(93,2,263,'2017-07-05 17:14:28',2),(94,2,268,'2017-07-05 17:14:33',2),(95,1,273,'2017-07-05 17:18:34',2),(96,1,278,'2017-07-05 17:19:33',2),(97,2,283,'2017-07-05 17:19:38',2),(98,2,288,'2017-07-05 17:19:42',2),(99,1,293,'2017-07-05 17:20:16',2),(100,1,298,'2017-07-05 17:20:21',2),(101,1,303,'2017-07-05 17:20:47',2),(102,2,308,'2017-07-05 17:21:25',2),(103,2,313,'2017-07-05 17:21:32',2),(104,2,318,'2017-07-05 17:21:45',2),(105,1,323,'2017-07-05 17:23:29',2),(106,1,328,'2017-07-05 17:23:33',2),(107,2,333,'2017-07-05 17:23:39',2),(108,2,338,'2017-07-05 17:23:44',2),(109,2,343,'2017-07-05 17:23:52',2),(110,1,348,'2017-07-05 17:24:52',2),(111,2,353,'2017-07-05 17:24:58',2),(112,2,358,'2017-07-05 17:25:03',2),(113,1,363,'2017-07-05 17:25:07',2),(114,1,368,'2017-07-05 17:25:41',2),(115,2,373,'2017-07-05 17:25:45',2),(116,2,378,'2017-07-05 17:25:49',2),(117,1,383,'2017-07-05 17:27:00',2),(118,2,388,'2017-07-05 17:27:04',2),(119,2,393,'2017-07-05 17:27:09',2),(120,1,398,'2017-07-05 17:27:16',2),(121,1,403,'2017-07-05 17:28:07',2),(122,2,408,'2017-07-05 17:28:12',2),(123,2,413,'2017-07-05 17:28:19',2),(124,2,418,'2017-07-05 17:28:30',2),(125,1,423,'2017-07-05 17:28:49',2),(126,2,428,'2017-07-05 17:32:11',2),(127,2,433,'2017-07-05 17:32:33',2),(128,1,438,'2017-07-05 17:36:26',2),(129,1,443,'2017-07-05 17:53:51',2),(130,2,448,'2017-07-05 17:54:54',2),(131,2,453,'2017-07-05 17:55:10',2),(132,1,458,'2017-07-05 17:55:47',2),(133,2,463,'2017-07-05 17:55:51',2),(134,2,468,'2017-07-05 17:56:00',2),(135,1,473,'2017-07-05 17:56:16',2),(136,1,478,'2017-07-05 17:56:32',2),(137,2,483,'2017-07-05 17:56:44',2),(138,2,488,'2017-07-05 17:56:56',2),(139,1,112,'2017-07-06 10:36:18',2),(140,2,189,'2017-07-06 10:36:37',2),(141,1,194,'2017-07-06 10:36:44',2),(142,2,199,'2017-07-06 10:37:00',2),(143,2,218,'2017-07-06 10:37:05',2),(144,1,223,'2017-07-06 10:37:26',2),(145,2,228,'2017-07-06 10:37:32',2),(146,1,233,'2017-07-06 10:41:24',2),(147,2,238,'2017-07-06 10:41:32',2),(148,1,243,'2017-07-06 10:42:27',2),(149,1,248,'2017-07-06 10:43:30',2),(150,1,253,'2017-07-06 10:44:03',2),(151,2,258,'2017-07-06 10:44:08',2),(152,2,263,'2017-07-06 10:44:21',2),(153,1,268,'2017-07-06 10:44:33',2),(154,2,273,'2017-07-06 10:44:53',2),(155,1,278,'2017-07-06 10:45:13',2),(156,1,283,'2017-07-06 10:50:38',2),(157,2,288,'2017-07-06 10:50:43',2),(158,2,293,'2017-07-06 10:50:52',2),(159,1,298,'2017-07-06 10:59:44',2),(160,2,303,'2017-07-06 10:59:49',2),(161,1,308,'2017-07-06 11:00:08',2),(162,2,313,'2017-07-06 11:00:13',2),(163,1,318,'2017-07-06 11:00:33',2),(164,2,323,'2017-07-06 11:00:37',2),(165,1,328,'2017-07-06 11:03:40',2),(166,2,333,'2017-07-06 11:03:43',2),(167,2,338,'2017-07-06 11:03:46',2),(168,1,343,'2017-07-06 11:05:21',2),(169,2,348,'2017-07-06 11:05:26',2),(170,1,353,'2017-07-06 11:05:32',2),(171,2,358,'2017-07-06 11:05:36',2),(172,1,363,'2017-07-06 11:10:00',2),(173,2,368,'2017-07-06 11:10:06',2),(174,2,373,'2017-07-06 11:10:14',2),(175,1,378,'2017-07-06 11:11:19',2),(176,2,383,'2017-07-06 11:11:31',2),(177,2,388,'2017-07-06 11:11:39',2),(178,1,393,'2017-07-06 11:13:30',2),(179,2,398,'2017-07-06 11:13:36',2),(180,2,403,'2017-07-06 11:13:50',2),(181,1,408,'2017-07-06 12:27:22',2),(182,2,413,'2017-07-06 12:27:36',2),(183,2,418,'2017-07-06 12:27:53',2),(184,2,423,'2017-07-06 12:27:58',2),(185,1,428,'2017-07-06 12:28:05',2),(186,1,433,'2017-07-06 15:50:12',2),(187,2,438,'2017-07-06 15:50:26',2),(188,2,443,'2017-07-06 15:50:36',2),(189,2,448,'2017-07-06 15:51:35',2),(190,2,453,'2017-07-06 15:53:01',2),(191,1,458,'2017-07-06 16:29:59',2),(192,1,463,'2017-07-06 16:30:02',2),(193,2,468,'2017-07-06 16:30:11',2),(194,2,473,'2017-07-06 16:30:23',2),(195,2,478,'2017-07-06 16:30:26',2),(196,1,483,'2017-07-06 16:31:24',2),(197,2,488,'2017-07-06 16:31:29',2),(198,1,493,'2017-07-06 16:33:05',2),(199,2,498,'2017-07-06 16:33:11',2),(200,2,503,'2017-07-06 16:35:47',2),(201,2,508,'2017-07-06 16:35:49',2),(202,2,513,'2017-07-06 16:36:42',2),(203,2,518,'2017-07-06 16:38:02',2),(204,2,523,'2017-07-06 16:39:29',2),(205,2,528,'2017-07-06 16:40:47',2),(206,1,533,'2017-07-06 16:40:52',2),(207,2,538,'2017-07-06 16:42:20',2),(208,2,543,'2017-07-06 16:47:04',2),(209,2,548,'2017-07-06 16:47:15',2),(210,1,553,'2017-07-06 17:33:01',2),(211,2,558,'2017-07-06 17:34:40',2),(212,2,563,'2017-07-06 17:34:45',2),(213,1,568,'2017-07-06 17:34:48',2),(214,1,573,'2017-07-06 17:34:50',2),(215,2,578,'2017-07-06 17:35:05',2),(216,2,583,'2017-07-06 17:35:08',2),(217,1,588,'2017-07-06 17:57:15',2),(218,1,593,'2017-07-06 17:57:19',2),(219,1,598,'2017-07-06 17:57:21',2),(220,1,603,'2017-07-06 17:57:23',2),(221,1,608,'2017-07-06 17:57:34',2),(222,1,613,'2017-07-06 17:57:36',2),(223,1,618,'2017-07-06 17:57:39',2),(224,1,623,'2017-07-06 17:59:47',2),(225,1,628,'2017-07-06 17:59:50',2),(226,1,633,'2017-07-06 18:01:28',2),(227,1,638,'2017-07-06 18:04:13',2),(228,1,643,'2017-07-06 18:08:16',2),(229,2,648,'2017-07-06 18:08:35',2),(230,1,653,'2017-07-06 18:08:45',2),(231,2,658,'2017-07-06 18:08:55',2),(232,1,663,'2017-07-06 18:09:02',2),(233,1,668,'2017-07-06 18:09:04',2),(234,1,673,'2017-07-06 18:09:06',2),(235,1,678,'2017-07-06 18:09:14',2),(236,2,683,'2017-07-06 18:09:21',2),(237,1,688,'2017-07-06 18:09:34',2),(238,1,693,'2017-07-06 18:09:37',2),(239,1,698,'2017-07-06 18:10:08',2),(240,1,703,'2017-07-06 18:14:53',2),(241,1,708,'2017-07-06 18:14:57',2),(242,1,713,'2017-07-06 18:16:19',2),(243,1,718,'2017-07-06 19:39:44',2),(244,2,723,'2017-07-06 19:40:07',2),(245,2,728,'2017-07-06 19:40:22',2),(246,2,733,'2017-07-06 19:40:25',2),(247,1,738,'2017-07-06 19:40:30',2),(248,1,743,'2017-07-06 19:40:32',2),(249,2,748,'2017-07-06 19:41:11',2),(250,2,753,'2017-07-06 19:41:26',2),(251,1,758,'2017-07-06 19:41:48',2),(252,1,763,'2017-07-06 19:42:30',2),(253,1,768,'2017-07-06 19:42:32',2),(254,2,773,'2017-07-06 19:53:17',2),(255,1,778,'2017-07-06 19:53:20',2),(256,1,783,'2017-07-06 19:53:29',2),(257,2,788,'2017-07-06 19:53:33',2),(258,2,793,'2017-07-06 19:54:00',2),(259,1,798,'2017-07-06 20:06:06',2),(260,1,803,'2017-07-06 20:06:09',2),(261,1,808,'2017-07-06 20:08:29',2),(262,1,112,'2017-07-09 13:04:34',2),(263,1,189,'2017-07-09 13:04:39',2),(264,1,194,'2017-07-09 13:04:43',2),(265,1,199,'2017-07-09 13:04:46',2),(266,1,204,'2017-07-09 13:04:48',2),(267,1,209,'2017-07-09 13:04:53',2),(268,1,214,'2017-07-09 13:18:01',2),(269,1,219,'2017-07-09 13:20:51',2),(270,1,224,'2017-07-09 13:20:56',2),(271,1,229,'2017-07-09 13:21:24',2),(272,2,112,'2017-07-10 16:02:39',2),(273,2,189,'2017-07-10 16:34:48',2),(274,2,194,'2017-07-10 16:35:15',2),(275,2,199,'2017-07-10 16:35:20',2),(276,2,204,'2017-07-10 16:35:27',2),(277,2,209,'2017-07-10 16:35:54',2),(278,2,214,'2017-07-10 16:35:59',2),(279,2,219,'2017-07-10 17:12:33',2),(280,2,224,'2017-07-10 17:14:01',2),(281,2,229,'2017-07-10 17:15:55',2),(282,2,234,'2017-07-10 17:16:01',2),(283,2,239,'2017-07-10 17:16:04',2),(284,2,244,'2017-07-10 17:19:32',2),(285,2,249,'2017-07-10 17:19:41',2),(286,2,254,'2017-07-10 17:21:22',2),(287,2,259,'2017-07-10 17:21:54',2),(288,2,264,'2017-07-10 17:34:18',2),(289,2,269,'2017-07-10 17:34:26',2),(290,2,274,'2017-07-10 17:34:31',2),(291,2,279,'2017-07-10 17:34:44',2),(292,2,284,'2017-07-10 17:34:51',2),(293,2,289,'2017-07-10 17:35:53',2),(294,2,294,'2017-07-10 17:40:58',2),(295,2,299,'2017-07-10 17:41:04',2),(296,2,304,'2017-07-10 17:41:58',2),(297,2,309,'2017-07-10 17:42:02',2),(298,2,314,'2017-07-10 17:43:38',2),(299,2,319,'2017-07-10 18:43:49',2),(300,2,324,'2017-07-10 18:44:08',2),(301,2,329,'2017-07-10 18:44:37',2),(302,2,334,'2017-07-10 18:44:38',2),(303,2,339,'2017-07-10 18:45:03',2),(304,2,344,'2017-07-10 18:45:11',2),(305,2,349,'2017-07-10 18:45:12',2),(306,2,354,'2017-07-10 18:45:27',2),(307,2,359,'2017-07-10 18:48:44',2),(308,2,112,'2017-07-11 14:20:24',2),(309,2,189,'2017-07-11 14:20:29',2),(310,2,194,'2017-07-11 14:23:50',2),(311,2,199,'2017-07-11 14:23:59',2),(312,2,204,'2017-07-11 14:26:33',2),(313,2,209,'2017-07-11 14:28:20',2),(314,2,214,'2017-07-11 15:00:40',2),(315,2,219,'2017-07-11 15:00:43',2),(316,2,224,'2017-07-11 15:01:23',2),(317,2,229,'2017-07-11 15:02:23',2),(318,2,234,'2017-07-11 15:02:35',2),(319,2,239,'2017-07-11 15:08:19',2),(320,2,244,'2017-07-11 15:08:29',2),(321,2,249,'2017-07-11 15:08:42',2),(322,2,254,'2017-07-11 15:13:20',2),(323,2,259,'2017-07-11 15:14:04',2),(324,2,264,'2017-07-11 15:16:42',2),(325,2,269,'2017-07-11 15:18:30',2),(326,2,274,'2017-07-11 15:18:50',2),(327,2,279,'2017-07-11 15:26:38',2),(328,2,284,'2017-07-11 15:26:45',2),(329,2,289,'2017-07-11 15:26:50',2),(330,2,294,'2017-07-11 15:27:08',2),(331,2,299,'2017-07-11 15:27:25',2),(332,2,304,'2017-07-11 15:27:28',2),(333,2,309,'2017-07-11 15:28:28',2),(334,2,314,'2017-07-11 15:28:31',2),(335,2,319,'2017-07-11 15:28:33',2),(336,2,324,'2017-07-11 15:28:36',2),(337,2,329,'2017-07-11 15:28:45',2),(338,2,334,'2017-07-11 15:28:47',2),(339,2,339,'2017-07-11 15:28:53',2),(340,2,344,'2017-07-11 15:51:55',2),(341,2,349,'2017-07-11 15:54:43',2),(342,2,354,'2017-07-11 15:54:53',2),(343,2,359,'2017-07-11 16:12:30',2),(344,2,364,'2017-07-11 16:19:43',2),(345,2,369,'2017-07-11 16:23:29',2),(346,2,374,'2017-07-11 16:23:52',2),(347,2,379,'2017-07-11 16:27:57',2),(348,2,384,'2017-07-11 16:33:57',2),(349,2,389,'2017-07-11 16:35:18',2),(350,2,394,'2017-07-11 16:38:08',2),(351,2,399,'2017-07-11 16:38:49',2),(352,2,404,'2017-07-11 16:40:24',2),(353,2,409,'2017-07-11 16:40:52',2),(354,2,414,'2017-07-11 16:41:21',2),(355,2,419,'2017-07-11 16:42:51',2),(356,2,424,'2017-07-11 16:44:27',2),(357,2,429,'2017-07-11 16:45:11',2),(358,2,434,'2017-07-11 17:03:17',2),(359,2,439,'2017-07-11 17:03:41',2),(360,2,444,'2017-07-11 17:06:05',2),(361,2,449,'2017-07-11 17:08:36',2),(362,2,454,'2017-07-11 17:09:08',2),(363,2,459,'2017-07-11 17:10:15',2),(364,2,464,'2017-07-11 18:03:38',2),(365,2,469,'2017-07-11 18:08:04',2),(366,2,474,'2017-07-11 18:08:13',2),(367,2,479,'2017-07-11 18:08:19',2),(368,2,484,'2017-07-11 18:16:31',2),(369,1,489,'2017-07-11 18:50:59',2),(370,2,494,'2017-07-11 19:27:54',2),(371,2,499,'2017-07-11 19:28:01',2),(372,2,504,'2017-07-11 19:28:08',2),(373,2,509,'2017-07-11 19:32:00',2),(374,1,514,'2017-07-11 19:35:55',2),(375,1,519,'2017-07-11 19:36:04',2),(376,2,524,'2017-07-11 19:36:56',2),(377,2,529,'2017-07-11 19:37:01',2),(378,2,534,'2017-07-11 19:37:39',2),(379,2,539,'2017-07-11 19:43:37',2),(380,2,544,'2017-07-11 19:46:01',2),(381,2,549,'2017-07-11 19:47:21',2),(382,2,554,'2017-07-11 19:47:38',2),(383,2,559,'2017-07-11 19:49:33',2),(384,2,564,'2017-07-11 19:57:47',2),(385,2,569,'2017-07-11 19:58:30',2),(386,2,574,'2017-07-11 19:59:13',2),(387,2,579,'2017-07-11 20:06:27',2),(388,2,584,'2017-07-11 20:17:41',2),(389,2,589,'2017-07-11 20:18:06',2),(390,2,594,'2017-07-11 20:20:11',2),(391,2,599,'2017-07-11 20:20:26',2),(392,2,604,'2017-07-11 20:22:25',2),(393,2,609,'2017-07-11 20:42:53',2),(394,2,614,'2017-07-11 20:49:48',2),(395,2,619,'2017-07-11 20:50:57',2),(396,2,624,'2017-07-11 20:52:11',2),(397,2,629,'2017-07-11 20:56:58',2),(398,2,634,'2017-07-11 20:57:25',2),(399,2,639,'2017-07-11 21:02:02',2),(400,2,644,'2017-07-11 21:04:58',2),(401,2,649,'2017-07-11 21:06:51',2),(402,2,654,'2017-07-11 21:07:26',2),(403,2,659,'2017-07-11 21:08:28',2),(404,2,664,'2017-07-11 21:09:28',2),(405,2,669,'2017-07-11 21:09:44',2),(406,2,674,'2017-07-11 21:09:51',2),(407,2,679,'2017-07-11 21:12:41',2),(408,2,684,'2017-07-11 21:13:01',2),(409,2,112,'2017-07-12 07:28:11',2),(410,2,189,'2017-07-12 07:28:20',2),(411,2,194,'2017-07-12 07:29:22',2),(412,2,199,'2017-07-12 07:29:38',2),(413,2,204,'2017-07-12 07:58:47',2),(414,2,209,'2017-07-12 07:59:25',2),(415,2,214,'2017-07-12 08:06:32',2),(416,2,219,'2017-07-12 08:07:08',2),(417,2,224,'2017-07-12 08:07:11',2),(418,2,229,'2017-07-12 08:08:40',2),(419,2,234,'2017-07-12 08:17:32',2),(420,2,239,'2017-07-12 08:44:31',2),(421,2,244,'2017-07-12 08:45:43',2),(422,2,249,'2017-07-12 08:50:46',2),(423,2,254,'2017-07-12 08:57:09',2),(424,2,259,'2017-07-12 08:58:24',2),(425,2,264,'2017-07-12 08:59:24',2),(426,2,269,'2017-07-12 08:59:42',2),(427,2,274,'2017-07-12 09:00:36',2),(428,2,279,'2017-07-12 09:00:41',2),(429,2,284,'2017-07-12 09:00:44',2),(430,2,289,'2017-07-12 09:00:48',2),(431,2,294,'2017-07-12 09:00:51',2),(432,2,299,'2017-07-12 09:00:55',2),(433,2,304,'2017-07-12 09:00:57',2),(434,2,309,'2017-07-12 09:47:08',2),(435,2,314,'2017-07-12 09:47:14',2),(436,2,319,'2017-07-12 09:47:41',2),(437,2,324,'2017-07-12 09:49:48',2),(438,2,329,'2017-07-12 09:52:20',2),(439,2,334,'2017-07-12 09:52:32',2),(440,2,339,'2017-07-12 09:52:33',2),(441,2,344,'2017-07-12 09:52:35',2),(442,2,349,'2017-07-12 09:53:01',2),(443,2,354,'2017-07-12 09:58:36',2),(444,2,359,'2017-07-12 10:02:26',2),(445,2,364,'2017-07-12 10:02:43',2),(446,2,369,'2017-07-12 10:02:58',2),(447,2,374,'2017-07-12 10:03:04',2),(448,2,379,'2017-07-12 10:03:51',2),(449,2,384,'2017-07-12 10:04:06',2),(450,2,389,'2017-07-12 10:04:12',2),(451,2,394,'2017-07-12 10:05:12',2),(452,2,399,'2017-07-12 10:05:51',2),(453,2,404,'2017-07-12 10:06:28',2),(454,2,409,'2017-07-12 10:06:39',2),(455,2,414,'2017-07-12 10:07:18',2),(456,2,419,'2017-07-12 10:07:22',2),(457,2,424,'2017-07-12 10:10:42',2),(458,2,429,'2017-07-12 10:11:56',2),(459,2,434,'2017-07-12 10:12:49',2),(460,2,439,'2017-07-12 10:15:22',2),(461,2,444,'2017-07-12 10:21:22',2),(462,2,449,'2017-07-12 10:21:33',2),(463,2,454,'2017-07-12 10:37:28',2),(464,2,459,'2017-07-12 10:44:45',2),(465,2,464,'2017-07-12 10:44:51',2),(466,2,469,'2017-07-12 10:45:03',2),(467,2,474,'2017-07-12 10:45:29',2),(468,2,479,'2017-07-12 10:45:34',2),(469,2,484,'2017-07-12 10:45:37',2),(470,2,489,'2017-07-12 10:45:42',2),(471,2,494,'2017-07-12 10:45:47',2),(472,2,499,'2017-07-12 10:45:50',2),(473,2,504,'2017-07-12 11:14:40',2),(474,1,509,'2017-07-12 11:14:56',2),(475,1,514,'2017-07-12 11:15:04',2),(476,1,519,'2017-07-12 11:40:27',2),(477,1,524,'2017-07-12 11:40:31',2),(478,1,529,'2017-07-12 11:40:35',2),(479,1,534,'2017-07-12 11:40:39',2),(480,1,539,'2017-07-12 15:20:13',2),(481,1,544,'2017-07-12 15:20:23',2),(482,1,549,'2017-07-12 15:20:28',2),(483,1,554,'2017-07-12 15:25:22',2),(484,1,559,'2017-07-12 15:34:41',2),(485,1,564,'2017-07-12 15:35:47',2),(486,1,569,'2017-07-12 16:29:03',2),(487,1,574,'2017-07-12 16:45:57',2),(488,1,579,'2017-07-12 16:46:09',2),(489,1,584,'2017-07-12 16:47:22',2),(490,1,589,'2017-07-12 16:47:25',2),(491,1,594,'2017-07-12 16:47:31',2),(492,1,599,'2017-07-12 16:47:36',2),(493,1,604,'2017-07-12 16:47:50',2),(494,1,609,'2017-07-12 17:56:11',2),(495,1,614,'2017-07-12 17:56:22',2),(496,1,619,'2017-07-12 17:56:27',2),(497,1,624,'2017-07-12 18:01:04',2),(498,1,629,'2017-07-12 18:01:07',2),(499,1,634,'2017-07-12 18:37:00',2),(500,1,639,'2017-07-12 18:37:03',2),(501,1,644,'2017-07-12 18:38:48',2),(502,1,649,'2017-07-12 18:38:56',2),(503,1,654,'2017-07-12 18:48:34',2),(504,1,659,'2017-07-12 18:48:39',2),(505,1,664,'2017-07-12 18:48:58',2),(506,1,669,'2017-07-12 18:49:03',2),(507,1,674,'2017-07-12 18:49:10',2),(508,1,679,'2017-07-12 18:49:16',2),(509,1,684,'2017-07-12 18:51:03',2),(510,1,689,'2017-07-12 18:51:21',2),(511,1,694,'2017-07-12 18:51:24',2),(512,1,699,'2017-07-12 18:51:28',2),(513,1,704,'2017-07-12 18:51:31',2),(514,1,709,'2017-07-12 18:51:35',2),(515,1,714,'2017-07-12 18:53:19',2),(516,1,719,'2017-07-12 18:53:23',2),(517,1,724,'2017-07-12 18:53:44',2),(518,1,729,'2017-07-12 18:53:47',2),(519,1,734,'2017-07-12 18:53:49',2),(520,1,739,'2017-07-12 18:53:52',2),(521,1,744,'2017-07-12 18:56:55',2),(522,1,749,'2017-07-12 19:16:08',2),(523,1,754,'2017-07-12 19:16:11',2),(524,1,112,'2017-07-14 02:20:26',2),(525,1,189,'2017-07-14 02:21:29',2),(526,1,194,'2017-07-14 02:21:52',2),(527,1,199,'2017-07-14 02:22:44',2),(528,1,204,'2017-07-14 02:23:18',2),(529,1,209,'2017-07-14 02:23:46',2),(530,1,214,'2017-07-14 02:24:06',2),(531,1,219,'2017-07-14 02:24:27',2),(532,1,224,'2017-07-14 02:24:58',2),(533,1,229,'2017-07-14 02:28:14',2),(534,1,234,'2017-07-14 02:36:19',2),(535,1,239,'2017-07-14 02:46:58',2),(536,1,244,'2017-07-14 02:47:34',2),(537,1,249,'2017-07-14 02:47:54',2),(538,1,254,'2017-07-14 02:48:34',2),(539,1,259,'2017-07-14 02:48:49',2),(540,1,264,'2017-07-14 02:52:46',2),(541,1,269,'2017-07-14 02:53:09',2),(542,1,274,'2017-07-14 02:54:50',2),(543,1,279,'2017-07-14 02:55:32',2),(544,1,284,'2017-07-14 02:55:38',2),(545,1,289,'2017-07-14 02:55:43',2),(546,1,294,'2017-07-14 02:55:50',2),(547,1,299,'2017-07-14 02:56:11',2),(548,1,304,'2017-07-14 02:57:04',2),(549,1,309,'2017-07-14 02:57:30',2),(550,1,314,'2017-07-14 02:58:08',2),(551,1,319,'2017-07-14 02:58:11',2),(552,1,324,'2017-07-14 02:58:15',2),(553,1,329,'2017-07-14 02:58:18',2),(554,1,334,'2017-07-14 02:58:20',2),(555,1,112,'2017-07-14 08:46:53',2),(556,1,189,'2017-07-14 09:05:59',2),(557,1,194,'2017-07-14 09:06:28',2),(558,1,199,'2017-07-14 09:07:17',2),(559,1,204,'2017-07-14 09:07:54',2),(560,1,209,'2017-07-14 09:08:15',2),(561,1,214,'2017-07-14 09:08:29',2),(562,1,219,'2017-07-14 09:08:39',2),(563,1,224,'2017-07-14 09:10:04',2),(564,1,229,'2017-07-14 09:10:06',2),(565,1,234,'2017-07-14 09:13:51',2),(566,1,239,'2017-07-14 09:18:08',2),(567,1,244,'2017-07-14 09:18:18',2),(568,1,249,'2017-07-14 09:58:07',2),(569,1,254,'2017-07-14 09:59:32',2),(570,1,259,'2017-07-14 09:59:34',2),(571,1,264,'2017-07-14 09:59:35',2),(572,1,269,'2017-07-14 09:59:38',2),(573,1,274,'2017-07-14 10:00:08',2),(574,1,279,'2017-07-14 10:00:12',2),(575,1,284,'2017-07-14 11:05:12',2),(576,1,289,'2017-07-14 11:05:21',2),(577,1,294,'2017-07-14 11:05:31',2),(578,1,299,'2017-07-14 11:07:51',2),(579,1,304,'2017-07-14 11:08:35',2),(580,1,309,'2017-07-14 11:09:03',2),(581,1,314,'2017-07-14 11:09:16',2),(582,1,319,'2017-07-14 11:11:37',2),(583,1,324,'2017-07-14 11:12:41',2),(584,1,329,'2017-07-14 11:13:30',2),(585,1,334,'2017-07-14 11:14:18',2),(586,1,339,'2017-07-14 11:14:39',2),(587,1,344,'2017-07-14 11:15:41',2),(588,1,349,'2017-07-14 11:16:37',2),(589,1,354,'2017-07-14 11:17:38',2),(590,1,359,'2017-07-14 11:17:40',2),(591,1,364,'2017-07-14 11:18:09',2),(592,1,369,'2017-07-14 11:18:11',2),(593,1,374,'2017-07-14 11:21:09',2),(594,1,379,'2017-07-14 11:21:14',2),(595,1,384,'2017-07-14 11:23:08',2),(596,1,389,'2017-07-14 11:23:25',2),(597,1,394,'2017-07-14 11:23:38',2),(598,1,399,'2017-07-14 11:23:40',2),(599,1,404,'2017-07-14 11:23:49',2),(600,1,409,'2017-07-14 11:26:51',2),(601,1,414,'2017-07-14 11:36:51',2),(602,1,419,'2017-07-14 11:36:53',2),(603,1,424,'2017-07-14 11:37:08',2),(604,1,429,'2017-07-14 11:53:41',2),(605,1,434,'2017-07-14 11:54:28',2),(606,1,439,'2017-07-14 12:04:48',2),(607,1,444,'2017-07-14 12:05:10',2),(608,1,449,'2017-07-14 12:05:19',2),(609,1,454,'2017-07-14 14:27:19',2),(610,1,459,'2017-07-14 14:27:38',2),(611,1,464,'2017-07-14 14:28:55',2),(612,1,469,'2017-07-14 14:29:49',2),(613,2,474,'2017-07-14 14:34:48',2),(614,2,479,'2017-07-14 14:35:00',2),(615,2,484,'2017-07-14 15:18:29',2),(616,2,489,'2017-07-14 15:18:43',2),(617,2,494,'2017-07-14 15:19:32',2),(618,2,499,'2017-07-14 15:21:19',2),(619,2,504,'2017-07-14 15:21:33',2),(620,1,509,'2017-07-14 15:21:47',2),(621,1,514,'2017-07-14 15:21:54',2),(622,1,519,'2017-07-14 15:34:27',2),(623,1,524,'2017-07-14 15:34:30',2),(624,1,529,'2017-07-14 15:34:48',2),(625,1,534,'2017-07-14 15:34:49',2),(626,1,539,'2017-07-14 15:35:00',2),(627,1,544,'2017-07-14 15:35:39',2),(628,1,549,'2017-07-14 15:48:09',2),(629,1,554,'2017-07-14 15:48:12',2),(630,1,559,'2017-07-14 15:48:25',2),(631,2,564,'2017-07-14 15:48:36',2),(632,2,569,'2017-07-14 15:48:55',2),(633,1,574,'2017-07-14 15:49:00',2),(634,2,579,'2017-07-14 15:55:36',2),(635,1,584,'2017-07-14 15:55:38',2),(636,1,589,'2017-07-14 15:55:51',2),(637,2,594,'2017-07-14 15:55:58',2),(638,1,599,'2017-07-14 15:56:30',2),(639,1,604,'2017-07-14 16:30:03',2),(640,1,609,'2017-07-14 16:30:21',2),(641,1,614,'2017-07-14 16:34:03',2),(642,1,619,'2017-07-14 16:35:04',2),(643,1,624,'2017-07-14 16:35:05',2),(644,1,629,'2017-07-14 16:35:08',2),(645,1,634,'2017-07-14 16:35:19',2),(646,1,639,'2017-07-14 16:35:23',2),(647,1,644,'2017-07-14 16:36:28',2),(648,2,649,'2017-07-14 16:36:32',2),(649,2,654,'2017-07-14 16:37:01',2),(650,2,659,'2017-07-14 16:37:04',2),(651,1,664,'2017-07-14 16:37:33',2),(652,1,669,'2017-07-14 16:37:46',2),(653,2,674,'2017-07-14 16:38:03',2),(654,1,679,'2017-07-14 16:38:39',2),(655,2,684,'2017-07-14 16:38:52',2),(656,2,112,'2017-07-15 10:48:24',2),(657,2,189,'2017-07-15 11:27:24',2),(658,2,194,'2017-07-15 13:18:10',2),(659,2,199,'2017-07-15 13:18:13',2),(660,2,204,'2017-07-15 13:32:29',2),(661,2,209,'2017-07-15 14:14:12',2),(662,2,214,'2017-07-15 14:14:15',2),(663,2,219,'2017-07-15 15:06:17',2),(664,2,224,'2017-07-15 15:07:15',2),(665,2,229,'2017-07-15 15:07:57',2),(666,2,234,'2017-07-15 15:08:43',2),(667,2,239,'2017-07-15 15:26:01',2),(668,2,244,'2017-07-15 15:26:20',2),(669,2,249,'2017-07-15 15:26:36',2),(670,2,254,'2017-07-15 15:36:21',2),(671,2,259,'2017-07-15 15:39:00',2),(672,2,264,'2017-07-15 15:41:12',2),(673,2,269,'2017-07-15 15:41:18',2),(674,2,274,'2017-07-15 15:42:01',2),(675,2,279,'2017-07-15 15:42:05',2),(676,2,284,'2017-07-15 15:44:14',2),(677,2,289,'2017-07-15 15:44:56',2),(678,2,294,'2017-07-15 16:03:26',2),(679,2,299,'2017-07-15 16:06:31',2),(680,2,304,'2017-07-15 16:08:15',2),(681,2,309,'2017-07-15 16:12:32',2),(682,2,314,'2017-07-15 16:22:07',2),(683,2,319,'2017-07-15 16:22:26',2),(684,2,324,'2017-07-15 16:28:40',2),(685,2,329,'2017-07-15 16:29:11',2),(686,2,334,'2017-07-15 16:30:45',2),(687,2,339,'2017-07-15 16:31:21',2),(688,2,344,'2017-07-15 16:31:26',2),(689,2,349,'2017-07-15 16:36:16',2),(690,2,354,'2017-07-15 16:36:55',2),(691,2,359,'2017-07-15 16:38:31',2),(692,2,364,'2017-07-15 16:39:58',2),(693,2,369,'2017-07-15 16:40:13',2),(694,2,374,'2017-07-15 16:41:33',2),(695,2,379,'2017-07-15 16:44:12',2),(696,2,384,'2017-07-15 16:58:12',2),(697,1,389,'2017-07-15 16:58:39',2),(698,1,394,'2017-07-15 16:58:40',2),(699,1,399,'2017-07-15 16:59:32',2),(700,2,404,'2017-07-15 17:00:38',2),(701,2,409,'2017-07-15 17:00:47',2),(702,2,414,'2017-07-15 17:00:50',2),(703,2,419,'2017-07-15 17:02:50',2),(704,2,424,'2017-07-15 17:08:02',2),(705,2,429,'2017-07-15 17:10:07',2),(706,2,434,'2017-07-15 17:10:54',2),(707,2,439,'2017-07-15 17:11:01',2),(708,2,444,'2017-07-15 17:11:18',2),(709,2,449,'2017-07-15 17:13:18',2),(710,2,454,'2017-07-15 17:13:20',2),(711,2,459,'2017-07-15 17:20:41',2),(712,2,464,'2017-07-15 17:20:49',2),(713,2,469,'2017-07-15 17:21:25',2),(714,2,474,'2017-07-15 17:21:52',2),(715,2,479,'2017-07-15 17:23:48',2),(716,2,484,'2017-07-15 17:23:59',2),(717,1,489,'2017-07-15 17:33:16',2),(718,2,494,'2017-07-15 17:35:49',2),(719,1,499,'2017-07-15 17:37:29',2),(720,1,504,'2017-07-15 17:37:41',2),(721,2,509,'2017-07-15 17:37:47',2),(722,2,514,'2017-07-15 17:37:55',2),(723,2,519,'2017-07-15 17:38:04',2),(724,1,524,'2017-07-15 17:38:28',2),(725,1,529,'2017-07-15 17:38:53',2),(726,2,534,'2017-07-15 17:39:45',2),(727,1,539,'2017-07-15 17:40:05',2),(728,1,544,'2017-07-15 17:40:20',2),(729,2,549,'2017-07-15 17:40:40',2),(730,1,554,'2017-07-15 17:45:05',2),(731,1,559,'2017-07-15 17:45:21',2),(732,1,564,'2017-07-15 17:45:33',2),(733,2,569,'2017-07-15 17:45:53',2),(734,2,574,'2017-07-15 17:46:28',2),(735,2,579,'2017-07-15 17:46:50',2),(736,2,584,'2017-07-15 17:47:42',2),(737,1,589,'2017-07-15 17:53:23',2),(738,1,594,'2017-07-15 17:53:29',2),(739,1,599,'2017-07-15 17:54:11',2),(740,2,604,'2017-07-15 17:54:22',2),(741,2,609,'2017-07-15 17:54:38',2),(742,1,614,'2017-07-15 17:54:48',2),(743,1,619,'2017-07-15 17:55:27',2),(744,1,624,'2017-07-15 17:59:33',2),(745,2,629,'2017-07-15 18:20:39',2),(746,2,634,'2017-07-15 18:20:40',2),(747,2,639,'2017-07-15 18:22:03',2),(748,2,644,'2017-07-15 18:22:05',2),(749,2,649,'2017-07-15 18:22:48',2),(750,2,654,'2017-07-15 18:22:51',2),(751,2,659,'2017-07-15 18:23:56',2),(752,2,664,'2017-07-15 18:23:57',2),(753,2,669,'2017-07-15 18:24:26',2),(754,2,674,'2017-07-15 18:24:27',2),(755,2,679,'2017-07-15 18:30:40',2),(756,2,684,'2017-07-15 18:30:44',2),(757,2,689,'2017-07-15 18:31:42',2),(758,2,694,'2017-07-15 18:31:47',2),(759,1,699,'2017-07-15 18:34:40',2),(760,1,704,'2017-07-15 18:34:44',2),(761,1,709,'2017-07-15 20:14:07',2),(762,1,714,'2017-07-15 20:14:11',2),(763,1,719,'2017-07-15 20:14:16',2),(764,1,724,'2017-07-15 20:16:28',2),(765,1,729,'2017-07-15 20:21:04',2),(766,1,734,'2017-07-15 20:26:40',2),(767,1,739,'2017-07-15 20:26:56',2),(768,1,112,'2017-07-16 10:23:30',2),(769,1,189,'2017-07-16 10:24:09',2),(770,1,194,'2017-07-16 10:25:57',2),(771,1,199,'2017-07-16 10:26:12',2),(772,1,204,'2017-07-16 10:26:41',2),(773,1,209,'2017-07-16 11:14:00',2),(774,1,214,'2017-07-16 11:14:01',2),(775,1,219,'2017-07-16 11:18:30',2),(776,1,224,'2017-07-16 11:21:45',2),(777,1,229,'2017-07-16 11:22:33',2),(778,1,234,'2017-07-16 11:22:57',2),(779,1,239,'2017-07-16 11:26:29',2),(780,1,244,'2017-07-16 11:29:25',2),(781,1,249,'2017-07-16 11:30:32',2),(782,1,254,'2017-07-16 11:33:07',2),(783,1,259,'2017-07-16 11:33:19',2),(784,1,264,'2017-07-16 11:34:45',2),(785,1,269,'2017-07-16 11:35:10',2),(786,1,274,'2017-07-16 11:58:10',2),(787,1,279,'2017-07-16 12:01:28',2),(788,1,284,'2017-07-16 12:07:39',2),(789,1,289,'2017-07-16 12:09:07',2),(790,1,294,'2017-07-16 12:09:52',2),(791,1,299,'2017-07-16 12:10:13',2),(792,1,304,'2017-07-16 12:10:44',2),(793,1,309,'2017-07-16 12:11:44',2),(794,1,314,'2017-07-16 12:11:53',2),(795,1,319,'2017-07-16 12:12:19',2),(796,1,324,'2017-07-16 12:12:21',2),(797,1,329,'2017-07-16 12:15:59',2),(798,1,334,'2017-07-16 12:16:01',2),(799,1,339,'2017-07-16 12:16:13',2),(800,1,344,'2017-07-16 12:19:31',2),(801,1,349,'2017-07-16 12:21:22',2),(802,1,354,'2017-07-16 12:21:45',2),(803,1,359,'2017-07-16 12:23:07',2),(804,1,364,'2017-07-16 12:23:20',2),(805,1,369,'2017-07-16 12:24:40',2),(806,1,374,'2017-07-16 12:25:08',2),(807,1,379,'2017-07-16 12:27:50',2),(808,1,384,'2017-07-16 12:56:28',2),(809,1,389,'2017-07-16 12:57:18',2),(810,1,394,'2017-07-16 13:00:23',2),(811,1,399,'2017-07-16 13:03:59',2),(812,1,404,'2017-07-16 13:04:27',2),(813,1,409,'2017-07-16 13:04:56',2),(814,1,414,'2017-07-16 13:05:35',2),(815,1,419,'2017-07-16 13:05:55',2),(816,1,424,'2017-07-16 13:06:06',2),(817,1,429,'2017-07-16 13:06:42',2),(818,1,434,'2017-07-16 13:07:14',2),(819,1,439,'2017-07-16 13:07:28',2),(820,1,112,'2017-07-16 14:04:41',2),(821,1,189,'2017-07-16 14:05:32',2),(822,1,194,'2017-07-16 14:07:10',2),(823,1,199,'2017-07-16 14:08:07',2),(824,1,204,'2017-07-16 14:08:31',2),(825,1,209,'2017-07-16 14:08:56',2),(826,1,214,'2017-07-16 14:10:24',2),(827,1,219,'2017-07-16 14:16:37',2),(828,1,224,'2017-07-16 14:17:26',2),(829,1,229,'2017-07-16 14:39:57',2),(830,1,234,'2017-07-16 14:40:36',2),(831,1,239,'2017-07-16 14:41:03',2),(832,1,244,'2017-07-16 14:41:11',2),(833,1,249,'2017-07-16 14:41:49',2),(834,1,254,'2017-07-16 14:42:24',2),(835,1,112,'2017-07-16 15:20:46',2),(836,1,189,'2017-07-16 15:33:09',2),(837,1,194,'2017-07-16 15:33:46',2),(838,1,199,'2017-07-16 15:34:14',2),(839,1,204,'2017-07-16 15:34:47',2),(840,1,209,'2017-07-16 15:35:09',2),(841,1,214,'2017-07-16 15:35:25',2),(842,1,219,'2017-07-16 15:37:15',2),(843,1,224,'2017-07-16 15:37:55',2),(844,1,229,'2017-07-16 15:38:12',2),(845,1,234,'2017-07-16 15:47:54',2),(846,1,239,'2017-07-16 15:49:05',2),(847,1,244,'2017-07-16 15:49:24',2),(848,1,249,'2017-07-16 15:49:43',2),(849,1,254,'2017-07-16 15:51:51',2),(850,1,259,'2017-07-16 15:52:56',2),(851,1,264,'2017-07-16 15:53:04',2),(852,1,269,'2017-07-16 15:53:36',2),(853,1,274,'2017-07-16 15:55:07',2),(854,1,279,'2017-07-16 15:55:13',2),(855,1,284,'2017-07-16 15:55:30',2),(856,1,289,'2017-07-16 16:25:30',2),(857,1,294,'2017-07-16 16:26:51',2),(858,1,299,'2017-07-16 16:29:18',2),(859,1,304,'2017-07-16 16:29:59',2),(860,1,309,'2017-07-16 16:30:30',2),(861,1,314,'2017-07-16 16:31:39',2),(862,1,319,'2017-07-16 16:32:07',2),(863,1,324,'2017-07-16 16:34:03',2),(864,1,329,'2017-07-16 16:34:21',2),(865,1,334,'2017-07-16 16:34:27',2),(866,1,339,'2017-07-16 16:34:52',2),(867,1,344,'2017-07-16 16:35:00',2),(868,1,349,'2017-07-16 16:35:59',2),(869,1,354,'2017-07-16 16:36:33',2),(870,1,359,'2017-07-16 16:37:17',2),(871,1,364,'2017-07-16 16:37:39',2),(872,3,369,'2017-07-16 16:39:46',2),(873,3,374,'2017-07-16 16:39:53',2),(874,3,379,'2017-07-16 16:40:14',2),(875,1,384,'2017-07-16 16:40:21',2),(876,1,389,'2017-07-16 16:40:40',2),(877,1,394,'2017-07-16 16:51:32',2),(878,1,399,'2017-07-16 16:51:53',2),(879,1,404,'2017-07-16 16:52:24',2),(880,1,409,'2017-07-16 16:53:16',2),(881,1,414,'2017-07-16 16:53:39',2),(882,1,419,'2017-07-16 16:54:19',2),(883,1,424,'2017-07-16 16:59:43',2),(884,1,429,'2017-07-16 17:00:18',2),(885,1,434,'2017-07-16 17:01:36',2),(886,1,439,'2017-07-16 17:03:37',2),(887,1,444,'2017-07-16 17:04:50',2),(888,1,449,'2017-07-16 17:28:49',2),(889,1,454,'2017-07-16 17:29:04',2),(890,1,459,'2017-07-16 17:31:27',2),(891,1,464,'2017-07-16 17:37:04',2),(892,1,469,'2017-07-16 17:37:35',2),(893,1,474,'2017-07-16 17:38:00',2),(894,1,479,'2017-07-16 17:39:23',2),(895,1,484,'2017-07-16 17:41:14',2),(896,1,489,'2017-07-16 18:00:10',2),(897,1,494,'2017-07-16 18:00:16',2),(898,1,499,'2017-07-16 18:02:18',2),(899,1,504,'2017-07-16 18:06:39',2),(900,1,509,'2017-07-16 19:19:09',2),(901,1,514,'2017-07-16 19:19:31',2),(902,1,519,'2017-07-16 19:22:17',2),(903,1,524,'2017-07-16 19:32:09',2),(904,1,529,'2017-07-16 19:34:19',2),(905,1,534,'2017-07-16 19:35:01',2),(906,1,539,'2017-07-16 19:41:36',2),(907,1,544,'2017-07-16 19:42:30',2),(908,1,549,'2017-07-16 19:42:59',2),(909,1,554,'2017-07-16 19:43:16',2),(910,1,559,'2017-07-16 19:49:35',2),(911,1,564,'2017-07-16 19:50:37',2),(912,1,569,'2017-07-16 19:50:44',2),(913,1,574,'2017-07-16 19:51:02',2),(914,1,579,'2017-07-16 19:54:13',2),(915,1,584,'2017-07-16 19:55:18',2),(916,1,589,'2017-07-16 19:55:54',2),(917,1,594,'2017-07-16 19:55:58',2),(918,1,599,'2017-07-16 19:59:48',2),(919,1,604,'2017-07-16 19:59:54',2),(920,1,609,'2017-07-16 20:01:32',2),(921,1,614,'2017-07-16 20:02:00',2),(922,1,619,'2017-07-16 20:03:53',2),(923,1,624,'2017-07-16 20:18:17',2),(924,1,629,'2017-07-16 20:19:19',2),(925,1,634,'2017-07-16 20:23:33',2),(926,1,639,'2017-07-16 20:44:38',2),(927,1,644,'2017-07-16 20:50:39',2),(928,1,649,'2017-07-16 20:50:49',2),(929,1,654,'2017-07-16 20:52:08',2),(930,1,659,'2017-07-16 20:55:10',2),(931,1,664,'2017-07-16 20:55:37',2),(932,1,669,'2017-07-16 20:56:01',2),(933,1,674,'2017-07-16 20:56:38',2),(934,1,679,'2017-07-16 21:03:31',2),(935,1,684,'2017-07-16 21:04:39',2),(936,1,689,'2017-07-16 21:05:20',2),(937,1,694,'2017-07-16 21:05:38',2),(938,1,699,'2017-07-16 21:06:22',2),(939,1,704,'2017-07-16 21:06:50',2),(940,1,709,'2017-07-16 21:07:09',2),(941,1,714,'2017-07-16 21:07:32',2),(942,1,719,'2017-07-16 21:07:37',2),(943,1,724,'2017-07-16 21:08:18',2),(944,1,729,'2017-07-16 21:08:20',2),(945,1,734,'2017-07-16 21:08:32',2),(946,1,739,'2017-07-16 21:16:34',2),(947,1,744,'2017-07-16 21:16:56',2),(948,1,749,'2017-07-16 21:18:05',2),(949,1,754,'2017-07-16 21:21:57',2),(950,1,759,'2017-07-16 21:23:47',2),(951,1,764,'2017-07-16 21:24:00',2),(952,1,769,'2017-07-16 21:24:14',2),(953,1,774,'2017-07-16 21:24:56',2),(954,1,112,'2017-07-17 14:10:22',1),(955,1,189,'2017-07-17 14:11:11',1),(956,1,194,'2017-07-17 14:13:50',2),(957,1,199,'2017-07-17 14:14:44',2),(958,1,204,'2017-07-17 14:15:12',2),(959,2,209,'2017-07-17 14:15:31',2),(960,2,214,'2017-07-17 14:15:37',2),(961,2,235,'2017-07-17 14:15:57',2),(962,1,240,'2017-07-17 14:16:10',2),(963,1,245,'2017-07-17 14:29:58',2),(964,1,250,'2017-07-17 14:30:07',2),(965,2,255,'2017-07-17 14:30:21',2),(966,1,260,'2017-07-17 14:30:25',2),(967,1,265,'2017-07-17 14:30:27',2),(968,1,270,'2017-07-17 14:55:40',2),(969,1,275,'2017-07-17 15:17:30',2),(970,2,280,'2017-07-17 15:17:44',2),(971,1,285,'2017-07-17 15:18:07',2),(972,2,290,'2017-07-17 15:18:12',2),(973,1,295,'2017-07-17 15:18:29',2),(974,2,300,'2017-07-17 15:19:45',2),(975,2,305,'2017-07-17 15:19:54',2),(976,1,310,'2017-07-17 15:20:15',2),(977,2,315,'2017-07-17 15:29:53',2),(978,2,320,'2017-07-17 15:36:03',2),(979,1,325,'2017-07-17 16:10:53',2),(980,1,330,'2017-07-17 16:10:57',2),(981,2,335,'2017-07-17 16:11:09',2),(982,2,340,'2017-07-17 16:11:11',2),(983,1,345,'2017-07-17 17:06:15',2),(984,1,350,'2017-07-17 17:06:17',2),(985,1,355,'2017-07-17 17:06:26',2),(986,1,360,'2017-07-17 17:06:40',2),(987,2,365,'2017-07-17 17:07:22',2),(988,2,370,'2017-07-17 17:07:25',2),(989,2,375,'2017-07-17 17:07:28',2),(990,2,380,'2017-07-17 17:08:33',2),(991,1,385,'2017-07-17 17:08:44',2),(992,1,390,'2017-07-17 17:09:24',2),(993,1,395,'2017-07-17 17:09:29',2),(994,1,400,'2017-07-17 17:10:21',2),(995,1,405,'2017-07-17 17:10:38',2),(996,1,410,'2017-07-17 17:10:45',2),(997,1,415,'2017-07-17 17:10:55',2),(998,1,420,'2017-07-17 17:11:05',2),(999,1,425,'2017-07-17 17:11:19',2),(1000,1,430,'2017-07-17 17:11:25',2),(1001,1,435,'2017-07-17 17:11:27',2),(1002,1,440,'2017-07-17 17:11:38',2),(1003,1,445,'2017-07-17 17:11:56',2),(1004,1,450,'2017-07-17 17:12:13',2),(1005,2,455,'2017-07-17 17:12:48',2),(1006,2,460,'2017-07-17 17:13:03',2),(1007,2,465,'2017-07-17 17:13:37',2),(1008,2,470,'2017-07-17 17:13:50',2),(1009,2,475,'2017-07-17 17:13:57',2),(1010,2,480,'2017-07-17 17:14:19',2),(1011,2,485,'2017-07-17 17:14:25',2),(1012,2,490,'2017-07-17 17:14:31',2),(1013,2,495,'2017-07-17 17:15:29',2),(1014,2,500,'2017-07-17 17:15:35',2),(1015,2,505,'2017-07-17 17:15:41',2),(1016,2,510,'2017-07-17 17:15:46',2),(1017,2,515,'2017-07-17 17:15:53',2),(1018,2,520,'2017-07-17 17:16:13',2),(1019,2,525,'2017-07-17 17:16:20',2),(1020,2,530,'2017-07-17 17:16:22',2),(1021,2,535,'2017-07-17 17:16:24',2),(1022,2,540,'2017-07-17 17:16:26',2),(1023,2,545,'2017-07-17 17:16:28',2),(1024,2,550,'2017-07-17 17:16:32',2),(1025,2,555,'2017-07-17 17:16:46',2),(1026,2,560,'2017-07-17 17:16:51',2),(1027,2,565,'2017-07-17 17:16:53',2),(1028,2,570,'2017-07-17 17:16:56',2),(1029,2,575,'2017-07-17 17:16:59',2),(1030,2,580,'2017-07-17 17:17:03',2),(1031,1,585,'2017-07-17 17:17:12',2),(1032,1,590,'2017-07-17 17:17:20',2),(1033,2,595,'2017-07-17 17:17:25',2),(1034,2,600,'2017-07-17 17:17:28',2),(1035,2,605,'2017-07-17 17:17:56',2),(1036,2,610,'2017-07-17 17:18:04',2),(1037,1,615,'2017-07-17 17:18:17',2),(1038,2,620,'2017-07-17 17:18:26',2),(1039,1,625,'2017-07-17 17:21:42',2),(1040,2,630,'2017-07-17 17:21:50',2),(1041,2,635,'2017-07-17 17:21:55',2),(1042,2,640,'2017-07-17 17:22:01',2),(1043,1,645,'2017-07-17 17:26:23',2),(1044,1,650,'2017-07-17 17:26:37',2),(1045,1,655,'2017-07-17 17:26:42',2),(1046,2,660,'2017-07-17 17:26:57',2),(1047,1,665,'2017-07-17 17:33:09',2),(1048,2,670,'2017-07-17 17:33:14',2),(1049,1,675,'2017-07-17 17:33:52',2),(1050,2,680,'2017-07-17 17:33:57',2),(1051,2,685,'2017-07-17 17:33:59',2),(1052,2,690,'2017-07-17 17:34:24',2),(1053,1,695,'2017-07-17 17:35:34',2),(1054,2,700,'2017-07-17 17:35:40',2),(1055,1,705,'2017-07-17 17:36:22',2),(1056,2,710,'2017-07-17 17:36:32',2),(1057,1,715,'2017-07-17 17:38:05',2),(1058,1,720,'2017-07-17 17:39:42',2),(1059,2,725,'2017-07-17 17:46:06',2),(1060,1,730,'2017-07-17 17:46:10',2),(1061,1,735,'2017-07-17 17:47:08',2),(1062,1,740,'2017-07-17 17:48:14',2),(1063,1,745,'2017-07-17 18:04:28',2),(1064,1,750,'2017-07-17 18:16:26',2),(1065,1,755,'2017-07-17 18:17:16',2),(1066,2,760,'2017-07-17 18:17:25',2),(1067,2,765,'2017-07-17 18:17:33',2),(1068,1,770,'2017-07-17 18:17:45',2),(1069,2,775,'2017-07-17 18:17:55',2),(1070,1,780,'2017-07-17 18:17:59',2),(1071,2,785,'2017-07-17 18:18:14',2),(1072,1,790,'2017-07-17 18:18:19',2),(1073,1,795,'2017-07-17 18:56:31',2),(1074,1,800,'2017-07-17 18:58:34',2),(1075,1,805,'2017-07-17 18:58:36',2),(1076,1,810,'2017-07-17 18:58:54',2),(1077,1,815,'2017-07-17 18:59:02',2),(1078,1,820,'2017-07-17 18:59:08',2),(1079,1,825,'2017-07-17 19:02:16',2),(1080,1,830,'2017-07-17 19:25:14',2),(1081,2,835,'2017-07-17 19:26:29',2),(1082,2,840,'2017-07-17 19:26:35',2),(1083,2,847,'2017-07-17 19:26:45',2),(1084,1,852,'2017-07-17 19:28:28',2),(1085,2,857,'2017-07-17 19:28:34',2),(1086,1,862,'2017-07-17 19:29:16',2),(1087,1,867,'2017-07-17 19:29:18',2),(1088,2,872,'2017-07-17 19:29:51',2),(1089,1,877,'2017-07-17 19:31:31',2),(1090,1,882,'2017-07-17 19:31:53',2),(1091,1,887,'2017-07-17 19:31:55',2),(1092,1,892,'2017-07-17 19:33:42',2),(1093,2,897,'2017-07-17 19:34:09',2),(1094,2,902,'2017-07-17 19:34:19',2),(1095,1,907,'2017-07-17 19:34:26',2),(1096,1,912,'2017-07-17 19:34:34',2),(1097,2,917,'2017-07-17 19:34:48',2),(1098,1,922,'2017-07-17 19:34:54',2),(1099,2,927,'2017-07-17 19:35:00',2),(1100,1,932,'2017-07-17 19:35:43',2),(1101,2,937,'2017-07-17 19:35:49',2),(1102,2,942,'2017-07-17 19:36:04',2),(1103,2,947,'2017-07-17 19:39:07',2),(1104,1,952,'2017-07-17 19:48:47',2),(1105,1,957,'2017-07-17 19:48:50',2),(1106,2,962,'2017-07-17 19:49:02',2),(1107,2,967,'2017-07-17 19:49:35',2),(1108,2,972,'2017-07-17 19:49:51',2),(1109,1,148,'2017-07-18 19:59:21',2),(1110,2,207,'2017-07-18 19:59:24',2),(1111,2,212,'2017-07-18 19:59:36',2),(1112,1,217,'2017-07-18 20:00:11',2),(1113,2,222,'2017-07-18 20:00:21',2),(1114,1,227,'2017-07-18 20:02:44',2),(1115,2,232,'2017-07-18 20:03:02',2),(1116,2,237,'2017-07-18 20:03:10',2),(1117,1,242,'2017-07-18 20:10:52',2),(1118,1,247,'2017-07-18 20:13:47',2),(1119,2,252,'2017-07-18 20:13:54',2),(1120,1,257,'2017-07-18 20:14:43',2),(1121,2,262,'2017-07-18 20:14:47',2),(1122,1,267,'2017-07-18 20:33:28',2),(1123,1,272,'2017-07-18 20:34:32',2),(1124,1,277,'2017-07-18 20:35:52',2),(1125,1,282,'2017-07-18 20:36:25',2),(1126,1,287,'2017-07-18 20:37:05',2),(1127,1,292,'2017-07-18 20:37:45',2),(1128,1,297,'2017-07-18 20:39:38',2),(1129,1,302,'2017-07-18 20:39:49',2),(1130,2,307,'2017-07-18 20:40:19',2),(1131,2,312,'2017-07-18 20:40:22',2),(1132,2,317,'2017-07-18 20:40:28',2),(1133,1,322,'2017-07-18 20:41:09',2),(1134,2,327,'2017-07-18 20:41:17',2),(1135,2,332,'2017-07-18 20:41:29',2),(1136,2,337,'2017-07-18 20:42:07',2),(1137,1,342,'2017-07-18 20:42:11',2),(1138,1,347,'2017-07-18 20:43:04',2),(1139,2,352,'2017-07-18 20:43:09',2),(1140,1,357,'2017-07-18 20:44:35',2),(1141,2,362,'2017-07-18 20:44:45',2),(1142,1,367,'2017-07-18 20:45:13',2),(1143,2,372,'2017-07-18 20:45:18',2),(1144,2,377,'2017-07-18 20:46:27',2),(1145,1,382,'2017-07-18 20:46:29',2),(1146,2,387,'2017-07-18 20:46:49',2),(1147,2,392,'2017-07-18 20:46:52',2),(1148,2,397,'2017-07-18 20:47:06',2),(1149,2,402,'2017-07-18 20:47:20',2),(1150,1,407,'2017-07-18 20:48:56',2),(1151,1,412,'2017-07-18 20:52:09',2),(1152,2,417,'2017-07-18 20:52:28',2),(1153,1,422,'2017-07-18 20:53:10',2),(1154,2,427,'2017-07-18 20:53:20',2),(1155,2,432,'2017-07-18 20:53:29',2),(1156,2,437,'2017-07-18 20:54:21',2),(1157,2,442,'2017-07-18 20:54:28',2),(1158,1,447,'2017-07-18 20:54:33',2),(1159,1,112,'2017-07-19 13:59:16',2),(1160,1,189,'2017-07-19 13:59:24',2),(1161,1,194,'2017-07-19 13:59:30',2),(1162,1,199,'2017-07-19 13:59:46',2),(1163,1,204,'2017-07-19 14:17:21',2),(1164,1,209,'2017-07-19 14:17:35',2),(1165,1,214,'2017-07-19 14:22:44',2),(1166,1,219,'2017-07-19 14:23:15',2),(1167,1,224,'2017-07-19 14:25:08',2),(1168,1,229,'2017-07-19 14:26:37',2),(1169,1,234,'2017-07-19 14:26:57',2),(1170,1,239,'2017-07-19 14:27:18',2),(1171,1,244,'2017-07-19 14:29:47',2),(1172,1,249,'2017-07-19 14:30:14',2),(1173,1,254,'2017-07-19 14:30:40',2),(1174,1,259,'2017-07-19 14:30:57',2),(1175,1,264,'2017-07-19 14:31:08',2),(1176,1,269,'2017-07-19 14:32:21',2),(1177,1,274,'2017-07-19 14:32:44',2),(1178,1,279,'2017-07-19 14:33:09',2),(1179,1,284,'2017-07-19 14:35:07',2),(1180,1,289,'2017-07-19 14:43:08',2),(1181,1,294,'2017-07-19 14:43:30',2),(1182,1,299,'2017-07-19 14:43:47',2),(1183,1,304,'2017-07-19 14:45:54',2),(1184,1,309,'2017-07-19 14:46:06',2),(1185,1,314,'2017-07-19 14:48:00',2),(1186,1,319,'2017-07-19 14:48:17',2),(1187,1,324,'2017-07-19 14:48:36',2),(1188,1,329,'2017-07-19 14:49:58',2),(1189,1,334,'2017-07-19 15:09:33',2),(1190,1,339,'2017-07-19 15:09:36',2),(1191,1,344,'2017-07-19 15:10:48',2),(1192,1,349,'2017-07-19 15:10:51',2),(1193,1,354,'2017-07-19 15:11:12',2),(1194,2,359,'2017-07-19 15:11:49',2),(1195,2,364,'2017-07-19 15:11:52',2),(1196,2,369,'2017-07-19 15:11:59',2),(1197,2,389,'2017-07-19 15:12:07',2),(1198,1,394,'2017-07-19 15:14:36',2),(1199,2,399,'2017-07-19 15:14:42',2),(1200,1,404,'2017-07-19 15:42:50',2),(1201,1,409,'2017-07-19 15:42:56',2),(1202,2,414,'2017-07-19 15:43:04',2),(1203,2,419,'2017-07-19 15:43:13',2),(1204,2,424,'2017-07-19 15:43:19',2),(1205,1,429,'2017-07-19 18:19:11',2),(1206,1,434,'2017-07-19 18:19:16',2),(1207,2,439,'2017-07-19 18:19:27',2),(1208,2,444,'2017-07-19 18:19:30',2),(1209,1,449,'2017-07-19 18:22:00',2),(1210,2,454,'2017-07-19 18:22:05',2),(1211,2,459,'2017-07-19 18:22:09',2),(1212,1,464,'2017-07-19 18:24:53',2),(1213,2,469,'2017-07-19 18:24:56',2),(1214,2,474,'2017-07-19 18:25:00',2),(1215,1,479,'2017-07-19 18:30:57',2),(1216,2,484,'2017-07-19 18:31:04',2),(1217,1,489,'2017-07-19 18:34:36',2),(1218,2,494,'2017-07-19 18:35:22',2),(1219,1,499,'2017-07-19 18:50:09',2),(1220,2,504,'2017-07-19 18:56:21',2),(1221,2,509,'2017-07-19 19:54:28',2),(1222,2,514,'2017-07-19 19:54:31',2),(1223,1,519,'2017-07-19 19:54:44',2),(1224,1,524,'2017-07-19 19:54:46',2),(1225,2,529,'2017-07-19 19:55:05',2),(1226,1,534,'2017-07-19 19:55:39',2),(1227,1,539,'2017-07-19 19:55:51',2),(1228,1,544,'2017-07-19 19:55:54',2),(1229,2,549,'2017-07-19 19:56:00',2),(1230,2,554,'2017-07-19 19:56:19',2),(1231,1,559,'2017-07-19 19:57:03',2),(1232,2,564,'2017-07-19 19:57:14',2),(1233,1,569,'2017-07-19 19:58:17',2),(1234,1,574,'2017-07-19 19:58:18',2),(1235,1,579,'2017-07-19 19:58:25',2),(1236,1,584,'2017-07-19 19:58:26',2),(1237,2,589,'2017-07-19 19:58:35',2),(1238,1,594,'2017-07-19 19:58:57',2),(1239,1,599,'2017-07-19 19:59:13',2),(1240,2,604,'2017-07-19 19:59:20',2),(1241,1,609,'2017-07-19 20:00:22',2),(1242,2,614,'2017-07-19 20:00:29',2),(1243,1,619,'2017-07-19 20:03:04',2),(1244,2,624,'2017-07-19 20:03:12',2),(1245,1,629,'2017-07-19 20:05:25',2),(1246,2,634,'2017-07-19 20:05:29',2),(1247,2,639,'2017-07-19 20:05:43',2),(1248,1,644,'2017-07-19 20:07:37',2),(1249,2,649,'2017-07-19 20:07:47',2),(1250,1,654,'2017-07-19 20:08:43',2),(1251,2,659,'2017-07-19 20:08:49',2),(1252,2,664,'2017-07-19 20:09:39',2),(1253,1,669,'2017-07-19 20:09:42',2),(1254,2,674,'2017-07-19 20:09:50',2),(1255,1,679,'2017-07-19 20:10:16',2),(1256,2,684,'2017-07-19 20:10:19',2),(1257,2,689,'2017-07-19 20:10:23',2),(1258,1,694,'2017-07-19 20:10:27',2),(1259,2,699,'2017-07-19 20:10:33',2),(1260,2,704,'2017-07-19 20:10:46',2),(1261,1,709,'2017-07-19 20:13:44',2),(1262,2,714,'2017-07-19 20:13:56',2),(1263,1,719,'2017-07-19 20:14:24',2),(1264,2,724,'2017-07-19 20:19:25',2),(1265,1,729,'2017-07-19 20:19:47',2),(1266,2,734,'2017-07-19 20:19:55',2),(1267,1,112,'2017-07-20 08:43:12',2),(1268,2,189,'2017-07-20 08:43:19',2),(1269,1,209,'2017-07-20 08:43:49',2),(1270,2,214,'2017-07-20 08:44:34',2),(1271,1,219,'2017-07-20 08:44:47',2),(1272,2,224,'2017-07-20 08:46:03',2),(1273,1,229,'2017-07-20 08:46:11',2),(1274,2,234,'2017-07-20 08:46:54',2),(1275,1,239,'2017-07-20 08:46:59',2),(1276,1,244,'2017-07-20 08:47:04',2),(1277,2,249,'2017-07-20 09:30:14',2),(1278,2,254,'2017-07-20 09:30:20',2),(1279,2,259,'2017-07-20 09:30:26',2),(1280,1,264,'2017-07-20 09:30:31',2),(1281,1,269,'2017-07-20 09:30:34',2),(1282,2,274,'2017-07-20 09:35:41',2),(1283,1,279,'2017-07-20 09:35:45',2),(1284,2,284,'2017-07-20 09:37:06',2),(1285,1,289,'2017-07-20 09:37:16',2),(1286,2,294,'2017-07-20 09:37:48',2),(1287,1,299,'2017-07-20 09:37:54',2),(1288,2,304,'2017-07-20 09:38:33',2),(1289,1,309,'2017-07-20 09:38:40',2),(1290,1,314,'2017-07-20 09:38:58',2),(1291,1,319,'2017-07-20 09:39:17',2),(1292,2,324,'2017-07-20 09:40:03',2),(1293,1,329,'2017-07-20 09:40:23',2),(1294,2,334,'2017-07-20 09:40:43',2),(1295,1,339,'2017-07-20 09:40:56',2),(1296,1,344,'2017-07-20 09:41:31',2),(1297,2,349,'2017-07-20 09:41:45',2),(1298,1,112,'2017-07-20 11:04:51',2),(1299,2,189,'2017-07-20 11:04:54',2),(1300,1,209,'2017-07-20 11:05:02',2),(1301,2,214,'2017-07-20 11:06:15',2),(1302,2,219,'2017-07-20 11:35:35',2),(1303,2,224,'2017-07-20 11:35:42',2),(1304,2,229,'2017-07-20 11:58:53',2),(1305,2,234,'2017-07-20 11:58:57',2),(1306,2,239,'2017-07-20 12:24:06',2),(1307,2,244,'2017-07-20 12:24:08',2),(1308,2,249,'2017-07-20 12:24:10',2),(1309,2,254,'2017-07-20 12:24:15',2),(1310,2,259,'2017-07-20 12:25:26',2),(1311,2,264,'2017-07-20 12:25:35',2),(1312,2,269,'2017-07-20 12:27:39',2),(1313,2,274,'2017-07-20 12:28:07',2),(1314,2,279,'2017-07-20 12:33:28',2),(1315,2,284,'2017-07-20 12:33:32',2),(1316,2,289,'2017-07-20 12:33:35',2),(1317,2,294,'2017-07-20 12:33:38',2),(1318,2,299,'2017-07-20 14:34:07',2),(1319,2,304,'2017-07-20 14:34:11',2),(1320,2,309,'2017-07-20 14:37:42',2),(1321,2,314,'2017-07-20 14:38:31',2),(1322,2,319,'2017-07-20 14:44:08',2),(1323,2,324,'2017-07-20 14:44:10',2),(1324,2,329,'2017-07-20 14:44:13',2),(1325,2,334,'2017-07-20 14:49:37',2),(1326,2,339,'2017-07-20 14:50:28',2),(1327,2,344,'2017-07-20 14:51:48',2),(1328,2,349,'2017-07-20 14:52:09',2),(1329,2,354,'2017-07-20 14:52:29',2),(1330,2,359,'2017-07-20 14:53:27',2),(1331,2,364,'2017-07-20 15:53:07',2),(1332,2,369,'2017-07-20 15:53:30',2),(1333,2,374,'2017-07-20 15:53:46',2),(1334,2,379,'2017-07-20 15:55:18',2),(1335,2,384,'2017-07-20 15:59:33',2),(1336,2,389,'2017-07-20 16:03:35',2),(1337,2,394,'2017-07-20 16:04:03',2),(1338,2,399,'2017-07-20 16:08:39',2),(1339,2,404,'2017-07-20 16:31:07',2),(1340,2,409,'2017-07-20 16:41:58',2),(1341,2,414,'2017-07-20 16:43:03',2),(1342,2,419,'2017-07-20 16:43:42',2),(1343,2,424,'2017-07-20 16:44:24',2),(1344,2,429,'2017-07-20 16:50:16',2),(1345,2,434,'2017-07-20 16:51:13',2),(1346,2,439,'2017-07-20 16:51:51',2),(1347,2,444,'2017-07-20 16:52:26',2),(1348,2,449,'2017-07-20 16:54:36',2),(1349,2,454,'2017-07-20 16:54:45',2),(1350,2,459,'2017-07-20 16:56:28',2),(1351,2,464,'2017-07-20 16:56:46',2),(1352,2,469,'2017-07-20 16:57:14',2),(1353,2,474,'2017-07-20 17:01:19',2),(1354,2,479,'2017-07-20 17:06:31',2),(1355,2,484,'2017-07-20 17:08:45',2),(1356,2,489,'2017-07-20 17:11:55',2),(1357,2,494,'2017-07-20 17:14:04',2),(1358,2,499,'2017-07-20 17:15:28',2),(1359,2,504,'2017-07-20 17:16:48',2),(1360,2,509,'2017-07-20 17:18:59',2),(1361,2,514,'2017-07-20 17:20:53',2),(1362,2,519,'2017-07-20 17:24:34',2),(1363,2,524,'2017-07-20 17:27:56',2),(1364,2,529,'2017-07-20 17:32:37',2),(1365,2,534,'2017-07-20 17:34:07',2),(1366,2,539,'2017-07-20 17:39:08',2),(1367,2,544,'2017-07-20 17:40:27',2),(1368,2,549,'2017-07-20 17:43:01',2),(1369,2,554,'2017-07-20 17:45:18',2),(1370,2,559,'2017-07-20 17:53:40',2),(1371,2,564,'2017-07-20 18:09:03',2),(1372,2,569,'2017-07-20 18:09:30',2),(1373,2,574,'2017-07-20 18:09:32',2),(1374,2,579,'2017-07-20 18:11:08',2),(1375,2,584,'2017-07-20 18:11:55',2),(1376,2,589,'2017-07-20 18:12:03',2),(1377,2,594,'2017-07-20 18:14:38',2),(1378,2,599,'2017-07-20 18:16:18',2),(1379,2,604,'2017-07-20 18:16:25',2),(1380,2,609,'2017-07-20 18:16:49',2),(1381,2,614,'2017-07-20 18:17:26',2),(1382,2,619,'2017-07-20 18:18:18',2),(1383,2,624,'2017-07-20 18:18:44',2),(1384,2,629,'2017-07-20 18:19:31',2),(1385,2,634,'2017-07-20 18:19:39',2),(1386,2,639,'2017-07-20 18:20:27',2),(1387,2,644,'2017-07-20 18:20:31',2),(1388,2,649,'2017-07-20 18:20:44',2),(1389,2,654,'2017-07-20 18:20:54',2),(1390,2,659,'2017-07-20 18:21:11',2),(1391,2,664,'2017-07-20 18:24:13',2),(1392,2,669,'2017-07-20 18:25:22',2),(1393,2,674,'2017-07-20 18:25:43',2),(1394,2,679,'2017-07-20 18:26:06',2),(1395,2,684,'2017-07-20 18:26:41',2),(1396,2,689,'2017-07-20 18:27:27',2),(1397,2,694,'2017-07-20 18:27:43',2),(1398,2,699,'2017-07-20 18:34:32',2),(1399,2,704,'2017-07-20 18:36:13',2),(1400,2,709,'2017-07-20 18:36:50',2),(1401,2,714,'2017-07-20 18:37:52',2),(1402,2,719,'2017-07-20 18:44:01',2),(1403,2,724,'2017-07-20 18:44:16',2),(1404,2,729,'2017-07-20 18:46:29',2),(1405,2,734,'2017-07-20 18:46:56',2),(1406,2,739,'2017-07-20 18:47:01',2),(1407,2,744,'2017-07-20 18:47:11',2),(1408,2,749,'2017-07-20 18:48:02',2),(1409,2,754,'2017-07-20 18:48:31',2),(1410,2,759,'2017-07-20 18:49:22',2),(1411,2,764,'2017-07-20 18:50:29',2),(1412,2,769,'2017-07-20 18:53:20',2),(1413,2,774,'2017-07-20 18:54:19',2),(1414,2,779,'2017-07-20 18:54:32',2),(1415,2,784,'2017-07-20 18:56:51',2),(1416,2,789,'2017-07-20 18:58:09',2),(1417,2,794,'2017-07-20 18:58:33',2),(1418,2,799,'2017-07-20 18:59:30',2),(1419,2,804,'2017-07-20 18:59:47',2),(1420,2,809,'2017-07-20 19:00:01',2),(1421,2,814,'2017-07-20 19:00:42',2),(1422,2,819,'2017-07-20 19:01:08',2),(1423,2,824,'2017-07-20 19:02:47',2),(1424,2,829,'2017-07-20 19:03:10',2),(1425,2,834,'2017-07-20 19:03:38',2),(1426,2,839,'2017-07-20 19:03:51',2),(1427,2,844,'2017-07-20 19:07:21',2),(1428,2,849,'2017-07-20 19:07:53',2),(1429,2,854,'2017-07-20 19:08:02',2),(1430,2,859,'2017-07-20 19:08:52',2),(1431,2,864,'2017-07-20 19:10:04',2),(1432,2,869,'2017-07-20 19:10:19',2),(1433,2,874,'2017-07-20 19:10:26',2),(1434,2,879,'2017-07-20 19:11:24',2),(1435,2,884,'2017-07-20 19:11:38',2),(1436,2,889,'2017-07-20 19:13:01',2),(1437,2,894,'2017-07-20 19:13:24',2),(1438,2,899,'2017-07-20 19:13:50',2),(1439,2,904,'2017-07-20 19:13:53',2),(1440,2,909,'2017-07-20 19:14:18',2),(1441,2,914,'2017-07-20 19:14:31',2),(1442,2,919,'2017-07-20 19:16:37',2),(1443,2,924,'2017-07-20 19:16:45',2),(1444,2,929,'2017-07-20 19:16:48',2),(1445,2,934,'2017-07-20 19:16:49',2),(1446,2,939,'2017-07-20 19:16:54',2),(1447,2,944,'2017-07-20 19:17:45',2),(1448,2,949,'2017-07-20 19:18:36',2),(1449,2,954,'2017-07-20 19:18:52',2),(1450,2,959,'2017-07-20 19:26:12',2),(1451,2,964,'2017-07-20 19:28:18',2),(1452,2,969,'2017-07-20 19:32:09',2),(1453,2,974,'2017-07-20 19:32:16',2),(1454,2,979,'2017-07-20 19:32:18',2),(1455,2,984,'2017-07-20 19:32:21',2),(1456,2,989,'2017-07-20 19:39:23',2),(1457,2,994,'2017-07-20 19:39:53',2),(1458,2,999,'2017-07-20 19:40:30',2),(1459,2,1004,'2017-07-20 19:40:37',2),(1460,2,1009,'2017-07-20 19:41:11',2),(1461,2,1014,'2017-07-20 19:42:48',2),(1462,2,1019,'2017-07-20 19:43:44',2),(1463,2,1024,'2017-07-20 19:52:49',2),(1464,1,112,'2017-07-22 09:13:44',2),(1465,1,189,'2017-07-22 09:13:49',2),(1466,1,194,'2017-07-22 09:27:52',2),(1467,1,199,'2017-07-22 09:30:26',2),(1468,1,112,'2017-07-22 10:32:50',2),(1469,1,189,'2017-07-22 10:32:53',2),(1470,1,112,'2017-07-22 10:38:48',2),(1471,1,189,'2017-07-22 10:38:51',2),(1472,1,194,'2017-07-22 10:38:53',2),(1473,2,199,'2017-07-22 10:41:51',2),(1474,1,145,'2017-07-23 12:09:14',2),(1475,1,204,'2017-07-23 12:11:27',2),(1476,1,209,'2017-07-23 12:11:44',2),(1477,1,214,'2017-07-23 12:12:53',2),(1478,1,112,'2017-07-24 07:53:18',2),(1479,1,189,'2017-07-24 07:59:17',2),(1480,2,194,'2017-07-24 08:01:12',2),(1481,2,199,'2017-07-24 08:01:22',2),(1482,1,204,'2017-07-24 08:08:52',2),(1483,1,209,'2017-07-24 08:09:12',2),(1484,1,214,'2017-07-24 08:09:16',2),(1485,1,219,'2017-07-24 08:10:39',2),(1486,1,224,'2017-07-24 08:16:32',2),(1487,1,229,'2017-07-24 08:16:34',2),(1488,1,249,'2017-07-24 08:17:01',2),(1489,1,254,'2017-07-24 08:18:48',2),(1490,1,259,'2017-07-24 08:19:04',2),(1491,1,112,'2017-07-24 08:40:14',2),(1492,1,189,'2017-07-24 08:40:28',2),(1493,1,194,'2017-07-24 08:41:34',2),(1494,1,199,'2017-07-24 08:45:57',2),(1495,1,204,'2017-07-24 08:46:23',2),(1496,1,209,'2017-07-24 08:47:28',2),(1497,1,214,'2017-07-24 08:47:31',2),(1498,1,219,'2017-07-24 08:47:34',2),(1499,1,224,'2017-07-24 08:47:36',2),(1500,1,229,'2017-07-24 08:47:37',2),(1501,2,234,'2017-07-24 08:50:30',2),(1502,2,239,'2017-07-24 08:50:43',2),(1503,2,259,'2017-07-24 08:50:54',2),(1504,1,264,'2017-07-24 08:56:29',2),(1505,1,269,'2017-07-24 08:57:21',2),(1506,1,274,'2017-07-24 08:57:22',2),(1507,1,279,'2017-07-24 08:58:25',2),(1508,1,284,'2017-07-24 08:58:57',2),(1509,1,289,'2017-07-24 08:59:50',2),(1510,1,294,'2017-07-24 09:03:06',2),(1511,1,145,'2017-07-24 09:48:11',2),(1512,2,204,'2017-07-24 09:48:18',2),(1513,2,145,'2017-07-24 10:11:44',2),(1514,2,204,'2017-07-24 10:11:47',2),(1515,2,112,'2017-07-24 10:28:15',2),(1516,2,204,'2017-07-24 10:28:20',2),(1517,2,209,'2017-07-24 10:28:21',2),(1518,2,214,'2017-07-24 10:28:29',2),(1519,2,219,'2017-07-24 10:28:34',2),(1520,1,112,'2017-07-24 11:50:25',2),(1521,1,189,'2017-07-24 11:52:36',2),(1522,2,194,'2017-07-24 11:52:54',2),(1523,1,199,'2017-07-24 11:59:05',2),(1524,1,204,'2017-07-24 11:59:08',2),(1525,2,209,'2017-07-24 11:59:39',2),(1526,2,229,'2017-07-24 12:09:01',2),(1527,2,234,'2017-07-24 12:14:49',2),(1528,1,239,'2017-07-24 12:16:24',2),(1529,2,244,'2017-07-24 12:16:30',2),(1530,1,249,'2017-07-24 12:16:36',2),(1531,2,254,'2017-07-24 12:17:45',2),(1532,2,259,'2017-07-24 12:34:37',1),(1533,1,112,'2017-07-24 12:42:00',2),(1534,1,112,'2017-07-24 12:45:40',2),(1535,1,189,'2017-07-24 12:50:50',2),(1536,1,194,'2017-07-24 12:51:45',2),(1537,2,199,'2017-07-24 12:51:51',2),(1538,2,219,'2017-07-24 12:52:01',2),(1539,1,224,'2017-07-24 12:56:09',2),(1540,2,229,'2017-07-24 12:56:14',2),(1541,1,234,'2017-07-24 12:57:13',2),(1542,1,239,'2017-07-24 12:57:16',2),(1543,1,244,'2017-07-24 12:58:58',2),(1544,2,249,'2017-07-24 12:59:02',2),(1545,2,254,'2017-07-24 13:03:07',2),(1546,1,259,'2017-07-24 13:03:46',2),(1547,2,264,'2017-07-24 13:03:57',2),(1548,1,269,'2017-07-24 13:04:03',2),(1549,2,274,'2017-07-24 13:04:10',2),(1550,1,279,'2017-07-24 13:04:29',2),(1551,2,284,'2017-07-24 13:05:02',2),(1552,2,289,'2017-07-24 13:05:13',2),(1553,1,294,'2017-07-24 13:05:19',2),(1554,1,299,'2017-07-24 13:05:20',2),(1555,2,304,'2017-07-24 13:07:18',2),(1556,2,309,'2017-07-24 13:11:28',2),(1557,2,112,'2017-07-24 13:35:32',2),(1558,2,189,'2017-07-24 13:35:44',2),(1559,2,209,'2017-07-24 13:35:57',2),(1560,1,214,'2017-07-24 13:36:01',2),(1561,2,219,'2017-07-24 13:36:09',2),(1562,1,224,'2017-07-24 13:36:11',2),(1563,1,115,'2017-07-24 14:07:18',2),(1564,1,189,'2017-07-24 14:07:26',2),(1565,1,194,'2017-07-24 14:16:37',2),(1566,2,199,'2017-07-24 14:16:47',2),(1567,1,204,'2017-07-24 14:21:39',2),(1568,2,209,'2017-07-24 14:21:43',2),(1569,2,214,'2017-07-24 14:21:48',2),(1570,2,219,'2017-07-24 14:21:51',2),(1571,2,224,'2017-07-24 14:21:54',2),(1572,2,229,'2017-07-24 14:21:57',2),(1573,1,234,'2017-07-24 14:37:13',2),(1574,2,239,'2017-07-24 14:37:20',2),(1575,2,244,'2017-07-24 14:42:42',2),(1576,2,249,'2017-07-24 14:47:21',2),(1577,2,254,'2017-07-24 14:47:30',2),(1578,1,259,'2017-07-24 14:48:38',2),(1579,1,145,'2017-07-24 20:10:33',2),(1580,1,204,'2017-07-24 20:10:57',2),(1581,1,209,'2017-07-24 20:11:10',2),(1582,1,115,'2017-07-25 08:28:56',2),(1583,2,189,'2017-07-25 08:38:32',2),(1584,2,194,'2017-07-25 08:38:37',2),(1585,1,199,'2017-07-25 08:48:43',2),(1586,2,219,'2017-07-25 08:48:48',2),(1587,2,224,'2017-07-25 08:48:56',2),(1588,2,229,'2017-07-25 08:49:04',2),(1589,2,234,'2017-07-25 08:49:45',2),(1590,1,239,'2017-07-25 08:49:47',2),(1591,2,244,'2017-07-25 08:49:50',2),(1592,1,249,'2017-07-25 09:06:14',2),(1593,2,254,'2017-07-25 09:06:20',2),(1594,1,259,'2017-07-25 09:08:27',2),(1595,2,264,'2017-07-25 09:08:33',2),(1596,2,269,'2017-07-25 09:08:43',2),(1597,3,274,'2017-07-25 09:24:11',2),(1598,3,279,'2017-07-25 09:24:22',2),(1599,3,284,'2017-07-25 09:24:36',2),(1600,1,289,'2017-07-25 09:24:44',2),(1601,3,294,'2017-07-25 09:24:49',2),(1602,3,299,'2017-07-25 09:24:57',2),(1603,1,304,'2017-07-25 09:35:17',2),(1604,1,309,'2017-07-25 09:35:34',2),(1605,1,314,'2017-07-25 09:36:08',2),(1606,1,319,'2017-07-25 09:38:42',2),(1607,1,324,'2017-07-25 09:40:40',2),(1608,1,329,'2017-07-25 09:41:26',2),(1609,1,334,'2017-07-25 09:42:18',2),(1610,1,339,'2017-07-25 09:43:05',2),(1611,1,344,'2017-07-25 09:43:53',2),(1612,1,349,'2017-07-25 09:44:41',2),(1613,1,354,'2017-07-25 09:49:43',2),(1614,1,359,'2017-07-25 10:10:09',2),(1615,1,364,'2017-07-25 10:13:55',2),(1616,1,369,'2017-07-25 10:19:07',2),(1617,1,374,'2017-07-25 10:32:22',2),(1618,1,379,'2017-07-25 10:46:34',2),(1619,1,384,'2017-07-25 10:47:09',2),(1620,3,389,'2017-07-25 10:47:35',2),(1621,3,394,'2017-07-25 10:47:47',2),(1622,3,399,'2017-07-25 10:47:50',2),(1623,3,404,'2017-07-25 10:48:14',2),(1624,3,409,'2017-07-25 10:51:24',2),(1625,3,414,'2017-07-25 10:51:47',2),(1626,3,419,'2017-07-25 10:52:15',2),(1627,3,424,'2017-07-25 10:52:33',2),(1628,3,429,'2017-07-25 10:53:23',2),(1629,3,434,'2017-07-25 10:53:34',2),(1630,1,439,'2017-07-25 10:57:51',2),(1631,1,115,'2017-07-25 13:44:20',2),(1632,1,189,'2017-07-25 13:46:49',2),(1633,1,194,'2017-07-25 13:47:47',2),(1634,1,199,'2017-07-25 13:48:28',2),(1635,1,204,'2017-07-25 13:54:39',2),(1636,1,209,'2017-07-25 13:56:04',2),(1637,1,214,'2017-07-25 13:57:14',2),(1638,1,219,'2017-07-25 14:05:42',2),(1639,1,224,'2017-07-25 14:06:36',2),(1640,1,229,'2017-07-25 14:06:49',2),(1641,1,234,'2017-07-25 14:07:00',2),(1642,1,239,'2017-07-25 14:08:59',2),(1643,1,244,'2017-07-25 14:09:40',2),(1644,1,249,'2017-07-25 14:10:38',2),(1645,1,254,'2017-07-25 14:12:49',2),(1646,1,259,'2017-07-25 14:13:32',2),(1647,1,264,'2017-07-25 14:14:09',2),(1648,1,269,'2017-07-25 14:18:40',2),(1649,1,274,'2017-07-25 14:23:10',2),(1650,1,279,'2017-07-25 14:24:48',2),(1651,1,284,'2017-07-25 14:26:17',2),(1652,1,289,'2017-07-25 14:27:53',2),(1653,1,294,'2017-07-25 14:31:14',2),(1654,1,299,'2017-07-25 14:41:14',2),(1655,1,304,'2017-07-25 14:43:40',2),(1656,1,309,'2017-07-25 14:45:29',2),(1657,1,314,'2017-07-25 14:47:06',2),(1658,1,319,'2017-07-25 15:30:57',2),(1659,1,324,'2017-07-25 15:34:58',2),(1660,3,329,'2017-07-25 15:35:42',2),(1661,3,334,'2017-07-25 15:35:49',2),(1662,3,354,'2017-07-25 15:35:58',2),(1663,3,359,'2017-07-25 15:36:32',2),(1664,3,364,'2017-07-25 15:36:44',2),(1665,3,369,'2017-07-25 15:37:14',2),(1666,3,374,'2017-07-25 15:37:24',2),(1667,1,379,'2017-07-25 15:37:40',2),(1668,3,384,'2017-07-25 15:38:05',2),(1669,3,389,'2017-07-25 15:42:38',2),(1670,3,394,'2017-07-25 15:42:41',2),(1671,3,399,'2017-07-25 15:42:44',2),(1672,1,404,'2017-07-25 15:43:21',2),(1673,1,409,'2017-07-25 15:46:55',2),(1674,1,414,'2017-07-25 15:46:58',2),(1675,1,419,'2017-07-25 15:47:07',2),(1676,1,424,'2017-07-25 15:47:50',2),(1677,1,429,'2017-07-25 15:47:56',2),(1678,1,434,'2017-07-25 15:48:14',2),(1679,1,439,'2017-07-25 15:48:33',2),(1680,3,444,'2017-07-25 15:49:05',2),(1681,1,449,'2017-07-25 15:56:19',2),(1682,3,454,'2017-07-25 15:56:25',2),(1683,3,459,'2017-07-25 15:56:35',2),(1684,1,464,'2017-07-25 15:57:02',2),(1685,1,469,'2017-07-25 15:57:06',2),(1686,1,474,'2017-07-25 15:57:17',2),(1687,3,479,'2017-07-25 15:57:28',2),(1688,1,484,'2017-07-25 15:57:58',2),(1689,3,489,'2017-07-25 15:58:04',2),(1690,1,494,'2017-07-25 15:58:10',2),(1691,1,499,'2017-07-25 16:09:59',2),(1692,1,504,'2017-07-25 16:10:56',2),(1693,1,509,'2017-07-25 16:10:59',2),(1694,3,514,'2017-07-25 16:14:26',2),(1695,1,519,'2017-07-25 16:27:34',2),(1696,1,524,'2017-07-25 16:37:08',2),(1697,1,529,'2017-07-25 16:37:30',2),(1698,1,534,'2017-07-25 16:37:35',2),(1699,1,539,'2017-07-25 16:38:27',2),(1700,1,544,'2017-07-25 16:38:39',2),(1701,1,549,'2017-07-25 16:38:46',2),(1702,1,554,'2017-07-25 16:40:07',2),(1703,1,559,'2017-07-25 16:40:58',2),(1704,1,564,'2017-07-25 16:41:28',2),(1705,1,569,'2017-07-25 16:41:38',2),(1706,1,574,'2017-07-25 16:42:28',2),(1707,1,579,'2017-07-25 16:44:55',2),(1708,1,584,'2017-07-25 16:45:14',2),(1709,1,589,'2017-07-25 16:47:47',2),(1710,1,594,'2017-07-25 16:50:49',2),(1711,1,599,'2017-07-25 16:57:59',2),(1712,1,604,'2017-07-25 16:58:14',2),(1713,1,609,'2017-07-25 16:59:04',2),(1714,1,614,'2017-07-25 16:59:49',2),(1715,1,619,'2017-07-25 17:01:14',2),(1716,1,624,'2017-07-25 17:01:25',2),(1717,1,629,'2017-07-25 17:07:16',2),(1718,2,634,'2017-07-25 17:07:31',2),(1719,2,639,'2017-07-25 17:07:36',2),(1720,2,644,'2017-07-25 17:07:43',2),(1721,1,649,'2017-07-25 17:08:08',2),(1722,2,654,'2017-07-25 17:08:29',2),(1723,2,659,'2017-07-25 17:08:48',2),(1724,2,664,'2017-07-25 17:09:22',2),(1725,1,669,'2017-07-25 17:09:35',2),(1726,2,674,'2017-07-25 17:09:42',2),(1727,1,115,'2017-07-26 09:44:06',2),(1728,1,189,'2017-07-26 09:44:17',2),(1729,1,194,'2017-07-26 09:47:44',2),(1730,1,199,'2017-07-26 09:48:00',2),(1731,1,204,'2017-07-26 09:48:28',2),(1732,1,224,'2017-07-26 09:52:39',2),(1733,2,229,'2017-07-26 09:57:47',2),(1734,2,234,'2017-07-26 09:57:50',2),(1735,2,239,'2017-07-26 09:58:16',2),(1736,2,244,'2017-07-26 09:58:27',2),(1737,1,249,'2017-07-26 10:06:51',2),(1738,1,254,'2017-07-26 10:22:29',2),(1739,1,259,'2017-07-26 10:44:01',2),(1740,1,264,'2017-07-26 10:44:13',2),(1741,1,269,'2017-07-26 10:44:32',2),(1742,1,274,'2017-07-26 10:44:50',2),(1743,1,279,'2017-07-26 10:45:13',2),(1744,1,284,'2017-07-26 10:46:18',2),(1745,2,289,'2017-07-26 10:49:05',2),(1746,2,294,'2017-07-26 10:49:09',2),(1747,2,299,'2017-07-26 10:49:13',2),(1748,2,304,'2017-07-26 10:51:16',2),(1749,1,309,'2017-07-26 10:51:46',2),(1750,1,314,'2017-07-26 11:02:20',2),(1751,1,319,'2017-07-26 11:13:36',2),(1752,1,324,'2017-07-26 11:25:01',2),(1753,1,329,'2017-07-26 11:26:57',2),(1754,1,334,'2017-07-26 11:32:00',2),(1755,1,339,'2017-07-26 11:33:52',2),(1756,1,344,'2017-07-26 11:33:54',2),(1757,1,349,'2017-07-26 11:36:49',2),(1758,1,354,'2017-07-26 11:36:51',2),(1759,1,359,'2017-07-26 11:36:56',2),(1760,1,364,'2017-07-26 11:37:19',2),(1761,1,369,'2017-07-26 11:37:23',2),(1762,1,374,'2017-07-26 11:37:35',2),(1763,1,379,'2017-07-26 11:37:47',2),(1764,1,384,'2017-07-26 11:37:55',2),(1765,1,389,'2017-07-26 11:37:56',2),(1766,1,394,'2017-07-26 11:37:59',2),(1767,1,399,'2017-07-26 11:38:12',2),(1768,1,404,'2017-07-26 11:38:17',2),(1769,1,409,'2017-07-26 11:38:23',2),(1770,1,414,'2017-07-26 11:39:28',2),(1771,1,419,'2017-07-26 11:39:30',2),(1772,1,424,'2017-07-26 11:39:32',2),(1773,1,429,'2017-07-26 11:39:34',2),(1774,59,434,'2017-07-26 11:48:26',2),(1775,59,439,'2017-07-26 12:07:48',2),(1776,59,444,'2017-07-26 12:10:02',2),(1777,60,449,'2017-07-26 12:40:55',2),(1778,60,454,'2017-07-26 12:42:09',2),(1779,60,459,'2017-07-26 12:43:10',2),(1780,60,464,'2017-07-26 12:43:27',2),(1781,60,469,'2017-07-26 12:43:32',2),(1782,60,474,'2017-07-26 12:45:28',2),(1783,60,479,'2017-07-26 12:45:46',2),(1784,60,484,'2017-07-26 12:46:08',2),(1785,1,489,'2017-07-26 12:46:27',2),(1786,1,494,'2017-07-26 12:46:32',2),(1787,1,499,'2017-07-26 12:49:06',2),(1788,60,504,'2017-07-26 12:49:44',2),(1789,1,509,'2017-07-26 12:49:47',2),(1790,60,514,'2017-07-26 12:50:10',2),(1791,1,519,'2017-07-26 12:50:13',2),(1792,1,524,'2017-07-26 13:05:06',2),(1793,1,529,'2017-07-26 13:05:11',2),(1794,1,534,'2017-07-26 13:06:12',2),(1795,1,539,'2017-07-26 13:06:23',2),(1796,1,544,'2017-07-26 13:06:57',2),(1797,1,549,'2017-07-26 13:07:03',2),(1798,1,554,'2017-07-26 13:07:15',2),(1799,1,559,'2017-07-26 13:14:17',2),(1800,1,564,'2017-07-26 13:14:26',2),(1801,1,569,'2017-07-26 13:14:36',2),(1802,1,574,'2017-07-26 13:14:38',2),(1803,1,579,'2017-07-26 13:14:40',2),(1804,1,584,'2017-07-26 13:20:33',2),(1805,1,589,'2017-07-26 13:20:44',2),(1806,1,594,'2017-07-26 13:22:01',2),(1807,1,599,'2017-07-26 13:22:06',2),(1808,1,604,'2017-07-26 13:22:44',2),(1809,1,609,'2017-07-26 13:22:58',2),(1810,1,614,'2017-07-26 13:30:33',2),(1811,1,619,'2017-07-26 13:30:48',2),(1812,1,624,'2017-07-26 15:08:08',2),(1813,1,629,'2017-07-26 15:08:21',2),(1814,1,634,'2017-07-26 15:20:30',2),(1815,2,639,'2017-07-26 15:20:43',2),(1816,2,644,'2017-07-26 15:33:24',2),(1817,2,649,'2017-07-26 15:33:37',2),(1818,2,654,'2017-07-26 15:33:44',2),(1819,1,659,'2017-07-26 15:33:54',2),(1820,2,664,'2017-07-26 15:34:08',2),(1821,1,669,'2017-07-26 15:34:52',2),(1822,2,674,'2017-07-26 15:34:56',2),(1823,1,679,'2017-07-26 15:35:02',2),(1824,2,684,'2017-07-26 15:35:06',2),(1825,1,689,'2017-07-26 15:35:50',2),(1826,2,694,'2017-07-26 15:35:55',2),(1827,1,699,'2017-07-26 15:36:00',2),(1828,2,704,'2017-07-26 15:36:03',2),(1829,1,709,'2017-07-26 15:36:27',2),(1830,2,714,'2017-07-26 15:36:31',2),(1831,1,719,'2017-07-26 15:37:12',2),(1832,2,724,'2017-07-26 15:37:17',2),(1833,1,729,'2017-07-26 15:38:05',2),(1834,2,734,'2017-07-26 15:38:09',2),(1835,1,739,'2017-07-26 15:38:13',2),(1836,2,744,'2017-07-26 15:38:17',2),(1837,1,749,'2017-07-26 15:40:16',2),(1838,2,754,'2017-07-26 15:40:21',2),(1839,1,759,'2017-07-26 15:40:32',2),(1840,2,764,'2017-07-26 15:40:37',2),(1841,1,769,'2017-07-26 15:41:13',2),(1842,2,774,'2017-07-26 15:41:38',2),(1843,1,779,'2017-07-26 15:42:46',2),(1844,1,784,'2017-07-26 15:43:40',2),(1845,2,789,'2017-07-26 15:43:45',2),(1846,1,794,'2017-07-26 15:43:52',2),(1847,2,799,'2017-07-26 15:43:57',2),(1848,1,804,'2017-07-26 15:45:32',2),(1849,1,809,'2017-07-26 15:47:15',2),(1850,2,814,'2017-07-26 15:47:20',2),(1851,1,819,'2017-07-26 15:48:38',2),(1852,2,824,'2017-07-26 15:48:42',2),(1853,2,829,'2017-07-26 15:49:14',2),(1854,2,834,'2017-07-26 15:49:26',2),(1855,1,839,'2017-07-26 15:58:19',2),(1856,1,844,'2017-07-26 16:11:08',2),(1857,1,849,'2017-07-26 16:23:49',2),(1858,1,854,'2017-07-26 16:23:52',2),(1859,1,859,'2017-07-26 16:23:57',2),(1860,2,864,'2017-07-26 16:26:47',2),(1861,2,869,'2017-07-26 16:27:02',2),(1862,2,874,'2017-07-26 16:27:10',2),(1863,1,879,'2017-07-26 17:24:00',2),(1864,1,884,'2017-07-26 17:24:04',2),(1865,1,889,'2017-07-26 17:24:10',2),(1866,1,894,'2017-07-26 17:26:26',2),(1867,3,899,'2017-07-26 17:26:58',2),(1868,3,904,'2017-07-26 17:27:01',2),(1869,2,909,'2017-07-26 17:27:23',2),(1870,2,914,'2017-07-26 17:27:29',2),(1871,2,919,'2017-07-26 17:27:56',2),(1872,2,924,'2017-07-26 17:28:01',2),(1873,2,929,'2017-07-26 17:28:04',2),(1874,2,934,'2017-07-26 17:28:07',2),(1875,2,939,'2017-07-26 17:28:11',2),(1876,1,944,'2017-07-26 17:30:13',2),(1877,1,949,'2017-07-26 17:30:41',2),(1878,1,954,'2017-07-26 17:30:54',2),(1879,1,959,'2017-07-26 17:31:15',2),(1880,1,964,'2017-07-26 17:31:29',2),(1881,60,969,'2017-07-26 17:35:03',2),(1882,60,974,'2017-07-26 17:35:16',2),(1883,60,979,'2017-07-26 17:41:36',2),(1884,60,984,'2017-07-26 17:41:38',2),(1885,60,989,'2017-07-26 17:41:50',2),(1886,60,994,'2017-07-26 17:43:45',2),(1887,60,999,'2017-07-26 17:45:30',2),(1888,1,1004,'2017-07-26 17:51:44',2),(1889,60,1009,'2017-07-26 17:51:52',2),(1890,60,1014,'2017-07-26 17:51:55',2),(1891,60,1019,'2017-07-26 17:51:56',2),(1892,60,1024,'2017-07-26 17:56:21',2),(1893,60,1029,'2017-07-26 17:59:16',2),(1894,60,1034,'2017-07-26 18:02:56',2),(1895,60,1039,'2017-07-26 18:05:57',2),(1896,60,1044,'2017-07-26 18:06:03',2),(1897,60,1049,'2017-07-26 18:07:43',2),(1898,60,1054,'2017-07-26 18:08:07',2),(1899,60,1059,'2017-07-26 18:08:31',2),(1900,60,1064,'2017-07-26 18:10:37',2),(1901,60,1069,'2017-07-26 18:13:08',2),(1902,1,1074,'2017-07-26 18:15:29',2),(1903,60,1079,'2017-07-26 18:15:51',2),(1904,60,1084,'2017-07-26 18:15:58',2),(1905,60,1089,'2017-07-26 18:21:07',2),(1906,60,1094,'2017-07-26 18:21:44',2),(1907,60,1099,'2017-07-26 18:24:17',2),(1908,60,1104,'2017-07-26 18:25:36',2),(1909,1,1109,'2017-07-26 18:31:08',2),(1910,60,1114,'2017-07-26 18:31:26',2),(1911,60,1119,'2017-07-26 18:34:37',2),(1912,60,1124,'2017-07-26 18:36:55',2),(1913,1,1129,'2017-07-26 18:49:08',2),(1914,1,1134,'2017-07-26 18:59:59',2),(1915,60,1139,'2017-07-26 19:00:02',2),(1916,60,1144,'2017-07-26 19:08:54',2),(1917,60,1149,'2017-07-26 19:09:02',2),(1918,60,1154,'2017-07-26 19:09:15',2),(1919,60,1159,'2017-07-26 19:10:08',2),(1920,1,1164,'2017-07-26 19:37:43',2),(1921,60,1169,'2017-07-26 19:37:46',2),(1922,2,1174,'2017-07-26 19:53:10',2),(1923,1,1179,'2017-07-26 19:53:20',2),(1924,2,1184,'2017-07-26 19:53:32',2),(1925,2,1189,'2017-07-26 19:53:43',2),(1926,2,1194,'2017-07-26 19:53:48',2),(1927,2,1199,'2017-07-26 19:53:52',2),(1928,2,1204,'2017-07-26 19:53:56',2),(1929,2,1209,'2017-07-26 19:56:16',2),(1930,2,1214,'2017-07-26 19:57:35',2),(1931,1,1219,'2017-07-26 19:58:38',2),(1932,2,1224,'2017-07-26 19:58:44',2),(1933,2,1229,'2017-07-26 19:58:48',2),(1934,2,1234,'2017-07-26 19:58:54',2),(1935,1,1239,'2017-07-26 19:59:05',2),(1936,1,1244,'2017-07-26 20:00:11',2),(1937,1,1249,'2017-07-26 20:00:26',2),(1938,2,1254,'2017-07-26 20:00:34',2),(1939,2,1259,'2017-07-26 20:00:39',2),(1940,2,1264,'2017-07-26 20:00:42',2),(1941,2,1269,'2017-07-26 20:00:46',2),(1942,1,1274,'2017-07-26 20:00:49',2),(1943,1,1279,'2017-07-26 20:11:23',2),(1944,2,1284,'2017-07-26 20:11:32',2),(1945,1,1289,'2017-07-26 20:11:34',2),(1946,2,1294,'2017-07-26 20:11:40',2),(1947,2,1299,'2017-07-26 20:11:43',2),(1948,2,1304,'2017-07-26 20:11:47',2),(1949,2,1309,'2017-07-26 20:11:58',2),(1950,1,1314,'2017-07-26 20:12:07',2),(1951,1,1319,'2017-07-26 20:12:20',2),(1952,1,1324,'2017-07-26 20:13:31',2),(1953,2,1329,'2017-07-26 20:13:37',2),(1954,2,1334,'2017-07-26 20:13:40',2),(1955,2,1339,'2017-07-26 20:13:44',2),(1956,1,1344,'2017-07-26 20:13:49',2),(1957,1,1349,'2017-07-26 20:15:27',2),(1958,1,1354,'2017-07-26 20:15:31',2),(1959,1,1359,'2017-07-26 20:15:39',2),(1960,1,1364,'2017-07-26 20:16:00',2),(1961,2,1369,'2017-07-26 20:16:05',2),(1962,2,1374,'2017-07-26 20:16:14',2),(1963,1,1379,'2017-07-26 20:16:24',2),(1964,1,1384,'2017-07-26 20:17:22',2),(1965,1,1389,'2017-07-26 20:17:50',2),(1966,1,1394,'2017-07-26 20:18:13',2),(1967,2,1399,'2017-07-26 20:18:26',2),(1968,1,1404,'2017-07-26 20:18:51',2),(1969,1,1409,'2017-07-26 20:18:55',2),(1970,1,1414,'2017-07-26 20:19:00',2),(1971,1,1419,'2017-07-26 20:23:15',2),(1972,1,1424,'2017-07-26 20:23:28',2),(1973,1,1429,'2017-07-26 20:23:36',2),(1974,1,1434,'2017-07-26 20:23:58',2),(1975,1,1439,'2017-07-26 20:24:10',2),(1976,60,1444,'2017-07-26 20:24:42',2),(1977,60,1449,'2017-07-26 20:24:48',2),(1978,60,1454,'2017-07-26 20:24:55',2),(1979,60,1459,'2017-07-26 20:25:04',2),(1980,2,115,'2017-07-27 11:40:29',2),(1981,2,189,'2017-07-27 11:41:34',2),(1982,2,209,'2017-07-27 11:41:37',2),(1983,2,214,'2017-07-27 11:41:41',2),(1984,1,219,'2017-07-27 11:41:47',2),(1985,1,224,'2017-07-27 11:42:16',2),(1986,1,229,'2017-07-27 11:42:51',2),(1987,2,234,'2017-07-27 11:42:56',2),(1988,1,239,'2017-07-27 11:49:11',2),(1989,1,244,'2017-07-27 11:49:36',2),(1990,1,249,'2017-07-27 11:54:15',2),(1991,1,254,'2017-07-27 11:54:25',2),(1992,1,259,'2017-07-27 11:55:16',2),(1993,1,264,'2017-07-27 11:55:29',2),(1994,1,269,'2017-07-27 11:56:00',2),(1995,1,274,'2017-07-27 11:56:23',2),(1996,1,279,'2017-07-27 11:56:27',2),(1997,1,284,'2017-07-27 11:56:30',2),(1998,2,289,'2017-07-27 11:56:37',2),(1999,2,294,'2017-07-27 11:56:44',2),(2000,1,299,'2017-07-27 11:56:50',2),(2001,1,304,'2017-07-27 12:03:15',2),(2002,1,309,'2017-07-27 12:04:16',2),(2003,2,314,'2017-07-27 12:04:20',2),(2004,2,319,'2017-07-27 12:04:25',2),(2005,1,324,'2017-07-27 12:04:29',2),(2006,1,329,'2017-07-27 12:13:22',2),(2007,1,334,'2017-07-27 12:13:56',2),(2008,1,339,'2017-07-27 12:13:57',2),(2009,2,344,'2017-07-27 12:14:05',2),(2010,2,349,'2017-07-27 12:14:09',2),(2011,1,354,'2017-07-27 12:14:12',2),(2012,1,359,'2017-07-27 12:16:00',2),(2013,1,364,'2017-07-27 12:16:07',2),(2014,2,369,'2017-07-27 12:16:13',2),(2015,2,374,'2017-07-27 12:16:17',2),(2016,1,379,'2017-07-27 12:16:26',2),(2017,1,384,'2017-07-27 12:17:01',2),(2018,2,389,'2017-07-27 12:17:05',2),(2019,1,394,'2017-07-27 12:17:11',2),(2020,1,399,'2017-07-27 12:20:19',2),(2021,1,404,'2017-07-27 12:20:25',2),(2022,2,409,'2017-07-27 12:20:32',2),(2023,2,414,'2017-07-27 12:20:37',2),(2024,1,419,'2017-07-27 12:20:42',2),(2025,1,424,'2017-07-27 12:22:12',2),(2026,2,429,'2017-07-27 12:22:19',2),(2027,2,434,'2017-07-27 12:22:26',2),(2028,2,439,'2017-07-27 12:22:31',2),(2029,1,444,'2017-07-27 12:22:36',2),(2030,1,449,'2017-07-27 12:24:08',2),(2031,1,454,'2017-07-27 12:24:11',2),(2032,2,459,'2017-07-27 12:24:19',2),(2033,2,464,'2017-07-27 12:24:24',2),(2034,1,469,'2017-07-27 12:24:31',2),(2035,1,474,'2017-07-27 12:24:57',2),(2036,1,479,'2017-07-27 13:55:20',2),(2037,1,484,'2017-07-27 13:55:23',2),(2038,1,489,'2017-07-27 13:56:42',2),(2039,1,494,'2017-07-27 14:02:30',2),(2040,1,499,'2017-07-27 14:04:24',2),(2041,1,504,'2017-07-27 14:04:49',2),(2042,1,509,'2017-07-27 14:05:37',2),(2043,1,514,'2017-07-27 14:05:55',2),(2044,1,519,'2017-07-27 14:15:14',2),(2045,1,524,'2017-07-27 14:15:54',2),(2046,1,529,'2017-07-27 14:16:00',2),(2047,1,534,'2017-07-27 14:18:38',2),(2048,1,539,'2017-07-27 14:18:45',2),(2049,1,544,'2017-07-27 14:19:46',2),(2050,1,549,'2017-07-27 14:19:53',2),(2051,1,554,'2017-07-27 14:36:08',2),(2052,1,559,'2017-07-27 14:36:20',2),(2053,1,564,'2017-07-27 14:36:24',2),(2054,1,569,'2017-07-27 14:36:29',2),(2055,1,574,'2017-07-27 14:36:41',2),(2056,1,579,'2017-07-27 14:40:43',2),(2057,1,584,'2017-07-27 14:41:25',2),(2058,1,589,'2017-07-27 14:42:17',2),(2059,1,594,'2017-07-27 14:42:53',2),(2060,1,599,'2017-07-27 14:43:31',2),(2061,1,604,'2017-07-27 14:43:54',2),(2062,1,609,'2017-07-27 14:44:10',2),(2063,1,614,'2017-07-27 14:47:14',2),(2064,1,619,'2017-07-27 14:52:23',2),(2065,1,624,'2017-07-27 14:52:40',2),(2066,1,629,'2017-07-27 14:52:49',2),(2067,1,634,'2017-07-27 14:53:05',2),(2068,1,639,'2017-07-27 14:53:25',2),(2069,1,644,'2017-07-27 14:54:19',2),(2070,1,649,'2017-07-27 14:54:26',2),(2071,1,654,'2017-07-27 14:54:45',2),(2072,1,659,'2017-07-27 14:55:04',2),(2073,1,664,'2017-07-27 14:55:25',2),(2074,1,669,'2017-07-27 14:55:34',2),(2075,1,674,'2017-07-27 14:59:02',2),(2076,1,679,'2017-07-27 14:59:26',2),(2077,1,684,'2017-07-27 14:59:33',2),(2078,1,689,'2017-07-27 14:59:45',2),(2079,1,694,'2017-07-27 15:00:00',2),(2080,1,699,'2017-07-27 15:00:04',2),(2081,1,707,'2017-07-27 15:00:10',2),(2082,1,712,'2017-07-27 15:00:15',2),(2083,1,717,'2017-07-27 15:00:19',2),(2084,1,722,'2017-07-27 15:00:24',2),(2085,1,727,'2017-07-27 15:00:31',2),(2086,1,732,'2017-07-27 15:02:08',2),(2087,1,737,'2017-07-27 15:02:14',2),(2088,1,742,'2017-07-27 15:02:28',2),(2089,1,747,'2017-07-27 15:03:34',2),(2090,1,752,'2017-07-27 15:17:16',2),(2091,1,757,'2017-07-27 15:17:20',2),(2092,1,762,'2017-07-27 15:17:56',2),(2093,1,767,'2017-07-27 15:18:01',2),(2094,1,772,'2017-07-27 15:18:07',2),(2095,1,777,'2017-07-27 15:18:14',2),(2096,1,782,'2017-07-27 15:18:20',2),(2097,1,787,'2017-07-27 15:24:11',2),(2098,1,792,'2017-07-27 15:24:17',2),(2099,1,797,'2017-07-27 15:25:01',2),(2100,1,802,'2017-07-27 15:25:09',2),(2101,1,807,'2017-07-27 15:25:37',2),(2102,1,812,'2017-07-27 15:26:45',2),(2103,1,817,'2017-07-27 15:27:00',2),(2104,1,822,'2017-07-27 15:27:12',2),(2105,1,827,'2017-07-27 15:31:48',2),(2106,1,832,'2017-07-27 15:31:57',2),(2107,1,837,'2017-07-27 15:32:08',2),(2108,1,842,'2017-07-27 15:32:52',2),(2109,1,847,'2017-07-27 15:32:58',2),(2110,1,852,'2017-07-27 15:33:05',2),(2111,1,857,'2017-07-27 15:33:10',2),(2112,2,862,'2017-07-27 16:23:19',2),(2113,2,867,'2017-07-27 16:23:24',2),(2114,2,872,'2017-07-27 16:30:48',2),(2115,2,877,'2017-07-27 16:31:22',2),(2116,2,882,'2017-07-27 16:32:35',2),(2117,2,887,'2017-07-27 16:33:57',2),(2118,2,892,'2017-07-27 16:34:04',2),(2119,2,897,'2017-07-27 16:34:56',2),(2120,2,902,'2017-07-27 16:36:05',2),(2121,2,907,'2017-07-27 16:36:27',2),(2122,2,912,'2017-07-27 16:37:50',2),(2123,2,917,'2017-07-27 16:38:34',2),(2124,2,922,'2017-07-27 16:49:31',2),(2125,2,927,'2017-07-27 16:50:32',2),(2126,2,932,'2017-07-27 16:50:49',2),(2127,2,937,'2017-07-27 16:54:53',2),(2128,2,942,'2017-07-27 16:56:59',2),(2129,2,947,'2017-07-27 16:59:22',2),(2130,2,952,'2017-07-27 17:02:17',2),(2131,2,957,'2017-07-27 17:03:34',2),(2132,2,962,'2017-07-27 17:03:50',2),(2133,2,967,'2017-07-27 17:04:00',2),(2134,2,972,'2017-07-27 17:04:43',2),(2135,2,977,'2017-07-27 17:04:53',2),(2136,2,982,'2017-07-27 17:05:01',2),(2137,2,987,'2017-07-27 17:05:05',2),(2138,2,992,'2017-07-27 17:05:10',2),(2139,2,997,'2017-07-27 17:05:14',2),(2140,2,1002,'2017-07-27 17:05:18',2),(2141,1,1007,'2017-07-27 17:06:35',2),(2142,1,1012,'2017-07-27 17:06:41',2),(2143,1,1017,'2017-07-27 17:06:48',2),(2144,1,1022,'2017-07-27 17:07:26',2),(2145,1,1027,'2017-07-27 17:08:49',2),(2146,1,1032,'2017-07-27 17:16:01',2),(2147,1,1037,'2017-07-27 17:16:40',2),(2148,1,1042,'2017-07-27 17:16:48',2),(2149,1,1047,'2017-07-27 17:16:57',2),(2150,1,1052,'2017-07-27 17:17:08',2),(2151,2,1057,'2017-07-27 17:17:47',2),(2152,2,1062,'2017-07-27 17:17:56',2),(2153,2,1067,'2017-07-27 17:18:00',2),(2154,2,1072,'2017-07-27 17:18:10',2),(2155,2,1077,'2017-07-27 17:18:51',2),(2156,2,1082,'2017-07-27 17:18:57',2),(2157,2,1087,'2017-07-27 17:19:04',2),(2158,2,1092,'2017-07-27 17:28:03',2),(2159,2,1097,'2017-07-27 17:28:09',2),(2160,2,1102,'2017-07-27 17:28:28',2),(2161,2,1107,'2017-07-27 17:28:40',2),(2162,2,1112,'2017-07-27 17:28:48',2),(2163,2,1117,'2017-07-27 17:29:03',2),(2164,2,1122,'2017-07-27 17:29:14',2),(2165,1,1127,'2017-07-27 17:38:09',2),(2166,1,1132,'2017-07-27 17:38:14',2),(2167,1,1137,'2017-07-27 17:38:38',2),(2168,1,1142,'2017-07-27 17:39:18',2),(2169,2,1147,'2017-07-27 17:39:26',2),(2170,2,1152,'2017-07-27 17:39:37',2),(2171,1,1157,'2017-07-27 17:39:41',2),(2172,1,1162,'2017-07-27 17:41:17',2),(2173,2,1167,'2017-07-27 17:41:22',2),(2174,1,1172,'2017-07-27 17:41:27',2),(2175,1,1177,'2017-07-27 17:46:21',2),(2176,2,1182,'2017-07-27 17:46:37',2),(2177,1,1187,'2017-07-27 17:47:13',2),(2178,2,1192,'2017-07-27 17:47:21',2),(2179,2,1197,'2017-07-27 17:47:45',2),(2180,2,1202,'2017-07-27 17:47:53',2),(2181,2,1207,'2017-07-27 17:47:59',2),(2182,1,1212,'2017-07-27 17:48:17',2),(2183,2,1217,'2017-07-27 17:48:21',2),(2184,1,1222,'2017-07-27 17:48:33',2),(2185,1,1227,'2017-07-27 17:48:46',2),(2186,2,1232,'2017-07-27 17:49:02',2),(2187,1,1237,'2017-07-27 17:49:05',2),(2188,1,1242,'2017-07-27 17:49:14',2),(2189,2,1247,'2017-07-27 17:49:25',2),(2190,1,145,'2017-07-29 16:17:28',2),(2191,1,204,'2017-07-29 16:17:40',2),(2192,1,209,'2017-07-29 16:36:34',2),(2193,1,214,'2017-07-29 16:36:36',2),(2194,1,115,'2017-07-30 13:38:14',2),(2195,2,189,'2017-07-30 13:38:26',2),(2196,2,194,'2017-07-30 13:38:32',2),(2197,2,214,'2017-07-30 13:38:38',2),(2198,2,219,'2017-07-30 13:38:42',2),(2199,2,224,'2017-07-30 13:38:45',2),(2200,1,229,'2017-07-30 13:38:55',2),(2201,1,234,'2017-07-30 13:44:42',2),(2202,1,239,'2017-07-30 13:44:49',2),(2203,2,244,'2017-07-30 13:44:53',2),(2204,2,249,'2017-07-30 13:44:56',2),(2205,1,254,'2017-07-30 13:45:02',2),(2206,1,259,'2017-07-30 13:47:03',2),(2207,2,115,'2017-07-30 15:56:48',2),(2208,1,189,'2017-07-30 15:56:59',2),(2209,1,194,'2017-07-30 16:07:56',2),(2210,2,199,'2017-07-30 16:08:08',2),(2211,2,204,'2017-07-30 16:08:20',2),(2212,1,209,'2017-07-30 16:13:42',2),(2213,1,214,'2017-07-30 16:21:23',2),(2214,1,219,'2017-07-30 16:41:22',2),(2215,1,224,'2017-07-30 16:41:56',2),(2216,1,229,'2017-07-30 16:42:23',2),(2217,1,234,'2017-07-30 16:44:51',2),(2218,1,239,'2017-07-30 16:49:09',2),(2219,1,244,'2017-07-30 16:57:11',2),(2220,1,249,'2017-07-30 16:58:03',2),(2221,1,254,'2017-07-30 16:58:38',2),(2222,1,115,'2017-07-30 18:47:23',2),(2223,2,189,'2017-07-30 18:47:56',2),(2224,2,194,'2017-07-30 18:48:30',2),(2225,1,199,'2017-07-30 18:55:33',2),(2226,1,204,'2017-07-30 21:21:32',2),(2227,1,209,'2017-07-30 21:21:35',2),(2228,1,214,'2017-07-30 21:21:41',2),(2229,1,219,'2017-07-30 21:41:17',2),(2230,2,224,'2017-07-30 21:41:27',2),(2231,2,229,'2017-07-30 21:44:19',2),(2232,2,234,'2017-07-30 21:44:35',2),(2233,2,239,'2017-07-30 21:46:58',2),(2234,2,115,'2017-07-30 21:48:30',2),(2235,2,115,'2017-07-30 21:53:59',2),(2236,1,115,'2017-07-30 21:56:40',2),(2237,2,189,'2017-07-30 21:56:44',2),(2238,2,194,'2017-07-30 21:56:57',2),(2239,2,199,'2017-07-30 22:10:04',2),(2240,2,204,'2017-07-30 22:10:14',2),(2241,1,209,'2017-07-30 22:10:17',2),(2242,1,115,'2017-07-31 09:23:50',2),(2243,1,189,'2017-07-31 10:30:38',2),(2244,2,194,'2017-07-31 10:32:43',2),(2245,2,199,'2017-07-31 10:33:22',2),(2246,2,204,'2017-07-31 10:33:30',2),(2247,2,209,'2017-07-31 10:34:22',2),(2248,2,115,'2017-07-31 10:35:45',2),(2249,1,189,'2017-07-31 10:35:51',2),(2250,2,194,'2017-07-31 10:36:14',2),(2251,2,115,'2017-07-31 11:01:01',2),(2252,1,189,'2017-07-31 11:01:08',2),(2253,1,194,'2017-07-31 11:01:39',2),(2254,2,199,'2017-07-31 11:01:43',2),(2255,2,115,'2017-07-31 11:03:15',2),(2256,1,189,'2017-07-31 11:03:20',2),(2257,1,115,'2017-07-31 11:27:55',2),(2258,2,189,'2017-07-31 11:28:02',2),(2259,2,212,'2017-07-31 11:28:08',2),(2260,1,217,'2017-07-31 11:28:31',2),(2261,2,222,'2017-07-31 11:28:44',2),(2262,2,227,'2017-07-31 11:29:14',2),(2263,2,232,'2017-07-31 11:29:17',2),(2264,2,237,'2017-07-31 11:29:23',2),(2265,2,242,'2017-07-31 11:29:24',2),(2266,1,247,'2017-07-31 11:29:30',2),(2267,1,252,'2017-07-31 11:29:31',2),(2268,1,257,'2017-07-31 11:29:46',2),(2269,1,262,'2017-07-31 11:29:54',2),(2270,1,267,'2017-07-31 11:29:57',2),(2271,2,272,'2017-07-31 11:30:24',2),(2272,2,277,'2017-07-31 11:30:39',2),(2273,2,282,'2017-07-31 11:30:44',2),(2274,1,287,'2017-07-31 11:30:49',2),(2275,1,292,'2017-07-31 11:30:50',2),(2276,1,297,'2017-07-31 11:30:51',2),(2277,2,302,'2017-07-31 11:38:11',2),(2278,2,307,'2017-07-31 11:38:19',2),(2279,2,312,'2017-07-31 11:38:24',2),(2280,2,317,'2017-07-31 11:43:31',2),(2281,2,322,'2017-07-31 11:43:36',2),(2282,2,327,'2017-07-31 11:43:40',2),(2283,1,332,'2017-07-31 11:43:45',2),(2284,2,337,'2017-07-31 11:44:05',2),(2285,2,345,'2017-07-31 11:44:08',2),(2286,1,350,'2017-07-31 11:44:14',2),(2287,2,355,'2017-07-31 11:44:22',2),(2288,2,360,'2017-07-31 11:44:36',2),(2289,1,365,'2017-07-31 11:46:11',2),(2290,1,370,'2017-07-31 11:48:31',2),(2291,1,375,'2017-07-31 11:49:27',2),(2292,1,380,'2017-07-31 11:59:19',2),(2293,2,385,'2017-07-31 12:00:34',2),(2294,2,390,'2017-07-31 12:00:38',2),(2295,2,395,'2017-07-31 12:00:43',2),(2296,2,400,'2017-07-31 12:02:24',2),(2297,2,405,'2017-07-31 12:02:27',2),(2298,1,410,'2017-07-31 12:02:32',2),(2299,2,415,'2017-07-31 12:03:00',2),(2300,2,420,'2017-07-31 12:03:03',2),(2301,1,425,'2017-07-31 12:03:12',2),(2302,1,430,'2017-07-31 12:04:32',2),(2303,1,435,'2017-07-31 12:04:42',2),(2304,1,440,'2017-07-31 12:04:44',2),(2305,1,445,'2017-07-31 12:08:10',2),(2306,1,450,'2017-07-31 12:08:34',2),(2307,2,455,'2017-07-31 12:08:51',2),(2308,2,460,'2017-07-31 12:08:54',2),(2309,1,465,'2017-07-31 12:29:58',2),(2310,2,470,'2017-07-31 12:30:03',2),(2311,2,475,'2017-07-31 12:30:10',2),(2312,2,480,'2017-07-31 12:31:01',2),(2313,2,485,'2017-07-31 12:31:14',2),(2314,2,490,'2017-07-31 12:31:17',2),(2315,2,495,'2017-07-31 12:44:34',2),(2316,1,500,'2017-07-31 12:44:39',2),(2317,2,505,'2017-07-31 12:44:52',2),(2318,2,510,'2017-07-31 12:45:23',2),(2319,2,515,'2017-07-31 12:45:25',2),(2320,1,520,'2017-07-31 12:45:31',2),(2321,2,525,'2017-07-31 12:46:13',2),(2322,2,530,'2017-07-31 12:46:21',2),(2323,2,535,'2017-07-31 12:46:30',2),(2324,2,115,'2017-07-31 12:50:37',2),(2325,2,207,'2017-07-31 12:50:40',2),(2326,2,115,'2017-07-31 12:52:48',2),(2327,1,115,'2017-07-31 12:53:55',2),(2328,2,189,'2017-07-31 12:53:59',2),(2329,2,212,'2017-07-31 12:54:38',2),(2330,1,217,'2017-07-31 12:58:05',2),(2331,2,222,'2017-07-31 12:58:09',2),(2332,2,227,'2017-07-31 12:58:18',2),(2333,2,232,'2017-07-31 12:58:22',2),(2334,1,237,'2017-07-31 13:01:11',2),(2335,2,242,'2017-07-31 13:01:14',2),(2336,2,247,'2017-07-31 13:01:18',2),(2337,2,252,'2017-07-31 13:01:31',2),(2338,2,257,'2017-07-31 13:01:38',2),(2339,1,262,'2017-07-31 13:02:38',2),(2340,1,267,'2017-07-31 13:02:58',2),(2341,1,272,'2017-07-31 13:13:55',2),(2342,1,277,'2017-07-31 13:47:24',2),(2343,1,282,'2017-07-31 13:48:50',2),(2344,2,287,'2017-07-31 13:49:33',2),(2345,2,292,'2017-07-31 13:49:43',2),(2346,2,297,'2017-07-31 13:50:17',2),(2347,2,302,'2017-07-31 13:50:27',2),(2348,2,309,'2017-07-31 13:51:15',2),(2349,2,314,'2017-07-31 13:51:22',2),(2350,1,319,'2017-07-31 13:51:26',2),(2351,1,324,'2017-07-31 13:52:32',2),(2352,1,329,'2017-07-31 13:55:16',2),(2353,3,334,'2017-07-31 13:55:30',2),(2354,3,339,'2017-07-31 13:56:28',2),(2355,3,344,'2017-07-31 13:56:37',2),(2356,3,349,'2017-07-31 13:58:01',2),(2357,3,354,'2017-07-31 13:58:05',2),(2358,3,359,'2017-07-31 13:58:19',2),(2359,3,364,'2017-07-31 14:00:19',2),(2360,3,369,'2017-07-31 14:00:24',2),(2361,3,374,'2017-07-31 14:00:27',2),(2362,3,379,'2017-07-31 14:00:39',2),(2363,3,384,'2017-07-31 14:00:41',2),(2364,3,389,'2017-07-31 14:01:04',2),(2365,1,394,'2017-07-31 14:01:08',2),(2366,3,399,'2017-07-31 14:14:22',2),(2367,3,404,'2017-07-31 14:14:27',2),(2368,3,409,'2017-07-31 14:14:33',2),(2369,3,414,'2017-07-31 14:14:40',2),(2370,1,419,'2017-07-31 14:15:03',2),(2371,3,424,'2017-07-31 14:15:10',2),(2372,1,429,'2017-07-31 14:15:54',2),(2373,2,434,'2017-07-31 14:16:36',2),(2374,2,439,'2017-07-31 14:16:45',2),(2375,2,444,'2017-07-31 14:16:52',2),(2376,2,449,'2017-07-31 14:17:07',2),(2377,1,454,'2017-07-31 14:17:19',2),(2378,2,459,'2017-07-31 14:17:25',2),(2379,2,464,'2017-07-31 14:17:31',2),(2380,1,469,'2017-07-31 14:17:36',2),(2381,2,474,'2017-07-31 14:17:42',2),(2382,2,479,'2017-07-31 14:17:48',2),(2383,1,484,'2017-07-31 14:17:53',2),(2384,1,115,'2017-07-31 17:36:47',2),(2385,1,189,'2017-07-31 17:36:51',2),(2386,2,194,'2017-07-31 17:38:25',2),(2387,2,199,'2017-07-31 19:50:08',2),(2388,1,204,'2017-07-31 20:02:56',2),(2389,2,209,'2017-07-31 20:03:13',2),(2390,2,229,'2017-07-31 20:03:16',2),(2391,2,234,'2017-07-31 20:03:27',2),(2392,2,239,'2017-07-31 20:03:32',2),(2393,1,244,'2017-07-31 20:06:44',2),(2394,1,249,'2017-07-31 20:06:54',2),(2395,1,254,'2017-07-31 20:09:18',2),(2396,2,259,'2017-07-31 20:09:22',2),(2397,2,264,'2017-07-31 20:09:25',2),(2398,2,269,'2017-07-31 20:09:28',2),(2399,2,274,'2017-07-31 20:09:30',2),(2400,2,279,'2017-07-31 20:09:33',2),(2401,1,284,'2017-07-31 20:09:38',2),(2402,1,289,'2017-07-31 20:09:44',2),(2403,2,299,'2017-07-31 20:45:39',2),(2404,1,304,'2017-07-31 20:45:44',2),(2405,1,309,'2017-07-31 20:45:50',2),(2406,1,314,'2017-07-31 20:46:19',2),(2407,2,319,'2017-07-31 20:46:23',2),(2408,2,324,'2017-07-31 20:46:29',2),(2409,2,329,'2017-07-31 20:46:39',2),(2410,2,334,'2017-07-31 20:46:43',2),(2411,1,339,'2017-07-31 20:47:39',2),(2412,2,344,'2017-07-31 20:48:00',2),(2413,2,349,'2017-07-31 20:48:03',2),(2414,1,354,'2017-07-31 20:57:52',2),(2415,2,359,'2017-07-31 20:58:12',2),(2416,2,364,'2017-07-31 20:58:28',2),(2417,2,369,'2017-07-31 20:58:32',2),(2418,1,374,'2017-07-31 20:58:35',2),(2419,1,379,'2017-07-31 21:00:56',2),(2420,1,384,'2017-07-31 21:02:53',2),(2421,1,389,'2017-07-31 21:38:13',2),(2422,1,394,'2017-07-31 21:38:31',2),(2423,1,399,'2017-07-31 21:38:32',2),(2424,1,404,'2017-07-31 21:38:34',2),(2425,2,409,'2017-07-31 21:41:31',2),(2426,2,414,'2017-07-31 21:41:36',2),(2427,2,419,'2017-07-31 21:41:39',2),(2428,1,424,'2017-07-31 21:42:05',2),(2429,1,429,'2017-07-31 21:43:10',2),(2430,3,434,'2017-07-31 21:43:30',2),(2431,3,439,'2017-07-31 21:43:36',2),(2432,3,444,'2017-07-31 21:43:36',2),(2433,3,449,'2017-07-31 21:43:40',2),(2434,1,454,'2017-07-31 21:43:42',2),(2435,1,459,'2017-07-31 21:46:32',2),(2436,1,115,'2017-08-01 17:32:01',2),(2437,2,189,'2017-08-01 17:32:04',2),(2438,1,194,'2017-08-01 17:32:39',2),(2439,2,217,'2017-08-01 17:32:57',2),(2440,1,222,'2017-08-01 17:33:30',2),(2441,2,227,'2017-08-01 17:33:34',2),(2442,2,232,'2017-08-01 17:33:45',2),(2443,2,237,'2017-08-01 17:33:48',2),(2444,1,242,'2017-08-01 17:34:31',2),(2445,2,247,'2017-08-01 17:34:37',2),(2446,1,252,'2017-08-01 17:34:54',2),(2447,2,257,'2017-08-01 17:34:57',2),(2448,2,262,'2017-08-01 17:35:00',2),(2449,1,267,'2017-08-01 17:35:47',2),(2450,2,272,'2017-08-01 17:35:51',2),(2451,1,277,'2017-08-01 17:36:04',2),(2452,2,282,'2017-08-01 17:36:08',2),(2453,2,287,'2017-08-01 17:36:10',2),(2454,2,292,'2017-08-01 17:37:59',2),(2455,2,297,'2017-08-01 17:38:03',2),(2456,1,302,'2017-08-01 17:38:55',2),(2457,1,307,'2017-08-01 17:39:32',2),(2458,2,312,'2017-08-01 17:39:54',2),(2459,2,317,'2017-08-01 17:39:57',2),(2460,1,322,'2017-08-01 17:40:10',2),(2461,2,327,'2017-08-01 17:40:30',2),(2462,2,332,'2017-08-01 17:40:33',2),(2463,1,337,'2017-08-01 17:54:13',2),(2464,2,342,'2017-08-01 17:54:53',2),(2465,2,347,'2017-08-01 17:54:58',2),(2466,1,352,'2017-08-01 17:55:05',2),(2467,1,357,'2017-08-01 17:55:13',2),(2468,1,362,'2017-08-01 17:55:17',2),(2469,1,367,'2017-08-01 17:55:19',2),(2470,2,372,'2017-08-01 17:55:41',2),(2471,2,377,'2017-08-01 17:55:45',2),(2472,1,382,'2017-08-01 17:58:02',2),(2473,1,387,'2017-08-01 17:58:04',2),(2474,2,392,'2017-08-01 17:58:25',2),(2475,2,397,'2017-08-01 17:58:29',2),(2476,2,402,'2017-08-01 17:58:32',2),(2477,2,407,'2017-08-01 17:59:06',2),(2478,2,412,'2017-08-01 17:59:09',2),(2479,1,417,'2017-08-01 18:05:21',2),(2480,1,422,'2017-08-01 18:06:36',2),(2481,1,427,'2017-08-01 18:06:40',2),(2482,1,432,'2017-08-01 18:06:51',2),(2483,2,437,'2017-08-01 18:07:07',2),(2484,2,442,'2017-08-01 18:07:10',2),(2485,2,447,'2017-08-01 18:07:13',2),(2486,1,452,'2017-08-01 18:07:15',2),(2487,2,457,'2017-08-01 18:07:19',2),(2488,1,462,'2017-08-01 18:09:24',2),(2489,2,467,'2017-08-01 18:09:43',2),(2490,2,472,'2017-08-01 18:09:47',2),(2491,1,477,'2017-08-01 18:12:31',2),(2492,1,482,'2017-08-01 18:12:34',2),(2493,1,487,'2017-08-01 18:12:46',2),(2494,1,492,'2017-08-01 18:12:55',2),(2495,1,497,'2017-08-01 18:13:01',2),(2496,1,502,'2017-08-01 18:13:11',2),(2497,2,507,'2017-08-01 18:13:17',2),(2498,2,512,'2017-08-01 18:13:21',2),(2499,1,517,'2017-08-01 18:15:38',2),(2500,1,522,'2017-08-01 18:16:15',2),(2501,1,527,'2017-08-01 18:16:18',2),(2502,1,532,'2017-08-01 18:16:22',2),(2503,2,537,'2017-08-01 18:16:38',2),(2504,2,542,'2017-08-01 18:16:43',2),(2505,1,547,'2017-08-01 18:18:20',2),(2506,1,552,'2017-08-01 18:18:23',2),(2507,1,557,'2017-08-01 18:18:28',2),(2508,2,562,'2017-08-01 18:18:34',2),(2509,2,567,'2017-08-01 18:18:37',2),(2510,1,572,'2017-08-01 18:20:35',2),(2511,1,577,'2017-08-01 18:20:39',2),(2512,1,582,'2017-08-01 18:20:43',2),(2513,2,587,'2017-08-01 18:21:20',2),(2514,2,592,'2017-08-01 18:21:30',2),(2515,1,597,'2017-08-01 18:21:34',2),(2516,2,602,'2017-08-01 18:21:37',2),(2517,1,607,'2017-08-01 19:02:38',2),(2518,1,612,'2017-08-01 19:06:48',2),(2519,1,619,'2017-08-01 19:06:54',2),(2520,1,624,'2017-08-01 19:36:10',2),(2521,1,629,'2017-08-01 19:38:36',2),(2522,1,634,'2017-08-01 19:38:39',2),(2523,1,639,'2017-08-01 19:39:52',2),(2524,1,644,'2017-08-01 19:39:55',2),(2525,1,649,'2017-08-01 19:39:59',2),(2526,1,654,'2017-08-01 19:40:03',2),(2527,1,659,'2017-08-01 19:40:11',2),(2528,1,664,'2017-08-01 19:40:14',2),(2529,1,669,'2017-08-01 19:40:18',2),(2530,1,674,'2017-08-01 19:40:29',2),(2531,1,679,'2017-08-01 19:40:34',2),(2532,1,684,'2017-08-01 19:40:53',2),(2533,1,689,'2017-08-01 19:40:57',2),(2534,1,694,'2017-08-01 19:41:00',2),(2535,1,699,'2017-08-01 19:41:06',2),(2536,1,704,'2017-08-01 19:41:14',2),(2537,1,709,'2017-08-01 19:41:23',2),(2538,1,714,'2017-08-01 19:41:36',2),(2539,1,719,'2017-08-01 19:42:18',2),(2540,1,724,'2017-08-01 19:42:26',2),(2541,1,729,'2017-08-01 19:42:39',2),(2542,1,734,'2017-08-01 19:42:42',2),(2543,1,739,'2017-08-01 19:42:45',2),(2544,1,744,'2017-08-01 19:45:36',2),(2545,1,749,'2017-08-01 19:45:42',2),(2546,1,754,'2017-08-01 19:45:57',2),(2547,1,759,'2017-08-01 19:46:10',2),(2548,1,764,'2017-08-01 19:47:23',2),(2549,1,769,'2017-08-01 19:47:28',2),(2550,1,774,'2017-08-01 19:47:36',2),(2551,1,779,'2017-08-01 19:48:40',2),(2552,1,784,'2017-08-01 19:48:45',2),(2553,1,789,'2017-08-01 19:49:04',2),(2554,1,794,'2017-08-01 19:49:23',2),(2555,1,799,'2017-08-01 19:49:48',2),(2556,1,804,'2017-08-01 19:52:59',2),(2557,1,809,'2017-08-01 19:53:07',2),(2558,1,814,'2017-08-01 19:53:11',2),(2559,1,819,'2017-08-01 19:53:30',2),(2560,1,824,'2017-08-01 19:53:48',2),(2561,1,829,'2017-08-01 19:53:50',2),(2562,1,834,'2017-08-01 19:53:54',2),(2563,1,839,'2017-08-01 19:54:47',2),(2564,1,844,'2017-08-01 19:54:52',2),(2565,1,849,'2017-08-01 19:57:57',2),(2566,1,854,'2017-08-01 20:05:17',2),(2567,1,859,'2017-08-01 20:06:11',2),(2568,1,864,'2017-08-01 20:06:20',2),(2569,1,869,'2017-08-01 20:09:22',2),(2570,1,874,'2017-08-01 20:09:28',2),(2571,1,879,'2017-08-01 20:09:42',2),(2572,1,884,'2017-08-01 20:09:47',2),(2573,1,889,'2017-08-01 20:10:17',2),(2574,1,894,'2017-08-01 20:10:21',2),(2575,1,899,'2017-08-01 20:10:59',2),(2576,1,904,'2017-08-01 20:11:11',2),(2577,1,909,'2017-08-01 20:11:56',2),(2578,1,914,'2017-08-01 20:13:14',2),(2579,1,919,'2017-08-01 20:13:16',2),(2580,1,924,'2017-08-01 20:13:22',2),(2581,1,929,'2017-08-01 20:14:16',2),(2582,1,934,'2017-08-01 20:15:37',2),(2583,1,939,'2017-08-01 20:17:30',2),(2584,1,944,'2017-08-01 20:17:56',2),(2585,1,949,'2017-08-01 20:18:27',2),(2586,1,954,'2017-08-01 20:20:33',2),(2587,1,959,'2017-08-01 20:20:39',2),(2588,1,964,'2017-08-01 20:20:50',2),(2589,1,969,'2017-08-01 20:20:56',2),(2590,1,974,'2017-08-01 20:21:33',2),(2591,1,979,'2017-08-01 20:21:39',2),(2592,1,984,'2017-08-01 20:22:03',2),(2593,1,989,'2017-08-01 20:22:19',2),(2594,1,994,'2017-08-01 20:25:32',2),(2595,1,999,'2017-08-01 20:25:35',2),(2596,1,1004,'2017-08-01 20:26:09',2),(2597,1,1009,'2017-08-01 20:27:31',2),(2598,1,1014,'2017-08-01 20:28:10',2),(2599,1,1019,'2017-08-01 20:29:14',2),(2600,1,1024,'2017-08-01 20:29:24',2),(2601,1,1029,'2017-08-01 20:29:40',2),(2602,1,1034,'2017-08-01 20:36:15',2),(2603,1,1039,'2017-08-01 20:36:19',2),(2604,1,1044,'2017-08-01 20:36:24',2),(2605,1,1049,'2017-08-01 20:36:54',2),(2606,1,1054,'2017-08-01 20:40:32',2),(2607,1,1059,'2017-08-01 20:42:03',2),(2608,1,1064,'2017-08-01 20:42:40',2),(2609,1,1069,'2017-08-01 20:42:45',2),(2610,2,1074,'2017-08-01 20:53:11',2),(2611,2,1079,'2017-08-01 20:53:16',2),(2612,2,1084,'2017-08-01 20:53:38',2),(2613,2,1089,'2017-08-01 20:55:34',2),(2614,2,1094,'2017-08-01 20:55:36',2),(2615,2,1099,'2017-08-01 20:55:40',2),(2616,2,1104,'2017-08-01 20:56:01',2),(2617,2,1109,'2017-08-01 20:56:37',2),(2618,2,1114,'2017-08-01 20:56:40',2),(2619,2,1119,'2017-08-01 20:57:03',2),(2620,2,1124,'2017-08-01 20:57:06',2),(2621,2,1129,'2017-08-01 20:57:23',2),(2622,2,1134,'2017-08-01 20:57:26',2),(2623,2,1139,'2017-08-01 20:57:29',2),(2624,2,1144,'2017-08-01 20:57:39',2),(2625,2,1149,'2017-08-01 20:57:41',2),(2626,2,1154,'2017-08-01 21:00:30',2),(2627,2,1159,'2017-08-01 21:00:37',2),(2628,2,1164,'2017-08-01 21:24:51',2),(2629,2,1169,'2017-08-01 21:24:54',2),(2630,1,1174,'2017-08-01 21:25:10',2),(2631,1,1179,'2017-08-01 21:25:21',2),(2632,1,1184,'2017-08-01 21:34:21',2),(2633,1,1189,'2017-08-01 21:34:29',2),(2634,1,1194,'2017-08-01 21:34:32',2),(2635,1,1199,'2017-08-01 21:34:36',2),(2636,1,1204,'2017-08-01 21:35:18',2),(2637,2,1209,'2017-08-01 21:35:32',2),(2638,1,1214,'2017-08-01 21:35:37',2),(2639,1,1219,'2017-08-01 21:37:22',2),(2640,1,115,'2017-08-02 13:46:19',2),(2641,1,189,'2017-08-02 13:46:48',2),(2642,1,194,'2017-08-02 13:55:59',2),(2643,1,199,'2017-08-02 13:57:48',2),(2644,1,204,'2017-08-02 13:58:19',2),(2645,1,209,'2017-08-02 13:58:57',2),(2646,1,214,'2017-08-02 13:59:01',2),(2647,1,219,'2017-08-02 13:59:06',2),(2648,1,224,'2017-08-02 13:59:25',2),(2649,1,229,'2017-08-02 13:59:30',2),(2650,1,234,'2017-08-02 13:59:32',2),(2651,1,239,'2017-08-02 13:59:41',2),(2652,1,244,'2017-08-02 13:59:49',2),(2653,1,249,'2017-08-02 14:02:45',2),(2654,1,254,'2017-08-02 14:02:52',2),(2655,1,259,'2017-08-02 14:03:02',2),(2656,1,264,'2017-08-02 14:03:31',2),(2657,1,269,'2017-08-02 14:04:30',2),(2658,1,274,'2017-08-02 14:05:53',2),(2659,1,279,'2017-08-02 14:06:18',2),(2660,1,284,'2017-08-02 14:06:42',2),(2661,1,289,'2017-08-02 14:06:44',2),(2662,1,294,'2017-08-02 14:06:48',2),(2663,1,299,'2017-08-02 14:10:57',2),(2664,1,304,'2017-08-02 14:27:59',2),(2665,1,309,'2017-08-02 14:28:06',2),(2666,1,314,'2017-08-02 14:28:33',2),(2667,1,319,'2017-08-02 14:28:38',2),(2668,1,324,'2017-08-02 14:29:10',2),(2669,1,329,'2017-08-02 14:29:15',2),(2670,1,334,'2017-08-02 14:29:31',2),(2671,1,339,'2017-08-02 14:29:37',2),(2672,1,344,'2017-08-02 14:29:42',2),(2673,1,349,'2017-08-02 14:30:00',2),(2674,1,354,'2017-08-02 14:30:07',2),(2675,1,359,'2017-08-02 14:30:12',2),(2676,1,364,'2017-08-02 14:30:59',2),(2677,1,369,'2017-08-02 14:31:06',2),(2678,1,374,'2017-08-02 14:31:11',2),(2679,1,379,'2017-08-02 14:31:36',2),(2680,1,384,'2017-08-02 14:31:39',2),(2681,1,389,'2017-08-02 14:31:42',2),(2682,1,394,'2017-08-02 14:31:57',2),(2683,1,399,'2017-08-02 14:32:01',2),(2684,1,404,'2017-08-02 14:32:09',2),(2685,1,409,'2017-08-02 14:32:15',2),(2686,1,414,'2017-08-02 14:33:15',2),(2687,1,419,'2017-08-02 14:33:34',2),(2688,1,424,'2017-08-02 14:34:15',2),(2689,1,429,'2017-08-02 14:34:18',2),(2690,1,434,'2017-08-02 14:34:35',2),(2691,1,439,'2017-08-02 14:40:01',2),(2692,1,444,'2017-08-02 14:40:05',2),(2693,1,449,'2017-08-02 14:40:07',2),(2694,1,454,'2017-08-02 14:40:22',2),(2695,1,459,'2017-08-02 14:40:30',2),(2696,1,464,'2017-08-02 14:40:32',2),(2697,1,469,'2017-08-02 14:45:40',2),(2698,1,474,'2017-08-02 14:46:46',2),(2699,1,479,'2017-08-02 14:46:48',2),(2700,1,484,'2017-08-02 14:48:07',2),(2701,1,489,'2017-08-02 14:48:13',2),(2702,1,494,'2017-08-02 14:48:22',2),(2703,1,499,'2017-08-02 14:48:24',2),(2704,1,504,'2017-08-02 14:50:00',2),(2705,1,509,'2017-08-02 14:55:40',2),(2706,1,514,'2017-08-02 14:56:06',2),(2707,1,519,'2017-08-02 14:56:09',2),(2708,1,524,'2017-08-02 14:57:48',2),(2709,1,529,'2017-08-02 14:57:54',2),(2710,1,534,'2017-08-02 14:57:56',2),(2711,1,539,'2017-08-02 15:05:08',2),(2712,1,544,'2017-08-02 15:05:11',2),(2713,1,549,'2017-08-02 15:05:52',2),(2714,1,554,'2017-08-02 15:05:58',2),(2715,1,559,'2017-08-02 15:06:09',2),(2716,1,564,'2017-08-02 15:06:14',2),(2717,1,569,'2017-08-02 15:06:18',2),(2718,1,574,'2017-08-02 15:06:21',2),(2719,1,579,'2017-08-02 15:06:32',2),(2720,1,584,'2017-08-02 15:06:34',2),(2721,1,589,'2017-08-02 15:06:45',2),(2722,1,594,'2017-08-02 15:06:47',2),(2723,1,599,'2017-08-02 15:08:49',2),(2724,1,604,'2017-08-02 15:12:04',2),(2725,1,609,'2017-08-02 15:16:09',2),(2726,1,614,'2017-08-02 15:16:22',2),(2727,1,619,'2017-08-02 15:16:48',2),(2728,1,624,'2017-08-02 15:16:49',2),(2729,1,629,'2017-08-02 15:16:57',2),(2730,1,634,'2017-08-02 15:16:59',2),(2731,1,639,'2017-08-02 15:17:11',2),(2732,1,644,'2017-08-02 15:17:13',2),(2733,1,649,'2017-08-02 15:35:01',2),(2734,1,654,'2017-08-02 15:35:06',2),(2735,1,659,'2017-08-02 15:35:11',2),(2736,1,115,'2017-08-03 04:33:45',2),(2737,1,189,'2017-08-03 04:33:58',2),(2738,1,194,'2017-08-03 04:34:02',2),(2739,1,199,'2017-08-03 04:34:11',2),(2740,1,204,'2017-08-03 04:34:13',2),(2741,1,209,'2017-08-03 04:34:26',2),(2742,1,214,'2017-08-03 04:34:29',2),(2743,1,219,'2017-08-03 04:35:56',2),(2744,1,224,'2017-08-03 04:39:04',2),(2745,2,229,'2017-08-03 04:39:32',2),(2746,2,234,'2017-08-03 04:39:38',2),(2747,2,239,'2017-08-03 04:39:41',2),(2748,2,244,'2017-08-03 04:58:15',2),(2749,2,249,'2017-08-03 04:58:16',2),(2750,2,254,'2017-08-03 04:59:58',2),(2751,2,259,'2017-08-03 05:00:45',2),(2752,2,279,'2017-08-03 05:00:58',2),(2753,1,284,'2017-08-03 05:01:22',2),(2754,1,289,'2017-08-03 05:01:29',2),(2755,2,294,'2017-08-03 06:21:08',2),(2756,2,299,'2017-08-03 06:21:12',2),(2757,2,304,'2017-08-03 06:21:12',2),(2758,2,309,'2017-08-03 06:21:34',2),(2759,1,314,'2017-08-03 06:43:42',2),(2760,1,319,'2017-08-03 06:43:46',2),(2761,2,324,'2017-08-03 06:43:53',2),(2762,2,329,'2017-08-03 06:43:58',2),(2763,2,334,'2017-08-03 06:56:56',2),(2764,2,339,'2017-08-03 06:57:09',2),(2765,2,344,'2017-08-03 06:57:17',2),(2766,2,349,'2017-08-03 06:57:51',2),(2767,2,354,'2017-08-03 06:58:15',2),(2768,2,359,'2017-08-03 06:59:12',2),(2769,2,364,'2017-08-03 06:59:15',2),(2770,2,369,'2017-08-03 06:59:43',2),(2771,2,374,'2017-08-03 07:00:57',2),(2772,2,379,'2017-08-03 07:01:06',2),(2773,2,384,'2017-08-03 07:05:43',2),(2774,2,389,'2017-08-03 07:06:13',2),(2775,2,394,'2017-08-03 07:45:23',2),(2776,1,399,'2017-08-03 07:45:37',2),(2777,1,404,'2017-08-03 07:45:41',2),(2778,2,409,'2017-08-03 07:45:47',2),(2779,2,414,'2017-08-03 07:45:48',2),(2780,2,419,'2017-08-03 07:46:13',2),(2781,2,424,'2017-08-03 07:46:55',2),(2782,2,429,'2017-08-03 07:55:07',2),(2783,2,434,'2017-08-03 07:55:54',2),(2784,2,439,'2017-08-03 07:55:58',2),(2785,1,444,'2017-08-03 07:57:40',2),(2786,2,449,'2017-08-03 07:57:49',2),(2787,2,454,'2017-08-03 07:59:04',2),(2788,2,459,'2017-08-03 07:59:23',2),(2789,1,464,'2017-08-03 08:06:15',2),(2790,1,469,'2017-08-03 08:09:54',2),(2791,1,474,'2017-08-03 08:10:20',2),(2792,1,479,'2017-08-03 08:23:27',2),(2793,2,484,'2017-08-03 08:23:29',2),(2794,2,489,'2017-08-03 08:23:33',2),(2795,2,494,'2017-08-03 08:23:40',2),(2796,1,499,'2017-08-03 08:45:27',2),(2797,2,504,'2017-08-03 08:45:30',2),(2798,1,509,'2017-08-03 08:49:38',2),(2799,1,514,'2017-08-03 08:49:39',2),(2800,1,519,'2017-08-03 08:49:54',2),(2801,1,524,'2017-08-03 08:50:11',2),(2802,1,529,'2017-08-03 08:50:28',2),(2803,1,534,'2017-08-03 08:51:27',2),(2804,1,539,'2017-08-03 08:55:34',2),(2805,1,544,'2017-08-03 08:59:57',2),(2806,1,549,'2017-08-03 09:00:50',2),(2807,1,554,'2017-08-03 09:01:21',2),(2808,1,559,'2017-08-03 09:15:00',2),(2809,1,564,'2017-08-03 09:16:27',2),(2810,1,569,'2017-08-03 09:16:37',2),(2811,1,574,'2017-08-03 09:17:05',2),(2812,2,579,'2017-08-03 09:17:31',2),(2813,2,584,'2017-08-03 09:20:49',2),(2814,2,589,'2017-08-03 09:20:56',2),(2815,2,594,'2017-08-03 09:21:40',2),(2816,1,599,'2017-08-03 09:21:50',2),(2817,1,604,'2017-08-03 09:37:36',2),(2818,1,609,'2017-08-03 09:38:16',2),(2819,1,614,'2017-08-03 09:38:31',2),(2820,2,619,'2017-08-03 09:38:36',2),(2821,1,624,'2017-08-03 09:38:38',2),(2822,1,629,'2017-08-03 10:13:20',2),(2823,1,634,'2017-08-03 10:13:22',2),(2824,1,639,'2017-08-03 10:16:20',2),(2825,1,644,'2017-08-03 11:17:46',2),(2826,1,649,'2017-08-03 11:17:49',2),(2827,2,654,'2017-08-03 11:18:01',2),(2828,2,659,'2017-08-03 11:18:03',2),(2829,1,664,'2017-08-03 11:19:09',2),(2830,1,669,'2017-08-03 11:23:27',2),(2831,1,674,'2017-08-03 11:23:41',2),(2832,1,679,'2017-08-03 11:23:50',2),(2833,1,684,'2017-08-03 11:26:33',2),(2834,1,689,'2017-08-03 11:26:58',2),(2835,1,694,'2017-08-03 11:27:59',2),(2836,1,699,'2017-08-03 11:28:13',2),(2837,1,704,'2017-08-03 11:28:35',2),(2838,1,709,'2017-08-03 11:29:35',2),(2839,1,714,'2017-08-03 11:30:58',2),(2840,1,719,'2017-08-03 11:31:17',2),(2841,1,724,'2017-08-03 11:31:56',2),(2842,1,729,'2017-08-03 11:32:47',2),(2843,1,734,'2017-08-03 11:33:33',2),(2844,1,739,'2017-08-03 11:34:05',2),(2845,1,744,'2017-08-03 11:35:37',2),(2846,1,749,'2017-08-03 11:36:39',2),(2847,1,754,'2017-08-03 11:37:56',2),(2848,1,759,'2017-08-03 11:39:55',2),(2849,1,764,'2017-08-03 11:40:12',2),(2850,1,769,'2017-08-03 11:59:52',2),(2851,1,115,'2017-08-06 17:36:52',2),(2852,1,189,'2017-08-06 17:37:53',2),(2853,1,194,'2017-08-06 17:38:29',2),(2854,1,199,'2017-08-06 17:40:37',2),(2855,1,204,'2017-08-06 17:40:54',2),(2856,1,209,'2017-08-06 17:45:56',2),(2857,1,214,'2017-08-06 17:46:20',2),(2858,1,219,'2017-08-06 17:47:36',2),(2859,1,224,'2017-08-06 17:47:51',2),(2860,1,229,'2017-08-06 17:48:12',2),(2861,1,234,'2017-08-06 17:48:25',2),(2862,1,239,'2017-08-06 17:50:56',2),(2863,1,244,'2017-08-06 17:52:53',2),(2864,1,249,'2017-08-06 17:52:57',2),(2865,1,254,'2017-08-06 17:53:00',2),(2866,1,259,'2017-08-06 17:53:16',2),(2867,1,264,'2017-08-06 18:00:57',2),(2868,1,269,'2017-08-06 18:01:00',2),(2869,1,274,'2017-08-06 18:01:08',2),(2870,1,279,'2017-08-06 18:01:51',2),(2871,1,284,'2017-08-06 18:02:50',2),(2872,1,289,'2017-08-06 18:02:58',2),(2873,1,294,'2017-08-06 18:03:03',2),(2874,1,299,'2017-08-06 18:03:14',2),(2875,1,304,'2017-08-06 18:03:27',2),(2876,1,309,'2017-08-06 18:04:44',2),(2877,1,314,'2017-08-06 18:04:47',2),(2878,1,319,'2017-08-06 18:04:59',2),(2879,1,324,'2017-08-06 18:05:03',2),(2880,1,329,'2017-08-06 18:05:08',2),(2881,1,334,'2017-08-06 18:05:30',2),(2882,1,339,'2017-08-06 18:30:40',2),(2883,1,344,'2017-08-06 18:33:34',2),(2884,1,349,'2017-08-06 18:48:32',2),(2885,1,354,'2017-08-06 18:58:30',2),(2886,1,359,'2017-08-06 18:58:35',2),(2887,1,364,'2017-08-06 18:58:39',2),(2888,1,369,'2017-08-06 18:58:41',2),(2889,1,374,'2017-08-06 18:58:44',2),(2890,1,379,'2017-08-06 18:59:01',2),(2891,1,384,'2017-08-06 18:59:08',2),(2892,1,389,'2017-08-06 18:59:13',2),(2893,1,394,'2017-08-06 18:59:21',2),(2894,1,399,'2017-08-06 18:59:37',2),(2895,1,404,'2017-08-06 18:59:42',2),(2896,1,409,'2017-08-06 18:59:46',2),(2897,1,414,'2017-08-06 18:59:52',2),(2898,1,419,'2017-08-06 19:01:48',2),(2899,1,424,'2017-08-06 19:02:24',2),(2900,1,429,'2017-08-06 19:02:27',2),(2901,1,434,'2017-08-06 19:08:20',2),(2902,1,439,'2017-08-06 19:08:25',2),(2903,1,444,'2017-08-06 19:08:28',2),(2904,1,449,'2017-08-06 19:09:16',2),(2905,1,454,'2017-08-06 19:09:32',2),(2906,1,459,'2017-08-06 19:12:22',2),(2907,1,464,'2017-08-06 19:12:38',2),(2908,1,469,'2017-08-06 19:12:57',2),(2909,1,474,'2017-08-06 19:14:34',2),(2910,1,479,'2017-08-06 19:14:53',2),(2911,1,484,'2017-08-06 19:16:49',2),(2912,1,489,'2017-08-06 19:17:54',2),(2913,1,494,'2017-08-06 19:39:28',2),(2914,1,499,'2017-08-06 19:41:43',2),(2915,1,504,'2017-08-06 19:41:47',2),(2916,1,509,'2017-08-06 19:41:51',2),(2917,1,514,'2017-08-06 19:41:58',2),(2918,1,519,'2017-08-06 19:42:01',2),(2919,1,524,'2017-08-06 19:42:04',2),(2920,1,529,'2017-08-06 19:42:07',2),(2921,1,534,'2017-08-06 19:42:10',2),(2922,1,539,'2017-08-06 19:43:01',2),(2923,1,544,'2017-08-06 19:44:20',2),(2924,1,549,'2017-08-06 19:44:22',2),(2925,1,554,'2017-08-06 19:44:26',2),(2926,1,559,'2017-08-06 19:44:27',2),(2927,1,564,'2017-08-06 19:44:28',2),(2928,1,569,'2017-08-06 19:44:38',2),(2929,1,574,'2017-08-06 19:44:39',2),(2930,1,579,'2017-08-06 19:44:41',2),(2931,1,584,'2017-08-06 19:44:42',2),(2932,1,589,'2017-08-06 19:44:44',2),(2933,1,594,'2017-08-06 19:44:45',2),(2934,2,115,'2017-08-08 12:59:55',2),(2935,2,189,'2017-08-08 13:00:20',2),(2936,2,194,'2017-08-08 13:01:59',2),(2937,2,199,'2017-08-08 13:02:06',2),(2938,2,204,'2017-08-08 13:03:17',2),(2939,2,209,'2017-08-08 13:03:20',2),(2940,2,214,'2017-08-08 13:03:22',2),(2941,2,219,'2017-08-08 13:04:11',2),(2942,2,224,'2017-08-08 13:05:23',2),(2943,2,229,'2017-08-08 13:05:55',2),(2944,2,234,'2017-08-08 13:05:59',2),(2945,2,239,'2017-08-08 13:09:07',2),(2946,2,244,'2017-08-08 13:09:09',2),(2947,2,249,'2017-08-08 13:09:11',2),(2948,2,254,'2017-08-08 13:09:16',2),(2949,1,259,'2017-08-08 14:15:48',2),(2950,1,264,'2017-08-08 14:15:56',2),(2951,2,269,'2017-08-08 14:16:27',2),(2952,2,274,'2017-08-08 14:16:31',2),(2953,2,279,'2017-08-08 14:16:35',2),(2954,2,284,'2017-08-08 14:16:40',2),(2955,2,289,'2017-08-08 14:17:08',2),(2956,2,146,'2017-08-10 18:56:24',2),(2957,1,205,'2017-08-10 18:56:28',2),(2958,1,210,'2017-08-10 18:56:31',2),(2959,2,215,'2017-08-10 18:56:35',2),(2960,2,220,'2017-08-10 18:56:37',2),(2961,1,225,'2017-08-10 18:57:27',2),(2962,2,230,'2017-08-10 18:57:32',2),(2963,1,235,'2017-08-10 19:21:20',2),(2964,1,240,'2017-08-10 19:21:22',2),(2965,1,245,'2017-08-10 19:25:26',2),(2966,1,250,'2017-08-10 19:29:38',2),(2967,1,255,'2017-08-10 19:30:31',2),(2968,1,260,'2017-08-10 19:30:56',2),(2969,1,265,'2017-08-10 19:31:11',2),(2970,1,270,'2017-08-10 20:05:54',2),(2971,2,275,'2017-08-10 20:06:09',2),(2972,2,280,'2017-08-10 20:06:12',2),(2973,1,285,'2017-08-10 20:07:26',2),(2974,1,290,'2017-08-10 20:10:39',2),(2975,1,295,'2017-08-10 20:11:11',2),(2976,1,300,'2017-08-10 20:11:19',2),(2977,1,305,'2017-08-10 20:19:36',2),(2978,2,310,'2017-08-10 20:19:42',2),(2979,2,315,'2017-08-10 20:21:57',2),(2980,2,320,'2017-08-10 20:22:00',2),(2981,1,325,'2017-08-10 20:22:04',2),(2982,1,115,'2017-08-13 09:41:05',2),(2983,2,189,'2017-08-13 09:41:08',2),(2984,2,194,'2017-08-13 09:41:50',2),(2985,2,199,'2017-08-13 09:41:59',2),(2986,2,204,'2017-08-13 09:42:03',2),(2987,1,209,'2017-08-13 09:43:13',2),(2988,1,214,'2017-08-13 10:15:13',2),(2989,1,219,'2017-08-13 10:15:18',2),(2990,1,224,'2017-08-13 10:15:41',2),(2991,1,229,'2017-08-13 10:20:52',2),(2992,1,234,'2017-08-13 10:21:02',2),(2993,1,239,'2017-08-13 10:22:03',2),(2994,1,244,'2017-08-13 10:23:32',2),(2995,1,249,'2017-08-13 10:23:39',2),(2996,1,254,'2017-08-13 10:23:46',2),(2997,1,259,'2017-08-13 10:39:04',2),(2998,1,264,'2017-08-13 10:39:11',2),(2999,1,269,'2017-08-13 10:40:31',2),(3000,1,274,'2017-08-13 10:49:00',2),(3001,2,279,'2017-08-13 10:49:03',2),(3002,1,284,'2017-08-13 10:49:20',2),(3003,2,289,'2017-08-13 10:49:34',2),(3004,2,294,'2017-08-13 10:49:42',2),(3005,1,299,'2017-08-13 10:52:04',2),(3006,2,304,'2017-08-13 10:52:08',2),(3007,2,309,'2017-08-13 10:52:12',2),(3008,1,314,'2017-08-13 10:53:47',2),(3009,2,319,'2017-08-13 10:53:49',2),(3010,2,324,'2017-08-13 10:54:01',2),(3011,1,329,'2017-08-13 10:55:29',2),(3012,1,334,'2017-08-13 10:56:44',2),(3013,1,339,'2017-08-13 10:56:50',2),(3014,1,344,'2017-08-13 11:07:47',2),(3015,2,349,'2017-08-13 11:07:52',2),(3016,2,354,'2017-08-13 11:07:56',2),(3017,1,359,'2017-08-13 11:09:25',2),(3018,1,364,'2017-08-13 11:09:31',2),(3019,1,369,'2017-08-13 11:11:26',2),(3020,1,374,'2017-08-13 11:11:32',2),(3021,1,379,'2017-08-13 11:13:34',2),(3022,1,384,'2017-08-13 11:13:42',2),(3023,1,389,'2017-08-13 11:19:26',2),(3024,1,394,'2017-08-13 11:21:10',2),(3025,1,399,'2017-08-13 11:22:36',2),(3026,1,404,'2017-08-13 11:22:39',2),(3027,1,409,'2017-08-13 11:23:33',2),(3028,1,115,'2017-08-13 11:56:51',2),(3029,1,115,'2017-08-13 12:09:40',2),(3030,1,207,'2017-08-13 12:09:45',2),(3031,1,212,'2017-08-13 12:11:28',2),(3032,2,217,'2017-08-13 12:11:31',2),(3033,1,222,'2017-08-13 12:11:36',2),(3034,1,150,'2017-08-13 12:15:44',2),(3035,1,209,'2017-08-13 12:18:27',2),(3036,1,214,'2017-08-13 12:18:42',2),(3037,1,115,'2017-08-13 12:20:07',2),(3038,2,189,'2017-08-13 12:20:10',2),(3039,1,214,'2017-08-13 12:20:23',2),(3040,1,219,'2017-08-13 12:40:33',2),(3041,2,224,'2017-08-13 12:40:39',2),(3042,1,115,'2017-08-13 12:41:04',2),(3043,1,209,'2017-08-13 12:41:09',2),(3044,1,214,'2017-08-13 12:43:39',2),(3045,2,219,'2017-08-13 12:47:21',2),(3046,2,224,'2017-08-13 12:47:24',2),(3047,1,229,'2017-08-13 12:55:39',2),(3048,2,234,'2017-08-13 12:55:42',2),(3049,1,239,'2017-08-13 12:55:49',2),(3050,1,244,'2017-08-13 12:58:26',2),(3051,1,249,'2017-08-13 12:58:32',2),(3052,1,254,'2017-08-13 12:58:48',2),(3053,1,259,'2017-08-13 12:58:52',2),(3054,1,264,'2017-08-13 13:01:53',2),(3055,1,269,'2017-08-13 13:01:57',2),(3056,1,115,'2017-08-13 13:05:36',2),(3057,2,189,'2017-08-13 13:05:39',2),(3058,1,214,'2017-08-13 13:05:50',2),(3059,1,219,'2017-08-13 13:09:35',2),(3060,1,224,'2017-08-13 13:09:39',2),(3061,1,115,'2017-08-13 13:41:05',2),(3062,2,189,'2017-08-13 13:41:16',2),(3063,1,194,'2017-08-13 13:41:21',2),(3064,2,199,'2017-08-13 13:41:24',2),(3065,1,204,'2017-08-13 13:41:31',2),(3066,1,229,'2017-08-13 13:41:36',2),(3067,1,115,'2017-08-13 13:44:51',2),(3068,2,189,'2017-08-13 13:44:53',2),(3069,1,115,'2017-08-13 13:50:05',2),(3070,2,189,'2017-08-13 13:50:08',2),(3071,2,115,'2017-08-13 13:58:19',2),(3072,1,189,'2017-08-13 13:58:25',2),(3073,1,212,'2017-08-13 13:58:30',2),(3074,1,115,'2017-08-13 14:01:58',2),(3075,2,189,'2017-08-13 14:02:01',2),(3076,1,212,'2017-08-13 14:02:10',2),(3077,1,217,'2017-08-13 14:13:36',2),(3078,1,222,'2017-08-13 14:13:40',2),(3079,1,227,'2017-08-13 14:14:37',2),(3080,1,232,'2017-08-13 14:14:41',2),(3081,1,237,'2017-08-13 14:20:50',2),(3082,1,242,'2017-08-13 14:20:54',2),(3083,1,115,'2017-08-13 14:25:48',2),(3084,2,189,'2017-08-13 14:25:51',2),(3085,1,213,'2017-08-13 14:26:03',2),(3086,1,115,'2017-08-13 14:27:45',2),(3087,2,189,'2017-08-13 14:27:49',2),(3088,1,213,'2017-08-13 14:27:58',2),(3089,1,115,'2017-08-13 14:32:49',2),(3090,1,115,'2017-08-13 14:40:15',2),(3091,2,189,'2017-08-13 14:40:19',2),(3092,1,115,'2017-08-13 14:42:55',2),(3093,2,189,'2017-08-13 14:42:58',2),(3094,1,115,'2017-08-13 14:46:14',2),(3095,2,189,'2017-08-13 14:46:17',2),(3096,1,115,'2017-08-13 14:47:49',2),(3097,2,189,'2017-08-13 14:47:53',2),(3098,1,214,'2017-08-13 14:47:58',2),(3099,1,115,'2017-08-13 14:49:48',2),(3100,1,209,'2017-08-13 14:49:52',2),(3101,1,115,'2017-08-13 14:51:59',2),(3102,2,189,'2017-08-13 14:52:04',2),(3103,1,194,'2017-08-13 14:52:10',2),(3104,1,199,'2017-08-13 14:52:18',2),(3105,2,204,'2017-08-13 14:52:29',2),(3106,1,115,'2017-08-13 14:52:58',2),(3107,2,189,'2017-08-13 14:53:01',2),(3108,1,194,'2017-08-13 14:53:07',2),(3109,1,115,'2017-08-13 14:54:46',2),(3110,2,189,'2017-08-13 14:54:50',2),(3111,1,115,'2017-08-13 14:57:51',2),(3112,2,189,'2017-08-13 14:57:53',2),(3113,1,214,'2017-08-13 14:57:59',2),(3114,1,219,'2017-08-13 15:27:39',2),(3115,2,224,'2017-08-13 15:27:43',2),(3116,1,115,'2017-08-13 15:28:06',2),(3117,2,189,'2017-08-13 15:28:09',2),(3118,1,194,'2017-08-13 15:30:17',2),(3119,1,219,'2017-08-13 15:30:21',2),(3120,2,115,'2017-08-13 15:31:46',2),(3121,1,189,'2017-08-13 15:31:48',2),(3122,1,214,'2017-08-13 15:31:52',2),(3123,1,219,'2017-08-13 16:05:08',2),(3124,2,224,'2017-08-13 16:05:12',2),(3125,2,115,'2017-08-13 16:05:54',2),(3126,1,189,'2017-08-13 16:05:59',2),(3127,1,214,'2017-08-13 16:06:05',2),(3128,1,219,'2017-08-13 16:08:56',2),(3129,2,224,'2017-08-13 16:12:03',2),(3130,1,229,'2017-08-13 16:12:09',2),(3131,1,234,'2017-08-13 16:12:13',2),(3132,1,239,'2017-08-13 16:51:48',2),(3133,2,244,'2017-08-13 16:51:59',2),(3134,1,249,'2017-08-13 16:52:05',2),(3135,1,254,'2017-08-13 16:52:13',2),(3136,1,259,'2017-08-13 16:58:10',2),(3137,1,264,'2017-08-13 16:58:16',2),(3138,1,269,'2017-08-13 16:58:19',2),(3139,1,274,'2017-08-13 16:58:32',2),(3140,2,279,'2017-08-13 17:02:18',2),(3141,2,284,'2017-08-13 17:02:19',2),(3142,1,289,'2017-08-13 17:03:45',2),(3143,1,294,'2017-08-13 17:04:53',2),(3144,2,299,'2017-08-13 17:04:57',2),(3145,2,304,'2017-08-13 17:05:04',2),(3146,1,309,'2017-08-13 17:05:09',2),(3147,1,314,'2017-08-13 17:05:14',2),(3148,2,319,'2017-08-13 17:05:56',2),(3149,2,324,'2017-08-13 17:05:56',2),(3150,1,115,'2017-08-14 06:35:03',2),(3151,1,189,'2017-08-14 06:35:55',2),(3152,1,194,'2017-08-14 07:47:24',2),(3153,1,199,'2017-08-14 07:47:35',2),(3154,1,204,'2017-08-14 07:52:47',2),(3155,1,209,'2017-08-14 07:55:43',2),(3156,1,214,'2017-08-14 08:41:01',2),(3157,1,219,'2017-08-14 08:42:14',2),(3158,1,224,'2017-08-14 08:44:00',2),(3159,1,229,'2017-08-14 08:44:16',2),(3160,1,234,'2017-08-14 08:44:18',2),(3161,1,239,'2017-08-14 08:45:06',2),(3162,1,244,'2017-08-14 08:45:31',2),(3163,1,249,'2017-08-14 08:46:11',2),(3164,1,254,'2017-08-14 08:46:30',2),(3165,1,259,'2017-08-14 08:46:32',2),(3166,1,264,'2017-08-14 08:48:20',2),(3167,1,269,'2017-08-14 08:48:29',2),(3168,1,274,'2017-08-14 08:51:57',2),(3169,1,279,'2017-08-14 09:12:53',2),(3170,1,284,'2017-08-14 09:13:24',2),(3171,1,289,'2017-08-14 09:13:36',2),(3172,1,294,'2017-08-14 09:14:00',2),(3173,1,299,'2017-08-14 09:14:48',2),(3174,1,304,'2017-08-14 09:22:19',2),(3175,1,309,'2017-08-14 09:26:30',2),(3176,1,314,'2017-08-14 09:27:47',2),(3177,1,319,'2017-08-14 09:29:42',2),(3178,1,324,'2017-08-14 09:39:28',2),(3179,1,329,'2017-08-14 09:39:44',2),(3180,1,334,'2017-08-14 09:54:13',2),(3181,1,339,'2017-08-14 09:55:33',2),(3182,1,344,'2017-08-14 09:56:18',2),(3183,1,349,'2017-08-14 10:02:21',2),(3184,1,354,'2017-08-14 10:02:41',2),(3185,1,359,'2017-08-14 10:29:38',2),(3186,1,364,'2017-08-14 10:31:30',2),(3187,1,369,'2017-08-14 10:33:35',2),(3188,1,374,'2017-08-14 10:35:36',2),(3189,1,379,'2017-08-14 10:35:51',2),(3190,1,384,'2017-08-14 10:36:09',2),(3191,1,389,'2017-08-14 10:38:34',2),(3192,1,394,'2017-08-14 10:40:01',2),(3193,1,399,'2017-08-14 10:40:29',2),(3194,1,404,'2017-08-14 10:41:15',2),(3195,1,409,'2017-08-14 10:42:05',2),(3196,1,414,'2017-08-14 10:43:07',2),(3197,1,419,'2017-08-14 10:46:23',2),(3198,1,424,'2017-08-14 10:48:00',2),(3199,1,429,'2017-08-14 10:52:56',2),(3200,1,434,'2017-08-14 10:53:24',2),(3201,1,439,'2017-08-14 10:53:50',2),(3202,1,444,'2017-08-14 10:55:43',2),(3203,1,449,'2017-08-14 10:56:00',2),(3204,1,454,'2017-08-14 10:56:53',2),(3205,1,459,'2017-08-14 10:57:33',2),(3206,1,115,'2017-08-14 11:54:55',2),(3207,1,189,'2017-08-14 11:55:02',2),(3208,1,194,'2017-08-14 11:55:16',2),(3209,1,199,'2017-08-14 12:09:33',2),(3210,1,204,'2017-08-14 12:10:29',2),(3211,1,209,'2017-08-14 12:10:31',2),(3212,1,214,'2017-08-14 12:11:01',2),(3213,1,219,'2017-08-14 12:11:16',2),(3214,1,224,'2017-08-14 12:11:19',2),(3215,1,229,'2017-08-14 12:33:24',2),(3216,1,234,'2017-08-14 13:24:19',2),(3217,1,239,'2017-08-14 13:54:09',2),(3218,1,244,'2017-08-14 13:55:57',2),(3219,1,249,'2017-08-14 13:56:44',2),(3220,1,254,'2017-08-14 13:58:59',2),(3221,1,259,'2017-08-14 14:00:15',2),(3222,1,264,'2017-08-14 14:01:08',2),(3223,1,269,'2017-08-14 14:07:58',2),(3224,1,274,'2017-08-14 14:08:03',2),(3225,1,279,'2017-08-14 14:08:06',2),(3226,1,284,'2017-08-14 14:08:10',2),(3227,1,289,'2017-08-14 14:08:11',2),(3228,1,115,'2017-08-14 17:17:08',2),(3229,1,189,'2017-08-14 17:17:12',2),(3230,2,194,'2017-08-14 17:17:16',2),(3231,1,213,'2017-08-14 17:24:01',2),(3232,2,218,'2017-08-14 17:24:06',2),(3233,2,223,'2017-08-14 17:24:44',2),(3234,2,228,'2017-08-14 17:24:45',2),(3235,2,233,'2017-08-14 17:29:15',2),(3236,2,238,'2017-08-14 17:29:33',2),(3237,2,243,'2017-08-14 17:55:57',2),(3238,1,248,'2017-08-14 17:56:01',2),(3239,2,253,'2017-08-14 17:56:16',2),(3240,2,258,'2017-08-14 17:56:53',2),(3241,2,263,'2017-08-14 17:58:03',2),(3242,2,268,'2017-08-14 17:59:42',2),(3243,1,145,'2017-08-15 12:21:10',2),(3244,1,204,'2017-08-15 12:21:28',2),(3245,2,209,'2017-08-15 12:21:50',2),(3246,2,214,'2017-08-15 12:22:24',2),(3247,2,219,'2017-08-15 12:22:24',2),(3248,2,224,'2017-08-15 12:28:18',2),(3249,2,229,'2017-08-15 12:28:46',2),(3250,2,234,'2017-08-15 12:29:26',2),(3251,2,239,'2017-08-15 12:30:16',2),(3252,1,244,'2017-08-15 12:30:20',2),(3253,1,249,'2017-08-15 13:22:20',2),(3254,1,254,'2017-08-15 13:22:27',2),(3255,2,259,'2017-08-15 13:22:40',2),(3256,2,264,'2017-08-15 13:22:43',1),(3257,2,269,'2017-08-15 13:22:43',2),(3258,2,274,'2017-08-15 13:23:01',2),(3259,2,279,'2017-08-15 13:23:03',2),(3260,2,284,'2017-08-15 13:23:13',2),(3261,2,289,'2017-08-15 13:23:51',2),(3262,2,294,'2017-08-15 13:23:51',2),(3263,2,299,'2017-08-15 13:23:57',2),(3264,1,304,'2017-08-15 13:24:17',2),(3265,2,309,'2017-08-15 13:24:31',2),(3266,2,314,'2017-08-15 13:26:00',2),(3267,2,319,'2017-08-15 13:26:03',2),(3268,2,324,'2017-08-15 13:26:04',2),(3269,1,329,'2017-08-15 13:26:11',2),(3270,1,334,'2017-08-15 13:35:58',2),(3271,1,339,'2017-08-15 13:36:18',2),(3272,2,344,'2017-08-15 13:36:27',2),(3273,1,349,'2017-08-15 13:36:32',2),(3274,1,354,'2017-08-15 13:36:56',2),(3275,2,359,'2017-08-15 13:37:12',2),(3276,1,364,'2017-08-15 13:37:26',2),(3277,1,369,'2017-08-15 13:38:31',2),(3278,1,374,'2017-08-15 13:40:58',2),(3279,1,379,'2017-08-15 14:16:18',2),(3280,2,384,'2017-08-15 14:17:03',2),(3281,2,389,'2017-08-15 14:17:05',2),(3282,1,394,'2017-08-15 14:17:09',2),(3283,1,399,'2017-08-15 14:36:42',2),(3284,1,404,'2017-08-15 14:37:37',2),(3285,1,409,'2017-08-15 14:43:13',2),(3286,1,414,'2017-08-15 14:43:31',2),(3287,1,419,'2017-08-15 14:43:47',2),(3288,1,424,'2017-08-15 14:44:01',2),(3289,1,429,'2017-08-15 14:44:06',2),(3290,1,434,'2017-08-15 14:44:43',2),(3291,2,439,'2017-08-15 14:44:53',2),(3292,1,444,'2017-08-15 14:45:57',2),(3293,1,449,'2017-08-15 14:46:15',2),(3294,1,454,'2017-08-15 14:46:21',2),(3295,1,459,'2017-08-15 14:46:29',2),(3296,2,464,'2017-08-15 14:46:39',2),(3297,1,469,'2017-08-15 14:48:13',2),(3298,2,474,'2017-08-15 14:49:31',2),(3299,2,479,'2017-08-15 14:49:50',2),(3300,1,484,'2017-08-15 14:50:24',2),(3301,1,489,'2017-08-15 14:50:34',2),(3302,1,494,'2017-08-15 14:50:39',2),(3303,1,499,'2017-08-15 14:50:51',2),(3304,1,504,'2017-08-15 14:51:11',2),(3305,1,509,'2017-08-15 14:53:32',2),(3306,1,514,'2017-08-15 14:53:43',2),(3307,1,519,'2017-08-15 14:53:55',2),(3308,1,524,'2017-08-15 14:54:14',2),(3309,1,529,'2017-08-15 14:54:25',2),(3310,1,534,'2017-08-15 14:54:39',2),(3311,1,539,'2017-08-15 15:13:15',2),(3312,1,544,'2017-08-15 15:13:30',2),(3313,2,549,'2017-08-15 15:13:40',2),(3314,1,554,'2017-08-15 15:13:53',2),(3315,1,559,'2017-08-15 15:14:03',2),(3316,1,564,'2017-08-15 15:14:30',2),(3317,1,569,'2017-08-15 15:18:43',2),(3318,1,574,'2017-08-15 15:18:59',2),(3319,2,579,'2017-08-15 15:19:03',2),(3320,1,584,'2017-08-15 15:19:50',2),(3321,1,589,'2017-08-15 15:20:47',2),(3322,1,594,'2017-08-15 15:42:25',2),(3323,2,599,'2017-08-15 15:42:28',2),(3324,1,604,'2017-08-15 15:44:39',2),(3325,1,609,'2017-08-15 15:45:10',2),(3326,1,614,'2017-08-15 15:46:11',2),(3327,1,619,'2017-08-15 15:46:38',2),(3328,1,624,'2017-08-15 15:57:20',2),(3329,1,629,'2017-08-15 15:57:37',2),(3330,2,634,'2017-08-15 15:57:48',2),(3331,2,115,'2017-08-15 17:29:18',2),(3332,2,189,'2017-08-15 17:31:14',2),(3333,2,194,'2017-08-15 17:37:38',2),(3334,2,199,'2017-08-15 17:38:48',2),(3335,2,204,'2017-08-15 17:42:05',2),(3336,2,209,'2017-08-15 17:52:24',2),(3337,1,214,'2017-08-15 18:44:02',2),(3338,1,219,'2017-08-15 18:45:06',2),(3339,2,224,'2017-08-15 18:45:49',2),(3340,1,229,'2017-08-15 21:04:51',2),(3341,2,145,'2017-08-16 14:55:47',2),(3342,1,204,'2017-08-16 14:55:52',2),(3343,1,209,'2017-08-16 14:55:59',2),(3344,1,214,'2017-08-16 14:56:07',2),(3345,1,221,'2017-08-16 14:56:30',2),(3346,2,226,'2017-08-16 14:59:24',2),(3347,1,231,'2017-08-16 14:59:45',2),(3348,1,236,'2017-08-16 15:00:18',2),(3349,1,246,'2017-08-16 15:00:25',2),(3350,2,251,'2017-08-16 15:00:53',2),(3351,1,256,'2017-08-16 15:02:04',2),(3352,1,261,'2017-08-16 15:02:12',2),(3353,1,266,'2017-08-16 15:14:39',2),(3354,2,271,'2017-08-16 15:14:43',2),(3355,2,278,'2017-08-16 15:15:43',2),(3356,2,283,'2017-08-16 15:16:15',2),(3357,1,288,'2017-08-16 15:16:22',2),(3358,1,293,'2017-08-16 15:16:29',2),(3359,1,298,'2017-08-16 15:51:27',2),(3360,2,303,'2017-08-16 15:51:31',2),(3361,1,308,'2017-08-16 15:52:03',2),(3362,2,313,'2017-08-16 15:52:08',2),(3363,1,318,'2017-08-16 15:52:14',2),(3364,2,145,'2017-08-17 11:43:07',2),(3365,1,204,'2017-08-17 11:43:10',2),(3366,2,209,'2017-08-17 11:50:52',2),(3367,2,214,'2017-08-17 12:12:31',2),(3368,2,219,'2017-08-17 12:12:35',2),(3369,2,224,'2017-08-17 12:12:39',2),(3370,2,229,'2017-08-17 12:30:30',2),(3371,1,234,'2017-08-17 12:33:14',2),(3372,1,239,'2017-08-17 14:32:57',2),(3373,2,244,'2017-08-17 14:33:16',2),(3374,1,249,'2017-08-17 14:33:55',2),(3375,1,254,'2017-08-17 14:34:27',2),(3376,1,259,'2017-08-17 14:36:31',2),(3377,1,269,'2017-08-17 14:36:38',2),(3378,2,274,'2017-08-17 14:36:57',2),(3379,1,279,'2017-08-17 14:37:19',2),(3380,1,284,'2017-08-17 14:37:26',2),(3381,2,289,'2017-08-17 14:37:35',2),(3382,2,294,'2017-08-17 14:37:40',2),(3383,1,299,'2017-08-17 14:37:56',2),(3384,1,304,'2017-08-17 14:38:02',2),(3385,1,309,'2017-08-17 14:39:10',2),(3386,1,314,'2017-08-17 14:48:59',2),(3387,2,319,'2017-08-17 14:49:18',2),(3388,1,324,'2017-08-17 15:40:28',2),(3389,2,329,'2017-08-17 15:40:41',2),(3390,1,334,'2017-08-17 15:40:59',2),(3391,1,339,'2017-08-17 15:41:22',2),(3392,1,148,'2017-08-17 15:43:53',2),(3393,2,207,'2017-08-17 15:43:58',2),(3394,1,214,'2017-08-17 15:44:06',2),(3395,1,219,'2017-08-17 15:45:46',2),(3396,2,224,'2017-08-17 15:45:49',2),(3397,1,229,'2017-08-17 15:45:55',2),(3398,2,234,'2017-08-17 15:47:16',2),(3399,1,239,'2017-08-17 15:47:30',2),(3400,1,244,'2017-08-17 15:47:36',2),(3401,2,249,'2017-08-17 15:49:12',2),(3402,2,254,'2017-08-17 15:49:22',2),(3403,2,259,'2017-08-17 15:49:59',2),(3404,2,264,'2017-08-17 15:50:11',2),(3405,2,269,'2017-08-17 15:50:40',2),(3406,2,274,'2017-08-17 15:50:56',2),(3407,2,279,'2017-08-17 15:51:36',2),(3408,1,284,'2017-08-17 15:52:27',2),(3409,1,289,'2017-08-17 15:52:34',2),(3410,2,294,'2017-08-17 15:52:44',2),(3411,1,299,'2017-08-17 15:52:59',2),(3412,1,304,'2017-08-17 15:53:03',2),(3413,2,309,'2017-08-17 15:55:57',2),(3414,1,314,'2017-08-17 15:56:15',2),(3415,1,319,'2017-08-17 15:56:21',2),(3416,2,324,'2017-08-17 15:56:44',2),(3417,2,329,'2017-08-17 15:56:51',2),(3418,1,334,'2017-08-17 15:57:04',2),(3419,1,339,'2017-08-17 15:57:11',2),(3420,1,344,'2017-08-17 15:57:32',2),(3421,1,349,'2017-08-17 15:57:39',2),(3422,2,354,'2017-08-17 16:01:24',2),(3423,1,359,'2017-08-17 16:01:26',2),(3424,1,364,'2017-08-17 16:01:32',2),(3425,1,369,'2017-08-17 16:01:53',2),(3426,1,374,'2017-08-17 16:01:58',2),(3427,2,379,'2017-08-17 16:05:43',2),(3428,1,384,'2017-08-17 16:05:46',2),(3429,1,389,'2017-08-17 16:05:59',2),(3430,1,394,'2017-08-17 16:06:05',2),(3431,2,399,'2017-08-17 16:07:17',2),(3432,1,404,'2017-08-17 16:07:21',2),(3433,1,409,'2017-08-17 16:07:27',2),(3434,1,414,'2017-08-17 16:07:47',2),(3435,1,419,'2017-08-17 16:07:52',2),(3436,2,424,'2017-08-17 16:12:02',2),(3437,1,429,'2017-08-17 16:12:05',2),(3438,1,434,'2017-08-17 16:12:12',2),(3439,2,439,'2017-08-17 16:48:40',2),(3440,1,444,'2017-08-17 16:48:57',2),(3441,2,449,'2017-08-17 16:49:07',2),(3442,1,454,'2017-08-17 17:03:33',2),(3443,2,459,'2017-08-17 17:03:38',2),(3444,1,464,'2017-08-17 17:04:30',2),(3445,1,469,'2017-08-17 17:04:37',2),(3446,2,474,'2017-08-17 17:05:55',2),(3447,1,479,'2017-08-17 17:06:11',2),(3448,2,484,'2017-08-17 17:06:14',2),(3449,1,489,'2017-08-17 17:06:20',2),(3450,2,494,'2017-08-17 17:06:34',2),(3451,2,499,'2017-08-17 17:07:00',2),(3452,1,504,'2017-08-17 17:07:27',2),(3453,1,509,'2017-08-17 17:07:33',2),(3454,2,514,'2017-08-17 17:09:37',2),(3455,1,519,'2017-08-17 17:09:39',2),(3456,1,524,'2017-08-17 17:09:56',2),(3457,1,529,'2017-08-17 17:10:02',2),(3458,2,534,'2017-08-17 17:10:34',2),(3459,1,539,'2017-08-17 17:10:38',2),(3460,1,544,'2017-08-17 17:10:45',2),(3461,1,549,'2017-08-17 17:11:50',2),(3462,1,554,'2017-08-17 17:11:55',2),(3463,1,559,'2017-08-17 17:19:33',2),(3464,1,564,'2017-08-17 17:19:42',2),(3465,1,569,'2017-08-17 17:19:46',2),(3466,1,574,'2017-08-17 17:20:24',2),(3467,1,579,'2017-08-17 18:30:26',2),(3468,1,584,'2017-08-17 18:30:30',2),(3469,1,589,'2017-08-17 18:31:01',2),(3470,1,594,'2017-08-17 18:31:28',2),(3471,1,599,'2017-08-17 18:41:03',2),(3472,1,604,'2017-08-17 18:41:23',2),(3473,1,609,'2017-08-17 18:41:50',2),(3474,1,614,'2017-08-17 18:42:08',2),(3475,1,619,'2017-08-17 18:46:49',2),(3476,1,624,'2017-08-17 18:47:31',2),(3477,1,629,'2017-08-17 18:50:05',2),(3478,1,634,'2017-08-17 18:50:56',2),(3479,1,639,'2017-08-17 18:51:42',2),(3480,1,644,'2017-08-17 18:54:17',2),(3481,1,649,'2017-08-17 18:54:49',2),(3482,1,654,'2017-08-17 19:01:04',2),(3483,1,659,'2017-08-17 19:10:44',2),(3484,1,664,'2017-08-17 19:14:43',2),(3485,1,669,'2017-08-17 19:15:19',2),(3486,1,674,'2017-08-17 19:15:39',2),(3487,1,679,'2017-08-17 19:16:21',2),(3488,1,684,'2017-08-17 19:31:26',2),(3489,1,689,'2017-08-17 19:31:56',2),(3490,1,694,'2017-08-17 19:32:25',2),(3491,1,699,'2017-08-17 19:32:59',2),(3492,1,704,'2017-08-17 19:34:29',2),(3493,1,709,'2017-08-17 19:35:38',2),(3494,1,714,'2017-08-17 19:36:24',2),(3495,1,719,'2017-08-17 19:42:46',2),(3496,1,724,'2017-08-17 19:50:06',2),(3497,1,729,'2017-08-17 19:55:18',2),(3498,1,734,'2017-08-17 19:57:13',2),(3499,1,739,'2017-08-17 19:58:03',2),(3500,1,744,'2017-08-17 19:58:28',2),(3501,1,749,'2017-08-17 20:00:44',2),(3502,1,754,'2017-08-17 20:00:50',2),(3503,1,759,'2017-08-17 20:01:34',2),(3504,1,764,'2017-08-17 20:01:53',2),(3505,1,769,'2017-08-17 20:02:53',2),(3506,1,774,'2017-08-17 20:02:59',2),(3507,1,779,'2017-08-17 20:03:03',2),(3508,1,784,'2017-08-17 20:03:50',2),(3509,1,789,'2017-08-17 20:03:55',2),(3510,1,794,'2017-08-17 20:04:07',2),(3511,1,799,'2017-08-17 20:04:23',2),(3512,1,804,'2017-08-17 20:04:43',2),(3513,1,809,'2017-08-17 20:04:49',2),(3514,1,814,'2017-08-17 20:05:51',2),(3515,1,819,'2017-08-17 20:18:07',2),(3516,1,824,'2017-08-17 20:18:22',2),(3517,1,829,'2017-08-17 20:18:29',2),(3518,1,834,'2017-08-17 20:19:20',2),(3519,1,839,'2017-08-17 20:19:34',2),(3520,1,844,'2017-08-17 20:20:24',2),(3521,1,849,'2017-08-17 20:20:46',2),(3522,1,854,'2017-08-17 20:23:27',2),(3523,1,859,'2017-08-17 20:25:34',2),(3524,1,864,'2017-08-17 20:26:29',2),(3525,1,869,'2017-08-17 20:40:45',2),(3526,1,874,'2017-08-17 20:40:55',2),(3527,1,879,'2017-08-17 20:48:36',2),(3528,1,884,'2017-08-17 20:49:08',2),(3529,1,889,'2017-08-17 20:49:43',2),(3530,1,894,'2017-08-17 20:50:04',2),(3531,2,899,'2017-08-17 20:55:03',2),(3532,1,904,'2017-08-17 20:55:07',2),(3533,1,909,'2017-08-17 20:55:18',2),(3534,1,914,'2017-08-17 20:55:51',2),(3535,1,921,'2017-08-17 20:56:25',2),(3536,1,926,'2017-08-17 20:56:33',2),(3537,2,931,'2017-08-17 20:57:05',2),(3538,2,936,'2017-08-17 20:57:08',2),(3539,1,941,'2017-08-17 20:57:38',2),(3540,1,946,'2017-08-17 20:57:45',2),(3541,2,951,'2017-08-17 20:57:56',2),(3542,2,956,'2017-08-17 20:58:07',2),(3543,1,961,'2017-08-17 20:58:48',2),(3544,1,966,'2017-08-17 20:58:55',2),(3545,2,971,'2017-08-17 20:59:12',2),(3546,1,976,'2017-08-17 21:12:56',2),(3547,1,981,'2017-08-17 21:13:09',2),(3548,1,986,'2017-08-17 21:14:03',2),(3549,1,991,'2017-08-17 21:14:06',2),(3550,1,996,'2017-08-17 21:14:45',2),(3551,1,1001,'2017-08-17 21:19:37',2),(3552,2,148,'2017-08-18 13:46:10',2),(3553,1,207,'2017-08-18 13:46:13',2),(3554,1,212,'2017-08-18 13:46:21',2),(3555,2,217,'2017-08-18 13:46:54',2),(3556,1,222,'2017-08-18 13:48:10',2),(3557,2,227,'2017-08-18 13:48:33',2),(3558,2,234,'2017-08-18 13:50:59',2),(3559,2,239,'2017-08-18 13:52:17',2),(3560,1,244,'2017-08-18 13:52:30',2),(3561,2,249,'2017-08-18 13:52:32',2),(3562,1,254,'2017-08-18 13:52:50',2),(3563,1,259,'2017-08-18 13:59:09',2),(3564,1,264,'2017-08-18 13:59:15',2),(3565,2,269,'2017-08-18 13:59:31',2),(3566,2,274,'2017-08-18 14:00:41',2),(3567,1,279,'2017-08-18 14:00:55',2),(3568,1,284,'2017-08-18 14:00:59',2),(3569,1,289,'2017-08-18 14:01:03',2),(3570,1,294,'2017-08-18 14:01:06',2),(3571,2,299,'2017-08-18 14:01:43',2),(3572,1,304,'2017-08-18 14:02:00',2),(3573,1,309,'2017-08-18 14:02:05',2),(3574,2,314,'2017-08-18 14:03:01',2),(3575,1,319,'2017-08-18 14:03:16',2),(3576,1,324,'2017-08-18 14:03:21',2),(3577,2,329,'2017-08-18 14:03:32',2),(3578,2,334,'2017-08-18 14:04:18',2),(3579,2,339,'2017-08-18 14:04:27',2),(3580,1,344,'2017-08-18 14:04:46',2),(3581,1,349,'2017-08-18 14:04:51',2),(3582,2,354,'2017-08-18 14:08:09',2),(3583,2,359,'2017-08-18 14:08:23',2),(3584,2,364,'2017-08-18 14:08:25',2),(3585,2,369,'2017-08-18 14:08:30',2),(3586,1,374,'2017-08-18 14:08:45',2),(3587,1,379,'2017-08-18 14:08:49',2),(3588,2,384,'2017-08-18 14:10:24',2),(3589,2,389,'2017-08-18 14:10:27',2),(3590,2,394,'2017-08-18 14:10:34',2),(3591,2,399,'2017-08-18 14:10:39',2),(3592,1,404,'2017-08-18 14:10:51',2),(3593,1,409,'2017-08-18 14:10:55',2),(3594,2,414,'2017-08-18 14:13:21',2),(3595,2,419,'2017-08-18 14:13:50',2),(3596,1,424,'2017-08-18 14:13:51',2),(3597,1,429,'2017-08-18 14:13:55',2),(3598,2,434,'2017-08-18 14:14:10',2),(3599,2,439,'2017-08-18 14:14:15',2),(3600,2,444,'2017-08-18 14:14:19',2),(3601,1,449,'2017-08-18 14:14:32',2),(3602,1,454,'2017-08-18 14:14:37',2),(3603,2,459,'2017-08-18 14:48:57',2),(3604,1,464,'2017-08-18 14:49:12',2),(3605,1,469,'2017-08-18 14:49:18',2),(3606,2,474,'2017-08-18 14:49:31',2),(3607,2,479,'2017-08-18 14:50:48',2),(3608,2,484,'2017-08-18 14:53:10',2),(3609,2,489,'2017-08-18 14:54:00',2),(3610,2,494,'2017-08-18 14:54:03',2),(3611,2,499,'2017-08-18 14:54:05',2),(3612,2,504,'2017-08-18 14:54:42',2),(3613,1,509,'2017-08-18 14:55:46',2),(3614,2,514,'2017-08-18 15:12:02',2),(3615,1,519,'2017-08-18 15:12:06',2),(3616,1,524,'2017-08-18 15:12:15',2),(3617,2,529,'2017-08-18 15:13:06',2),(3618,2,534,'2017-08-18 15:13:45',2),(3619,1,539,'2017-08-18 15:13:47',2),(3620,2,544,'2017-08-18 15:14:44',2),(3621,2,549,'2017-08-18 15:15:06',2),(3622,2,554,'2017-08-18 15:15:09',2),(3623,2,559,'2017-08-18 15:15:12',2),(3624,2,564,'2017-08-18 15:15:15',2),(3625,1,569,'2017-08-18 15:15:40',2),(3626,1,574,'2017-08-18 15:15:44',2),(3627,1,579,'2017-08-18 15:16:20',2),(3628,1,584,'2017-08-18 15:16:26',2),(3629,2,589,'2017-08-18 15:16:39',2),(3630,2,594,'2017-08-18 15:16:41',2),(3631,2,599,'2017-08-18 15:16:45',2),(3632,2,604,'2017-08-18 15:16:47',2),(3633,1,609,'2017-08-18 15:17:03',2),(3634,1,614,'2017-08-18 15:17:08',2),(3635,1,619,'2017-08-18 17:45:12',2),(3636,1,115,'2017-09-02 14:37:17',2),(3637,2,189,'2017-09-02 14:37:28',2),(3638,1,194,'2017-09-02 14:37:43',2),(3639,1,199,'2017-09-02 14:37:45',2),(3640,1,220,'2017-09-02 14:37:49',2),(3641,2,225,'2017-09-02 14:37:55',2),(3642,2,230,'2017-09-02 14:38:06',2),(3643,1,235,'2017-09-02 14:38:13',2),(3644,1,240,'2017-09-02 15:20:48',2),(3645,1,245,'2017-09-02 15:20:56',2),(3646,1,250,'2017-09-02 15:21:44',2),(3647,1,255,'2017-09-02 15:21:52',2),(3648,1,260,'2017-09-02 15:21:52',2),(3649,1,265,'2017-09-02 15:22:54',2),(3650,1,270,'2017-09-02 15:23:55',2),(3651,1,275,'2017-09-02 15:24:19',2),(3652,1,280,'2017-09-02 15:24:34',2),(3653,1,285,'2017-09-02 15:24:49',2),(3654,1,290,'2017-09-02 15:31:17',2),(3655,1,295,'2017-09-02 15:31:47',2),(3656,1,300,'2017-09-02 15:32:08',2),(3657,1,305,'2017-09-02 15:32:29',2),(3658,1,310,'2017-09-02 15:42:32',2),(3659,1,315,'2017-09-02 15:43:01',2),(3660,1,320,'2017-09-02 15:45:42',2),(3661,1,325,'2017-09-02 15:45:45',2),(3662,2,330,'2017-09-02 15:45:58',2),(3663,2,335,'2017-09-02 15:46:03',2),(3664,2,340,'2017-09-02 15:46:06',2),(3665,1,345,'2017-09-02 15:46:12',2),(3666,1,350,'2017-09-02 15:46:13',2),(3667,1,355,'2017-09-02 15:46:19',2),(3668,1,115,'2017-09-22 14:35:34',2),(3669,1,189,'2017-09-22 14:36:09',2),(3670,1,194,'2017-09-22 14:38:33',2),(3671,1,199,'2017-09-22 14:39:20',2),(3672,1,204,'2017-09-22 14:40:16',2),(3673,1,209,'2017-09-22 14:41:27',2),(3674,1,214,'2017-09-22 14:42:49',2),(3675,1,219,'2017-09-22 14:58:24',2),(3676,1,224,'2017-09-22 14:58:57',2),(3677,1,229,'2017-09-22 15:01:44',2),(3678,1,234,'2017-09-22 15:02:33',2),(3679,1,239,'2017-09-22 15:04:57',2),(3680,1,244,'2017-09-22 15:06:54',2),(3681,1,249,'2017-09-22 15:07:35',2),(3682,1,254,'2017-09-22 15:08:55',2),(3683,1,259,'2017-09-22 15:09:26',2),(3684,1,264,'2017-09-22 15:09:53',2),(3685,1,269,'2017-09-22 16:24:33',2),(3686,1,274,'2017-09-22 16:24:44',2),(3687,1,279,'2017-09-22 16:26:18',2),(3688,1,284,'2017-09-22 16:28:16',2),(3689,1,289,'2017-09-22 16:29:38',2),(3690,1,294,'2017-09-22 16:31:03',2),(3691,1,299,'2017-09-22 16:32:32',2),(3692,1,304,'2017-09-22 16:32:41',2),(3693,1,309,'2017-09-22 16:38:29',2),(3694,1,314,'2017-09-22 16:38:46',2),(3695,1,319,'2017-09-22 16:41:00',2),(3696,1,324,'2017-09-22 16:44:20',2),(3697,1,329,'2017-09-22 16:48:17',2),(3698,1,334,'2017-09-22 16:50:54',2),(3699,1,339,'2017-09-22 17:56:57',2),(3700,1,344,'2017-09-22 17:57:03',2),(3701,1,349,'2017-09-22 17:57:32',2),(3702,1,115,'2017-11-10 16:37:08',2),(3703,1,189,'2017-11-10 16:37:14',2),(3704,1,210,'2017-11-10 16:37:24',2),(3705,2,215,'2017-11-10 16:37:28',2),(3706,1,220,'2017-11-10 16:37:31',2),(3707,1,225,'2017-11-10 16:37:38',2),(3708,1,230,'2017-11-10 16:37:45',2),(3709,2,235,'2017-11-10 16:58:44',2),(3710,2,240,'2017-11-10 16:58:49',2),(3711,2,245,'2017-11-10 16:58:55',2),(3712,1,250,'2017-11-10 16:59:27',2),(3713,2,255,'2017-11-10 16:59:56',2),(3714,1,260,'2017-11-10 17:00:03',2),(3715,1,265,'2017-11-10 17:00:11',2),(3716,2,270,'2017-11-10 17:00:37',2),(3717,2,275,'2017-11-10 17:00:40',2),(3718,2,280,'2017-11-10 17:00:48',2),(3719,1,285,'2017-11-10 17:12:29',2),(3720,2,290,'2017-11-10 17:12:50',2),(3721,2,300,'2017-11-10 17:12:58',2),(3722,1,305,'2017-11-10 17:13:04',2),(3723,2,310,'2017-11-10 17:13:25',2),(3724,1,315,'2017-11-10 17:13:34',2);
/*!40000 ALTER TABLE `ll_ws_session` ENABLE KEYS */;
UNLOCK TABLES;

--
-- Dumping routines for database 'lead_lance'
--
/*!40103 SET TIME_ZONE=@OLD_TIME_ZONE */;

/*!40101 SET SQL_MODE=@OLD_SQL_MODE */;
/*!40014 SET FOREIGN_KEY_CHECKS=@OLD_FOREIGN_KEY_CHECKS */;
/*!40014 SET UNIQUE_CHECKS=@OLD_UNIQUE_CHECKS */;
/*!40101 SET CHARACTER_SET_CLIENT=@OLD_CHARACTER_SET_CLIENT */;
/*!40101 SET CHARACTER_SET_RESULTS=@OLD_CHARACTER_SET_RESULTS */;
/*!40101 SET COLLATION_CONNECTION=@OLD_COLLATION_CONNECTION */;
/*!40111 SET SQL_NOTES=@OLD_SQL_NOTES */;

-- Dump completed on 2019-05-05  7:38:32
